#BB (BPM TBL-TE) acoustic spectrum: f [Hz]    Spp [Pa^2/Hz]
2.0000000000e+00    1.0355901639e-17
4.0000000000e+00    5.1779508194e-18
6.0000000000e+00    3.4519672129e-18
8.0000000000e+00    2.5889754097e-18
1.0000000000e+01    2.0935792242e-18
1.2000000000e+01    7.2093541701e-18
1.4000000000e+01    2.2733915242e-16
1.6000000000e+01    3.8838709402e-15
1.8000000000e+01    3.6609961136e-14
2.0000000000e+01    2.2361189209e-13
2.2000000000e+01    9.8775834428e-13
2.4000000000e+01    3.4042438702e-12
2.6000000000e+01    9.6624144665e-12
2.8000000000e+01    2.3498257676e-11
3.0000000000e+01    5.0436950463e-11
3.2000000000e+01    9.7738534304e-11
3.4000000000e+01    1.7403477226e-10
3.6000000000e+01    2.8873183876e-10
3.8000000000e+01    4.5130076633e-10
4.0000000000e+01    6.7058100993e-10
4.2000000000e+01    9.5419494495e-10
4.4000000000e+01    1.3081303647e-09
4.6000000000e+01    1.7365084948e-09
4.8000000000e+01    2.2415248235e-09
5.0000000000e+01    2.8235316348e-09
5.2000000000e+01    3.4812233823e-09
5.4000000000e+01    4.2118861469e-09
5.6000000000e+01    5.0116773485e-09
5.8000000000e+01    5.8759090681e-09
6.0000000000e+01    6.7993159876e-09
6.2000000000e+01    7.7762959926e-09
6.4000000000e+01    8.8011173960e-09
6.6000000000e+01    9.8680913757e-09
6.8000000000e+01    1.0971711617e-08
7.0000000000e+01    1.2106765403e-08
7.2000000000e+01    1.3268421588e-08
7.4000000000e+01    1.4452301110e-08
7.6000000000e+01    1.5654535067e-08
7.8000000000e+01    1.6871814044e-08
8.0000000000e+01    1.8101430688e-08
8.2000000000e+01    1.9341315713e-08
8.4000000000e+01    2.0590065993e-08
8.6000000000e+01    2.1846962406e-08
8.8000000000e+01    2.3111974785e-08
9.0000000000e+01    2.4385751671e-08
9.2000000000e+01    2.5669593544e-08
9.4000000000e+01    2.6965409424e-08
9.6000000000e+01    2.8275658164e-08
9.8000000000e+01    2.9603276953e-08
1.0000000000e+02    3.0951600545e-08
1.0200000000e+02    3.2324059944e-08
1.0400000000e+02    3.3725132391e-08
1.0600000000e+02    3.5158676905e-08
1.0800000000e+02    3.6628743259e-08
1.1000000000e+02    3.8139373654e-08
1.1200000000e+02    3.9694544932e-08
1.1400000000e+02    4.1298122733e-08
1.1600000000e+02    4.2953828023e-08
1.1800000000e+02    4.4665215766e-08
1.2000000000e+02    4.6436079802e-08
1.2200000000e+02    4.8269942927e-08
1.2400000000e+02    5.0167454135e-08
1.2600000000e+02    5.2132017742e-08
1.2800000000e+02    5.4165419249e-08
1.3000000000e+02    5.6269114933e-08
1.3200000000e+02    5.8444662856e-08
1.3400000000e+02    6.0681296371e-08
1.3600000000e+02    6.2950783970e-08
1.3800000000e+02    6.5249929965e-08
1.4000000000e+02    6.7583844532e-08
1.4200000000e+02    6.9957275480e-08
1.4400000000e+02    7.2374759552e-08
1.4600000000e+02    7.4840742338e-08
1.4800000000e+02    7.7359133618e-08
1.5000000000e+02    7.9935550536e-08
1.5200000000e+02    8.2574153126e-08
1.5400000000e+02    8.5279853088e-08
1.5600000000e+02    8.8055461890e-08
1.5800000000e+02    9.0910538534e-08
1.6000000000e+02    9.3839122210e-08
1.6200000000e+02    9.6841742252e-08
1.6400000000e+02    9.9926681855e-08
1.6600000000e+02    1.0310029699e-07
1.6800000000e+02    1.0635997078e-07
1.7000000000e+02    1.0961085085e-07
1.7200000000e+02    1.1285882967e-07
1.7400000000e+02    1.1613172733e-07
1.7600000000e+02    1.1944469036e-07
1.7800000000e+02    1.2274904268e-07
1.8000000000e+02    1.2573252032e-07
1.8200000000e+02    1.2847026475e-07
1.8400000000e+02    1.3103488084e-07
1.8600000000e+02    1.3346685678e-07
1.8800000000e+02    1.3579195846e-07
1.9000000000e+02    1.3803530158e-07
1.9200000000e+02    1.4016706436e-07
1.9400000000e+02    1.4218796080e-07
1.9600000000e+02    1.4412046736e-07
1.9800000000e+02    1.4597149709e-07
2.0000000000e+02    1.4775108374e-07
2.0200000000e+02    1.4946801482e-07
2.0400000000e+02    1.5112166970e-07
2.0600000000e+02    1.5272004421e-07
2.0800000000e+02    1.5427072817e-07
2.1000000000e+02    1.5578095230e-07
2.1200000000e+02    1.5725766727e-07
2.1400000000e+02    1.5870561764e-07
2.1600000000e+02    1.6013495147e-07
2.1800000000e+02    1.6154896166e-07
2.2000000000e+02    1.6295269830e-07
2.2200000000e+02    1.6428784888e-07
2.2400000000e+02    1.6539357589e-07
2.2600000000e+02    1.6632860005e-07
2.2800000000e+02    1.6713181408e-07
2.3000000000e+02    1.6782623276e-07
2.3200000000e+02    1.6842738991e-07
2.3400000000e+02    1.6894662456e-07
2.3600000000e+02    1.6939269620e-07
2.3800000000e+02    1.6976978202e-07
2.4000000000e+02    1.7004361513e-07
2.4200000000e+02    1.7022963426e-07
2.4400000000e+02    1.7033469575e-07
2.4600000000e+02    1.7036231217e-07
2.4800000000e+02    1.7031537081e-07
2.5000000000e+02    1.7019858609e-07
2.5200000000e+02    1.7001670792e-07
2.5400000000e+02    1.6977410481e-07
2.5600000000e+02    1.6947481920e-07
2.5800000000e+02    1.6912261086e-07
2.6000000000e+02    1.6872099131e-07
2.6200000000e+02    1.6827325148e-07
2.6400000000e+02    1.6778248405e-07
2.6600000000e+02    1.6725160158e-07
2.6800000000e+02    1.6668335128e-07
2.7000000000e+02    1.6608032683e-07
2.7200000000e+02    1.6544144073e-07
2.7400000000e+02    1.6477607445e-07
2.7600000000e+02    1.6408287270e-07
2.7800000000e+02    1.6336386299e-07
2.8000000000e+02    1.6262094268e-07
2.8200000000e+02    1.6185587715e-07
2.8400000000e+02    1.6107006451e-07
2.8600000000e+02    1.6026603579e-07
2.8800000000e+02    1.5944734174e-07
2.9000000000e+02    1.5861753972e-07
2.9200000000e+02    1.5777362377e-07
2.9400000000e+02    1.5691589051e-07
2.9600000000e+02    1.5604475019e-07
2.9800000000e+02    1.5516021662e-07
3.0000000000e+02    1.5426059479e-07
3.0200000000e+02    1.5334492963e-07
3.0400000000e+02    1.5242616315e-07
3.0600000000e+02    1.5150363385e-07
3.0800000000e+02    1.5059529376e-07
3.1000000000e+02    1.4967960145e-07
3.1200000000e+02    1.4870413688e-07
3.1400000000e+02    1.4768234701e-07
3.1600000000e+02    1.4662131284e-07
3.1800000000e+02    1.4552174037e-07
3.2000000000e+02    1.4438045388e-07
3.2200000000e+02    1.4318737757e-07
3.2400000000e+02    1.4196735307e-07
3.2600000000e+02    1.4077439974e-07
3.2800000000e+02    1.3960612535e-07
3.3000000000e+02    1.3846169289e-07
3.3200000000e+02    1.3734308380e-07
3.3400000000e+02    1.3622860899e-07
3.3600000000e+02    1.3512114516e-07
3.3800000000e+02    1.3402217937e-07
3.4000000000e+02    1.3293095098e-07
3.4200000000e+02    1.3184821427e-07
3.4400000000e+02    1.3077456851e-07
3.4600000000e+02    1.2971005789e-07
3.4800000000e+02    1.2865438637e-07
3.5000000000e+02    1.2760659811e-07
3.5200000000e+02    1.2656643433e-07
3.5400000000e+02    1.2553342284e-07
3.5600000000e+02    1.2450710508e-07
3.5800000000e+02    1.2348703378e-07
3.6000000000e+02    1.2247276996e-07
3.6200000000e+02    1.2146387929e-07
3.6400000000e+02    1.2045992792e-07
3.6600000000e+02    1.1945993368e-07
3.6800000000e+02    1.1846701648e-07
3.7000000000e+02    1.1747752064e-07
3.7200000000e+02    1.1649207726e-07
3.7400000000e+02    1.1550910958e-07
3.7600000000e+02    1.1452512988e-07
3.7800000000e+02    1.1355673490e-07
3.8000000000e+02    1.1259848983e-07
3.8200000000e+02    1.1164960439e-07
3.8400000000e+02    1.1070921568e-07
3.8600000000e+02    1.0977636076e-07
3.8800000000e+02    1.0884993831e-07
3.9000000000e+02    1.0792865364e-07
3.9200000000e+02    1.0701093687e-07
3.9400000000e+02    1.0609481596e-07
3.9600000000e+02    1.0517770981e-07
3.9800000000e+02    1.0425606928e-07
4.0000000000e+02    1.0332274056e-07
4.0200000000e+02    1.0237330925e-07
4.0400000000e+02    1.0143778863e-07
4.0600000000e+02    1.0052875956e-07
4.0800000000e+02    9.9645215320e-08
4.1000000000e+02    9.8786200926e-08
4.1200000000e+02    9.7950810378e-08
4.1400000000e+02    9.7138184044e-08
4.1600000000e+02    9.6348532739e-08
4.1800000000e+02    9.5579006742e-08
4.2000000000e+02    9.4829835304e-08
4.2200000000e+02    9.4100266663e-08
4.2400000000e+02    9.3389593574e-08
4.2600000000e+02    9.2697150470e-08
4.2800000000e+02    9.2022310809e-08
4.3000000000e+02    9.1364484616e-08
4.3200000000e+02    9.0723116179e-08
4.3400000000e+02    9.0097987284e-08
4.3600000000e+02    8.9488839520e-08
4.3800000000e+02    8.8895841310e-08
4.4000000000e+02    8.8319017917e-08
4.4200000000e+02    8.7755538312e-08
4.4400000000e+02    8.7206420272e-08
4.4600000000e+02    8.6670705528e-08
4.4800000000e+02    8.6148057455e-08
4.5000000000e+02    8.5638029131e-08
4.5200000000e+02    8.5140324122e-08
4.5400000000e+02    8.4654619871e-08
4.5600000000e+02    8.4180610278e-08
4.5800000000e+02    8.3712454154e-08
4.6000000000e+02    8.3238498651e-08
4.6200000000e+02    8.2763807664e-08
4.6400000000e+02    8.2289887370e-08
4.6600000000e+02    8.1817720288e-08
4.6800000000e+02    8.1347965772e-08
4.7000000000e+02    8.0881072698e-08
4.7200000000e+02    8.0417347105e-08
4.7400000000e+02    7.9956994918e-08
4.7600000000e+02    7.9499810776e-08
4.7800000000e+02    7.9046541458e-08
4.8000000000e+02    7.8596895038e-08
4.8200000000e+02    7.8150880397e-08
4.8400000000e+02    7.7708483604e-08
4.8600000000e+02    7.7269673020e-08
4.8800000000e+02    7.6834403111e-08
4.9000000000e+02    7.6405091696e-08
4.9200000000e+02    7.5972743576e-08
4.9400000000e+02    7.5540534241e-08
4.9600000000e+02    7.5108513728e-08
4.9800000000e+02    7.4676717234e-08
5.0000000000e+02    7.4245167021e-08
5.0200000000e+02    7.3813873899e-08
5.0400000000e+02    7.3382838363e-08
5.0600000000e+02    7.2952051429e-08
5.0800000000e+02    7.2521495236e-08
5.1000000000e+02    7.2091143411e-08
5.1200000000e+02    7.1660961246e-08
5.1400000000e+02    7.1230905683e-08
5.1600000000e+02    7.0800925116e-08
5.1800000000e+02    7.0370959002e-08
5.2000000000e+02    6.9940937283e-08
5.2200000000e+02    6.9510779583e-08
5.2400000000e+02    6.9080394166e-08
5.2600000000e+02    6.8647521791e-08
5.2800000000e+02    6.8221412824e-08
5.3000000000e+02    6.7799064962e-08
5.3200000000e+02    6.7380107810e-08
5.3400000000e+02    6.6964366946e-08
5.3600000000e+02    6.6551655286e-08
5.3800000000e+02    6.6141770300e-08
5.4000000000e+02    6.5734490448e-08
5.4200000000e+02    6.5329570542e-08
5.4400000000e+02    6.4926735673e-08
5.4600000000e+02    6.4525673079e-08
5.4800000000e+02    6.4126021092e-08
5.5000000000e+02    6.3727353766e-08
5.5200000000e+02    6.3329158939e-08
5.5400000000e+02    6.2930805965e-08
5.5600000000e+02    6.2531496527e-08
5.5800000000e+02    6.2130186232e-08
5.6000000000e+02    6.1725452669e-08
5.6200000000e+02    6.1314855080e-08
5.6400000000e+02    6.0909013446e-08
5.6600000000e+02    6.0511028119e-08
5.6800000000e+02    6.0120734944e-08
5.7000000000e+02    5.9737812955e-08
5.7200000000e+02    5.9362112392e-08
5.7400000000e+02    5.8993436243e-08
5.7600000000e+02    5.8631594049e-08
5.7800000000e+02    5.8276249993e-08
5.8000000000e+02    5.7927249371e-08
5.8200000000e+02    5.7584869316e-08
5.8400000000e+02    5.7247788988e-08
5.8600000000e+02    5.6916415724e-08
5.8800000000e+02    5.6590587569e-08
5.9000000000e+02    5.6270148781e-08
5.9200000000e+02    5.5954949569e-08
5.9400000000e+02    5.5644845840e-08
5.9600000000e+02    5.5339698959e-08
5.9800000000e+02    5.5039375519e-08
6.0000000000e+02    5.4743747122e-08
6.0200000000e+02    5.4452690170e-08
6.0400000000e+02    5.4166085660e-08
6.0600000000e+02    5.3883758464e-08
6.0800000000e+02    5.3605720146e-08
6.1000000000e+02    5.3331804930e-08
6.1200000000e+02    5.3061073740e-08
6.1400000000e+02    5.2795101049e-08
6.1600000000e+02    5.2532955770e-08
6.1800000000e+02    5.2274545658e-08
6.2000000000e+02    5.2019781721e-08
6.2200000000e+02    5.1768578091e-08
6.2400000000e+02    5.1520851887e-08
6.2600000000e+02    5.1276740618e-08
6.2800000000e+02    5.1036089997e-08
6.3000000000e+02    5.0799025893e-08
6.3200000000e+02    5.0565471239e-08
6.3400000000e+02    5.0335351675e-08
6.3600000000e+02    5.0108595446e-08
6.3800000000e+02    4.9885133308e-08
6.4000000000e+02    4.9664898431e-08
6.4200000000e+02    4.9449302382e-08
6.4400000000e+02    4.9235312757e-08
6.4600000000e+02    4.9024360339e-08
6.4800000000e+02    4.8816386695e-08
6.5000000000e+02    4.8611335445e-08
6.5200000000e+02    4.8409152191e-08
6.5400000000e+02    4.8209784441e-08
6.5600000000e+02    4.8013181536e-08
6.5800000000e+02    4.7819294589e-08
6.6000000000e+02    4.7628076413e-08
6.6200000000e+02    4.7439481464e-08
6.6400000000e+02    4.7253465776e-08
6.6600000000e+02    4.7069986909e-08
6.6800000000e+02    4.6889003890e-08
6.7000000000e+02    4.6710477161e-08
6.7200000000e+02    4.6534368528e-08
6.7400000000e+02    4.6360476821e-08
6.7600000000e+02    4.6189095163e-08
6.7800000000e+02    4.6020020448e-08
6.8000000000e+02    4.5853216516e-08
6.8200000000e+02    4.5688648257e-08
6.8400000000e+02    4.5526605803e-08
6.8600000000e+02    4.5366071662e-08
6.8800000000e+02    4.5207622286e-08
6.9000000000e+02    4.5051026807e-08
6.9200000000e+02    4.4896257202e-08
6.9400000000e+02    4.4743286271e-08
6.9600000000e+02    4.4592087609e-08
6.9800000000e+02    4.4441912113e-08
7.0000000000e+02    4.4290955904e-08
7.0200000000e+02    4.4139743092e-08
7.0400000000e+02    4.3988496280e-08
7.0600000000e+02    4.3837378965e-08
7.0800000000e+02    4.3686513831e-08
7.1000000000e+02    4.3535994398e-08
7.1200000000e+02    4.3385892746e-08
7.1400000000e+02    4.3236264820e-08
7.1600000000e+02    4.3087154179e-08
7.1800000000e+02    4.2938594710e-08
7.2000000000e+02    4.2790612628e-08
7.2200000000e+02    4.2643227988e-08
7.2400000000e+02    4.2496552973e-08
7.2600000000e+02    4.2350402094e-08
7.2800000000e+02    4.2204882231e-08
7.3000000000e+02    4.2059997754e-08
7.3200000000e+02    4.1915750604e-08
7.3400000000e+02    4.1772140649e-08
7.3600000000e+02    4.1629165964e-08
7.3800000000e+02    4.1486823066e-08
7.4000000000e+02    4.1345107095e-08
7.4200000000e+02    4.1204011970e-08
7.4400000000e+02    4.1063530504e-08
7.4600000000e+02    4.0923654504e-08
7.4800000000e+02    4.0785431107e-08
7.5000000000e+02    4.0645857280e-08
7.5200000000e+02    4.0506284786e-08
7.5400000000e+02    4.0366717504e-08
7.5600000000e+02    4.0227157702e-08
7.5800000000e+02    4.0087606116e-08
7.6000000000e+02    3.9948062013e-08
7.6200000000e+02    3.9808523234e-08
7.6400000000e+02    3.9668986216e-08
7.6600000000e+02    3.9529446009e-08
7.6800000000e+02    3.9389896261e-08
7.7000000000e+02    3.9250329205e-08
7.7200000000e+02    3.9110735616e-08
7.7400000000e+02    3.8971104761e-08
7.7600000000e+02    3.8829620769e-08
7.7800000000e+02    3.8690986302e-08
7.8000000000e+02    3.8553136401e-08
7.8200000000e+02    3.8416053383e-08
7.8400000000e+02    3.8279718595e-08
7.8600000000e+02    3.8144112340e-08
7.8800000000e+02    3.8009213774e-08
7.9000000000e+02    3.7875000781e-08
7.9200000000e+02    3.7741449829e-08
7.9400000000e+02    3.7608464243e-08
7.9600000000e+02    3.7476086526e-08
7.9800000000e+02    3.7344207438e-08
8.0000000000e+02    3.7212503120e-08
8.0200000000e+02    3.7081662615e-08
8.0400000000e+02    3.6951391365e-08
8.0600000000e+02    3.6821646314e-08
8.0800000000e+02    3.6692379945e-08
8.1000000000e+02    3.6563539402e-08
8.1200000000e+02    3.6435065393e-08
8.1400000000e+02    3.6306890775e-08
8.1600000000e+02    3.6178938719e-08
8.1800000000e+02    3.6051120298e-08
8.2000000000e+02    3.5923375799e-08
8.2200000000e+02    3.5795490530e-08
8.2400000000e+02    3.5667359727e-08
8.2600000000e+02    3.5538798397e-08
8.2800000000e+02    3.5409573280e-08
8.3000000000e+02    3.5279013876e-08
8.3200000000e+02    3.5148937023e-08
8.3400000000e+02    3.5020966798e-08
8.3600000000e+02    3.4894666270e-08
8.3800000000e+02    3.4770006297e-08
8.4000000000e+02    3.4646958351e-08
8.4200000000e+02    3.4525453885e-08
8.4400000000e+02    3.4405547328e-08
8.4600000000e+02    3.4287171457e-08
8.4800000000e+02    3.4170300068e-08
8.5000000000e+02    3.4054907511e-08
8.5200000000e+02    3.3940968680e-08
8.5400000000e+02    3.3828458997e-08
8.5600000000e+02    3.3717354406e-08
8.5800000000e+02    3.3607631358e-08
8.6000000000e+02    3.3499514587e-08
8.6200000000e+02    3.3392485028e-08
8.6400000000e+02    3.3286766009e-08
8.6600000000e+02    3.3182334211e-08
8.6800000000e+02    3.3079166895e-08
8.7000000000e+02    3.2977241888e-08
8.7200000000e+02    3.2876537571e-08
8.7400000000e+02    3.2777032858e-08
8.7600000000e+02    3.2678707184e-08
8.7800000000e+02    3.2581540495e-08
8.8000000000e+02    3.2485513226e-08
8.8200000000e+02    3.2390606296e-08
8.8400000000e+02    3.2296801088e-08
8.8600000000e+02    3.2204079442e-08
8.8800000000e+02    3.2112423640e-08
8.9000000000e+02    3.2021816395e-08
8.9200000000e+02    3.1932240840e-08
8.9400000000e+02    3.1843680514e-08
8.9600000000e+02    3.1756119356e-08
8.9800000000e+02    3.1669541691e-08
9.0000000000e+02    3.1583932221e-08
9.0200000000e+02    3.1499276014e-08
9.0400000000e+02    3.1415558497e-08
9.0600000000e+02    3.1332765444e-08
9.0800000000e+02    3.1250882966e-08
9.1000000000e+02    3.1169897509e-08
9.1200000000e+02    3.1089795835e-08
9.1400000000e+02    3.1010565023e-08
9.1600000000e+02    3.0932125871e-08
9.1800000000e+02    3.0854599654e-08
9.2000000000e+02    3.0777906831e-08
9.2200000000e+02    3.0702035196e-08
9.2400000000e+02    3.0626972805e-08
9.2600000000e+02    3.0552707975e-08
9.2800000000e+02    3.0479229273e-08
9.3000000000e+02    3.0406525512e-08
9.3200000000e+02    3.0334585743e-08
9.3400000000e+02    3.0263399248e-08
9.3600000000e+02    3.0192955537e-08
9.3800000000e+02    3.0123244336e-08
9.4000000000e+02    3.0054255587e-08
9.4200000000e+02    2.9986185227e-08
9.4400000000e+02    2.9918493295e-08
9.4600000000e+02    2.9851399726e-08
9.4800000000e+02    2.9785880877e-08
9.5000000000e+02    2.9719572227e-08
9.5200000000e+02    2.9653426990e-08
9.5400000000e+02    2.9587491049e-08
9.5600000000e+02    2.9521799137e-08
9.5800000000e+02    2.9456377858e-08
9.6000000000e+02    2.9391247753e-08
9.6200000000e+02    2.9326424738e-08
9.6400000000e+02    2.9261921147e-08
9.6600000000e+02    2.9197746497e-08
9.6800000000e+02    2.9133908063e-08
9.7000000000e+02    2.9070411314e-08
9.7200000000e+02    2.9007260254e-08
9.7400000000e+02    2.8944457691e-08
9.7600000000e+02    2.8882005440e-08
9.7800000000e+02    2.8819904504e-08
9.8000000000e+02    2.8758155201e-08
9.8200000000e+02    2.8696757281e-08
9.8400000000e+02    2.8635710021e-08
9.8600000000e+02    2.8575012293e-08
9.8800000000e+02    2.8514662637e-08
9.9000000000e+02    2.8454659309e-08
9.9200000000e+02    2.8395000326e-08
9.9400000000e+02    2.8335683507e-08
9.9600000000e+02    2.8276706504e-08
9.9800000000e+02    2.8218066828e-08
1.0000000000e+03    2.8159761875e-08
1.0020000000e+03    2.8101788946e-08
1.0040000000e+03    2.8044145264e-08
1.0060000000e+03    2.7986882694e-08
1.0080000000e+03    2.7929888073e-08
1.0100000000e+03    2.7873214067e-08
1.0120000000e+03    2.7816857663e-08
1.0140000000e+03    2.7760815828e-08
1.0160000000e+03    2.7705708725e-08
1.0180000000e+03    2.7650147055e-08
1.0200000000e+03    2.7594740303e-08
1.0220000000e+03    2.7539488509e-08
1.0240000000e+03    2.7484391595e-08
1.0260000000e+03    2.7429449372e-08
1.0280000000e+03    2.7374661558e-08
1.0300000000e+03    2.7320027781e-08
1.0320000000e+03    2.7265547593e-08
1.0340000000e+03    2.7211220480e-08
1.0360000000e+03    2.7157045863e-08
1.0380000000e+03    2.7103023111e-08
1.0400000000e+03    2.7049042993e-08
1.0420000000e+03    2.6995320275e-08
1.0440000000e+03    2.6941746917e-08
1.0460000000e+03    2.6888290757e-08
1.0480000000e+03    2.6835013863e-08
1.0500000000e+03    2.6781883942e-08
1.0520000000e+03    2.6728900037e-08
1.0540000000e+03    2.6676061174e-08
1.0560000000e+03    2.6623366367e-08
1.0580000000e+03    2.6570814614e-08
1.0600000000e+03    2.6518404906e-08
1.0620000000e+03    2.6466136225e-08
1.0640000000e+03    2.6414007547e-08
1.0660000000e+03    2.6362017840e-08
1.0680000000e+03    2.6310166071e-08
1.0700000000e+03    2.6258451202e-08
1.0720000000e+03    2.6206872196e-08
1.0740000000e+03    2.6155428010e-08
1.0760000000e+03    2.6104117604e-08
1.0780000000e+03    2.6052939938e-08
1.0800000000e+03    2.6001893971e-08
1.0820000000e+03    2.5950978662e-08
1.0840000000e+03    2.5900192975e-08
1.0860000000e+03    2.5849535871e-08
1.0880000000e+03    2.5799006314e-08
1.0900000000e+03    2.5748603271e-08
1.0920000000e+03    2.5698325709e-08
1.0940000000e+03    2.5648172597e-08
1.0960000000e+03    2.5598142903e-08
1.0980000000e+03    2.5548235599e-08
1.1000000000e+03    2.5498449656e-08
1.1020000000e+03    2.5448745466e-08
1.1040000000e+03    2.5399178002e-08
1.1060000000e+03    2.5349704509e-08
1.1080000000e+03    2.5300324293e-08
1.1100000000e+03    2.5251036650e-08
1.1120000000e+03    2.5201840865e-08
1.1140000000e+03    2.5152736211e-08
1.1160000000e+03    2.5103721952e-08
1.1180000000e+03    2.5054797338e-08
1.1200000000e+03    2.5005961609e-08
1.1220000000e+03    2.4957213991e-08
1.1240000000e+03    2.4908553697e-08
1.1260000000e+03    2.4859979924e-08
1.1280000000e+03    2.4811491859e-08
1.1300000000e+03    2.4763088669e-08
1.1320000000e+03    2.4714769505e-08
1.1340000000e+03    2.4666533504e-08
1.1360000000e+03    2.4618379780e-08
1.1380000000e+03    2.4570307432e-08
1.1400000000e+03    2.4522315534e-08
1.1420000000e+03    2.4474403141e-08
1.1440000000e+03    2.4426569283e-08
1.1460000000e+03    2.4378812967e-08
1.1480000000e+03    2.4330950925e-08
1.1500000000e+03    2.4283346609e-08
1.1520000000e+03    2.4235816766e-08
1.1540000000e+03    2.4188360271e-08
1.1560000000e+03    2.4140975966e-08
1.1580000000e+03    2.4093662658e-08
1.1600000000e+03    2.4046419112e-08
1.1620000000e+03    2.3999244057e-08
1.1640000000e+03    2.3952136174e-08
1.1660000000e+03    2.3905094101e-08
1.1680000000e+03    2.3858116424e-08
1.1700000000e+03    2.3811201679e-08
1.1720000000e+03    2.3764348343e-08
1.1740000000e+03    2.3717554835e-08
1.1760000000e+03    2.3670819508e-08
1.1780000000e+03    2.3624140648e-08
1.1800000000e+03    2.3577516467e-08
1.1820000000e+03    2.3530945098e-08
1.1840000000e+03    2.3483623498e-08
1.1860000000e+03    2.3437349391e-08
1.1880000000e+03    2.3391274223e-08
1.1900000000e+03    2.3345395664e-08
1.1920000000e+03    2.3299711353e-08
1.1940000000e+03    2.3254218889e-08
1.1960000000e+03    2.3208915834e-08
1.1980000000e+03    2.3163799703e-08
1.2000000000e+03    2.3118867962e-08
1.2020000000e+03    2.3074118020e-08
1.2040000000e+03    2.3029547226e-08
1.2060000000e+03    2.2985152859e-08
1.2080000000e+03    2.2940932125e-08
1.2100000000e+03    2.2896856797e-08
1.2120000000e+03    2.2852974737e-08
1.2140000000e+03    2.2809257589e-08
1.2160000000e+03    2.2765702160e-08
1.2180000000e+03    2.2722305132e-08
1.2200000000e+03    2.2679063044e-08
1.2220000000e+03    2.2635972280e-08
1.2240000000e+03    2.2593029046e-08
1.2260000000e+03    2.2550229354e-08
1.2280000000e+03    2.2507568994e-08
1.2300000000e+03    2.2465043512e-08
1.2320000000e+03    2.2422648173e-08
1.2340000000e+03    2.2380377929e-08
1.2360000000e+03    2.2338227377e-08
1.2380000000e+03    2.2296190707e-08
1.2400000000e+03    2.2254261649e-08
1.2420000000e+03    2.2212464398e-08
1.2440000000e+03    2.2170729143e-08
1.2460000000e+03    2.2128911008e-08
1.2480000000e+03    2.2087423627e-08
1.2500000000e+03    2.2046007035e-08
1.2520000000e+03    2.2004686562e-08
1.2540000000e+03    2.1963449265e-08
1.2560000000e+03    2.1922280584e-08
1.2580000000e+03    2.1881163998e-08
1.2600000000e+03    2.1840080586e-08
1.2620000000e+03    2.1799008459e-08
1.2640000000e+03    2.1757922000e-08
1.2660000000e+03    2.1716765656e-08
1.2680000000e+03    2.1675483277e-08
1.2700000000e+03    2.1634619334e-08
1.2720000000e+03    2.1594093506e-08
1.2740000000e+03    2.1553902396e-08
1.2760000000e+03    2.1514042657e-08
1.2780000000e+03    2.1474510984e-08
1.2800000000e+03    2.1435304117e-08
1.2820000000e+03    2.1396418842e-08
1.2840000000e+03    2.1357851986e-08
1.2860000000e+03    2.1319600419e-08
1.2880000000e+03    2.1281661053e-08
1.2900000000e+03    2.1244009305e-08
1.2920000000e+03    2.1206685379e-08
1.2940000000e+03    2.1169664789e-08
1.2960000000e+03    2.1132944605e-08
1.2980000000e+03    2.1096521938e-08
1.3000000000e+03    2.1060393935e-08
1.3020000000e+03    2.1024557783e-08
1.3040000000e+03    2.0989010705e-08
1.3060000000e+03    2.0953902873e-08
1.3080000000e+03    2.0918905315e-08
1.3100000000e+03    2.0884175192e-08
1.3120000000e+03    2.0849644189e-08
1.3140000000e+03    2.0815173441e-08
1.3160000000e+03    2.0780853514e-08
1.3180000000e+03    2.0746688976e-08
1.3200000000e+03    2.0712683366e-08
1.3220000000e+03    2.0678839405e-08
1.3240000000e+03    2.0645159156e-08
1.3260000000e+03    2.0611644145e-08
1.3280000000e+03    2.0578295461e-08
1.3300000000e+03    2.0545113831e-08
1.3320000000e+03    2.0512099679e-08
1.3340000000e+03    2.0479253177e-08
1.3360000000e+03    2.0446574286e-08
1.3380000000e+03    2.0414062785e-08
1.3400000000e+03    2.0381718305e-08
1.3420000000e+03    2.0349540344e-08
1.3440000000e+03    2.0317528293e-08
1.3460000000e+03    2.0285681449e-08
1.3480000000e+03    2.0253999028e-08
1.3500000000e+03    2.0222480178e-08
1.3520000000e+03    2.0191123989e-08
1.3540000000e+03    2.0159929502e-08
1.3560000000e+03    2.0128895715e-08
1.3580000000e+03    2.0098021590e-08
1.3600000000e+03    2.0067306059e-08
1.3620000000e+03    2.0036748031e-08
1.3640000000e+03    2.0006346390e-08
1.3660000000e+03    1.9976100006e-08
1.3680000000e+03    1.9945982186e-08
1.3700000000e+03    1.9916032669e-08
1.3720000000e+03    1.9886224516e-08
1.3740000000e+03    1.9856556673e-08
1.3760000000e+03    1.9827028082e-08
1.3780000000e+03    1.9797637675e-08
1.3800000000e+03    1.9768384386e-08
1.3820000000e+03    1.9739267142e-08
1.3840000000e+03    1.9710284872e-08
1.3860000000e+03    1.9681436505e-08
1.3880000000e+03    1.9652720971e-08
1.3900000000e+03    1.9624137202e-08
1.3920000000e+03    1.9595684132e-08
1.3940000000e+03    1.9567360701e-08
1.3960000000e+03    1.9539165852e-08
1.3980000000e+03    1.9511098532e-08
1.4000000000e+03    1.9483157695e-08
1.4020000000e+03    1.9455342299e-08
1.4040000000e+03    1.9427918921e-08
1.4060000000e+03    1.9400307512e-08
1.4080000000e+03    1.9372783965e-08
1.4100000000e+03    1.9345347784e-08
1.4120000000e+03    1.9317998461e-08
1.4140000000e+03    1.9290735483e-08
1.4160000000e+03    1.9263558328e-08
1.4180000000e+03    1.9236466468e-08
1.4200000000e+03    1.9209459371e-08
1.4220000000e+03    1.9182483513e-08
1.4240000000e+03    1.9155644339e-08
1.4260000000e+03    1.9128888319e-08
1.4280000000e+03    1.9102214904e-08
1.4300000000e+03    1.9075623542e-08
1.4320000000e+03    1.9049113680e-08
1.4340000000e+03    1.9022684763e-08
1.4360000000e+03    1.8996336236e-08
1.4380000000e+03    1.8970067541e-08
1.4400000000e+03    1.8943878124e-08
1.4420000000e+03    1.8917767426e-08
1.4440000000e+03    1.8891760561e-08
1.4460000000e+03    1.8866157825e-08
1.4480000000e+03    1.8840278305e-08
1.4500000000e+03    1.8814475171e-08
1.4520000000e+03    1.8788747849e-08
1.4540000000e+03    1.8763095769e-08
1.4560000000e+03    1.8737518363e-08
1.4580000000e+03    1.8712015065e-08
1.4600000000e+03    1.8686585311e-08
1.4620000000e+03    1.8661228539e-08
1.4640000000e+03    1.8635944189e-08
1.4660000000e+03    1.8610731705e-08
1.4680000000e+03    1.8585590531e-08
1.4700000000e+03    1.8560520115e-08
1.4720000000e+03    1.8535519907e-08
1.4740000000e+03    1.8510589359e-08
1.4760000000e+03    1.8485770708e-08
1.4780000000e+03    1.8460987803e-08
1.4800000000e+03    1.8436288738e-08
1.4820000000e+03    1.8411672881e-08
1.4840000000e+03    1.8387139609e-08
1.4860000000e+03    1.8362688299e-08
1.4880000000e+03    1.8338318336e-08
1.4900000000e+03    1.8314029107e-08
1.4920000000e+03    1.8289820006e-08
1.4940000000e+03    1.8265690432e-08
1.4960000000e+03    1.8241639784e-08
1.4980000000e+03    1.8217667471e-08
1.5000000000e+03    1.8193772903e-08
1.5020000000e+03    1.8169955495e-08
1.5040000000e+03    1.8146214667e-08
1.5060000000e+03    1.8122549841e-08
1.5080000000e+03    1.8098960446e-08
1.5100000000e+03    1.8075445912e-08
1.5120000000e+03    1.8052005674e-08
1.5140000000e+03    1.8028639173e-08
1.5160000000e+03    1.8005345850e-08
1.5180000000e+03    1.7982125150e-08
1.5200000000e+03    1.7958976525e-08
1.5220000000e+03    1.7935899426e-08
1.5240000000e+03    1.7912893309e-08
1.5260000000e+03    1.7889957634e-08
1.5280000000e+03    1.7867091862e-08
1.5300000000e+03    1.7844295458e-08
1.5320000000e+03    1.7821567890e-08
1.5340000000e+03    1.7798908627e-08
1.5360000000e+03    1.7776317142e-08
1.5380000000e+03    1.7753792910e-08
1.5400000000e+03    1.7731354332e-08
1.5420000000e+03    1.7708962832e-08
1.5440000000e+03    1.7686637030e-08
1.5460000000e+03    1.7664376405e-08
1.5480000000e+03    1.7642180433e-08
1.5500000000e+03    1.7620048596e-08
1.5520000000e+03    1.7597980372e-08
1.5540000000e+03    1.7575975245e-08
1.5560000000e+03    1.7554032696e-08
1.5580000000e+03    1.7532152209e-08
1.5600000000e+03    1.7510333267e-08
1.5620000000e+03    1.7488575354e-08
1.5640000000e+03    1.7466877954e-08
1.5660000000e+03    1.7445234225e-08
1.5680000000e+03    1.7423656331e-08
1.5700000000e+03    1.7402137392e-08
1.5720000000e+03    1.7380676882e-08
1.5740000000e+03    1.7359274272e-08
1.5760000000e+03    1.7337929031e-08
1.5780000000e+03    1.7316640629e-08
1.5800000000e+03    1.7295408531e-08
1.5820000000e+03    1.7274232201e-08
1.5840000000e+03    1.7253093570e-08
1.5860000000e+03    1.7232022043e-08
1.5880000000e+03    1.7210999219e-08
1.5900000000e+03    1.7190024603e-08
1.5920000000e+03    1.7169097694e-08
1.5940000000e+03    1.7148217987e-08
1.5960000000e+03    1.7127384970e-08
1.5980000000e+03    1.7106598125e-08
1.6000000000e+03    1.7085856927e-08
1.6020000000e+03    1.7065160845e-08
1.6040000000e+03    1.7044509339e-08
1.6060000000e+03    1.7023901861e-08
1.6080000000e+03    1.7003337856e-08
1.6100000000e+03    1.6982420413e-08
1.6120000000e+03    1.6961981071e-08
1.6140000000e+03    1.6941622364e-08
1.6160000000e+03    1.6921343667e-08
1.6180000000e+03    1.6901144352e-08
1.6200000000e+03    1.6880970654e-08
1.6220000000e+03    1.6861047852e-08
1.6240000000e+03    1.6841046562e-08
1.6260000000e+03    1.6821089485e-08
1.6280000000e+03    1.6801177242e-08
1.6300000000e+03    1.6781310288e-08
1.6320000000e+03    1.6761488946e-08
1.6340000000e+03    1.6741703416e-08
1.6360000000e+03    1.6721973845e-08
1.6380000000e+03    1.6702290268e-08
1.6400000000e+03    1.6682652638e-08
1.6420000000e+03    1.6663060842e-08
1.6440000000e+03    1.6643514715e-08
1.6460000000e+03    1.6624014036e-08
1.6480000000e+03    1.6604558541e-08
1.6500000000e+03    1.6585147923e-08
1.6520000000e+03    1.6565781834e-08
1.6540000000e+03    1.6546459889e-08
1.6560000000e+03    1.6527181668e-08
1.6580000000e+03    1.6507946716e-08
1.6600000000e+03    1.6488754544e-08
1.6620000000e+03    1.6469604629e-08
1.6640000000e+03    1.6450496416e-08
1.6660000000e+03    1.6431429314e-08
1.6680000000e+03    1.6412402700e-08
1.6700000000e+03    1.6393415913e-08
1.6720000000e+03    1.6374468256e-08
1.6740000000e+03    1.6355558994e-08
1.6760000000e+03    1.6336687348e-08
1.6780000000e+03    1.6317852500e-08
1.6800000000e+03    1.6299053583e-08
1.6820000000e+03    1.6280289678e-08
1.6840000000e+03    1.6261559816e-08
1.6860000000e+03    1.6242862966e-08
1.6880000000e+03    1.6224185229e-08
1.6900000000e+03    1.6205548007e-08
1.6920000000e+03    1.6186936753e-08
1.6940000000e+03    1.6168350173e-08
1.6960000000e+03    1.6149786877e-08
1.6980000000e+03    1.6131245369e-08
1.7000000000e+03    1.6112724034e-08
1.7020000000e+03    1.6094221121e-08
1.7040000000e+03    1.6075734727e-08
1.7060000000e+03    1.6057262779e-08
1.7080000000e+03    1.6038803003e-08
1.7100000000e+03    1.6020352903e-08
1.7120000000e+03    1.6001782897e-08
1.7140000000e+03    1.5983356024e-08
1.7160000000e+03    1.5964945427e-08
1.7180000000e+03    1.5946547122e-08
1.7200000000e+03    1.5928156630e-08
1.7220000000e+03    1.5909768876e-08
1.7240000000e+03    1.5891378062e-08
1.7260000000e+03    1.5872972355e-08
1.7280000000e+03    1.5854704224e-08
1.7300000000e+03    1.5836521265e-08
1.7320000000e+03    1.5818422851e-08
1.7340000000e+03    1.5800408359e-08
1.7360000000e+03    1.5782477172e-08
1.7380000000e+03    1.5764706385e-08
1.7400000000e+03    1.5746932728e-08
1.7420000000e+03    1.5729234113e-08
1.7440000000e+03    1.5711610023e-08
1.7460000000e+03    1.5694059944e-08
1.7480000000e+03    1.5676583363e-08
1.7500000000e+03    1.5659179772e-08
1.7520000000e+03    1.5641848665e-08
1.7540000000e+03    1.5624589542e-08
1.7560000000e+03    1.5607401903e-08
1.7580000000e+03    1.5590285253e-08
1.7600000000e+03    1.5573239100e-08
1.7620000000e+03    1.5556262956e-08
1.7640000000e+03    1.5539356336e-08
1.7660000000e+03    1.5522518757e-08
1.7680000000e+03    1.5505749743e-08
1.7700000000e+03    1.5489048819e-08
1.7720000000e+03    1.5472415513e-08
1.7740000000e+03    1.5455849358e-08
1.7760000000e+03    1.5439349890e-08
1.7780000000e+03    1.5422916648e-08
1.7800000000e+03    1.5406549176e-08
1.7820000000e+03    1.5390247020e-08
1.7840000000e+03    1.5374009730e-08
1.7860000000e+03    1.5357871139e-08
1.7880000000e+03    1.5341762263e-08
1.7900000000e+03    1.5325716858e-08
1.7920000000e+03    1.5309734461e-08
1.7940000000e+03    1.5293814611e-08
1.7960000000e+03    1.5277956854e-08
1.7980000000e+03    1.5262160738e-08
1.8000000000e+03    1.5246425816e-08
1.8020000000e+03    1.5230751645e-08
1.8040000000e+03    1.5215137788e-08
1.8060000000e+03    1.5199583811e-08
1.8080000000e+03    1.5184089283e-08
1.8100000000e+03    1.5168653778e-08
1.8120000000e+03    1.5153276876e-08
1.8140000000e+03    1.5137958158e-08
1.8160000000e+03    1.5122697210e-08
1.8180000000e+03    1.5107493624e-08
1.8200000000e+03    1.5092346993e-08
1.8220000000e+03    1.5077256915e-08
1.8240000000e+03    1.5062222994e-08
1.8260000000e+03    1.5047244833e-08
1.8280000000e+03    1.5032322044e-08
1.8300000000e+03    1.5017454239e-08
1.8320000000e+03    1.5002641036e-08
1.8340000000e+03    1.4987882056e-08
1.8360000000e+03    1.4973176923e-08
1.8380000000e+03    1.4958525264e-08
1.8400000000e+03    1.4943926713e-08
1.8420000000e+03    1.4929380903e-08
1.8440000000e+03    1.4914887473e-08
1.8460000000e+03    1.4900446066e-08
1.8480000000e+03    1.4886056326e-08
1.8500000000e+03    1.4871717903e-08
1.8520000000e+03    1.4857430450e-08
1.8540000000e+03    1.4843193620e-08
1.8560000000e+03    1.4829007074e-08
1.8580000000e+03    1.4814870473e-08
1.8600000000e+03    1.4800783482e-08
1.8620000000e+03    1.4786745769e-08
1.8640000000e+03    1.4772757007e-08
1.8660000000e+03    1.4758816869e-08
1.8680000000e+03    1.4744925033e-08
1.8700000000e+03    1.4731081180e-08
1.8720000000e+03    1.4717284993e-08
1.8740000000e+03    1.4703536159e-08
1.8760000000e+03    1.4689834367e-08
1.8780000000e+03    1.4676271388e-08
1.8800000000e+03    1.4662653472e-08
1.8820000000e+03    1.4649072013e-08
1.8840000000e+03    1.4635526752e-08
1.8860000000e+03    1.4622017436e-08
1.8880000000e+03    1.4608543813e-08
1.8900000000e+03    1.4595105633e-08
1.8920000000e+03    1.4581702650e-08
1.8940000000e+03    1.4568334618e-08
1.8960000000e+03    1.4555001297e-08
1.8980000000e+03    1.4541702447e-08
1.9000000000e+03    1.4528437830e-08
1.9020000000e+03    1.4515207213e-08
1.9040000000e+03    1.4502010362e-08
1.9060000000e+03    1.4488847049e-08
1.9080000000e+03    1.4475717044e-08
1.9100000000e+03    1.4462620124e-08
1.9120000000e+03    1.4449556064e-08
1.9140000000e+03    1.4436524643e-08
1.9160000000e+03    1.4423525643e-08
1.9180000000e+03    1.4410556084e-08
1.9200000000e+03    1.4397621284e-08
1.9220000000e+03    1.4384718269e-08
1.9240000000e+03    1.4371846829e-08
1.9260000000e+03    1.4359006756e-08
1.9280000000e+03    1.4346197843e-08
1.9300000000e+03    1.4333419887e-08
1.9320000000e+03    1.4320672684e-08
1.9340000000e+03    1.4307974854e-08
1.9360000000e+03    1.4295288406e-08
1.9380000000e+03    1.4282632054e-08
1.9400000000e+03    1.4270005605e-08
1.9420000000e+03    1.4257408866e-08
1.9440000000e+03    1.4244841646e-08
1.9460000000e+03    1.4232303756e-08
1.9480000000e+03    1.4219795008e-08
1.9500000000e+03    1.4207322995e-08
1.9520000000e+03    1.4194871907e-08
1.9540000000e+03    1.4182449414e-08
1.9560000000e+03    1.4170055334e-08
1.9580000000e+03    1.4157689486e-08
1.9600000000e+03    1.4145351693e-08
1.9620000000e+03    1.4133041777e-08
1.9640000000e+03    1.4120759563e-08
1.9660000000e+03    1.4108677018e-08
1.9680000000e+03    1.4096449269e-08
1.9700000000e+03    1.4084248674e-08
1.9720000000e+03    1.4072075063e-08
1.9740000000e+03    1.4059928266e-08
1.9760000000e+03    1.4047808113e-08
1.9780000000e+03    1.4035714440e-08
1.9800000000e+03    1.4023647080e-08
1.9820000000e+03    1.4011605869e-08
1.9840000000e+03    1.3999590645e-08
1.9860000000e+03    1.3987601247e-08
1.9880000000e+03    1.3975637515e-08
1.9900000000e+03    1.3963699291e-08
1.9920000000e+03    1.3951786418e-08
1.9940000000e+03    1.3939898741e-08
1.9960000000e+03    1.3928036103e-08
1.9980000000e+03    1.3916198354e-08
2.0000000000e+03    1.3904385341e-08
2.0020000000e+03    1.3892673423e-08
2.0040000000e+03    1.3880900753e-08
2.0060000000e+03    1.3869145213e-08
2.0080000000e+03    1.3857406684e-08
2.0100000000e+03    1.3845685050e-08
2.0120000000e+03    1.3833980195e-08
2.0140000000e+03    1.3822292004e-08
2.0160000000e+03    1.3810620364e-08
2.0180000000e+03    1.3798965161e-08
2.0200000000e+03    1.3787326285e-08
2.0220000000e+03    1.3775703623e-08
2.0240000000e+03    1.3764097067e-08
2.0260000000e+03    1.3752506507e-08
2.0280000000e+03    1.3740931835e-08
2.0300000000e+03    1.3729398869e-08
2.0320000000e+03    1.3717859994e-08
2.0340000000e+03    1.3706341710e-08
2.0360000000e+03    1.3694843891e-08
2.0380000000e+03    1.3683366412e-08
2.0400000000e+03    1.3671909151e-08
2.0420000000e+03    1.3660471986e-08
2.0440000000e+03    1.3649054795e-08
2.0460000000e+03    1.3637657459e-08
2.0480000000e+03    1.3626279860e-08
2.0500000000e+03    1.3614921880e-08
2.0520000000e+03    1.3603583402e-08
2.0540000000e+03    1.3592264312e-08
2.0560000000e+03    1.3580964494e-08
2.0580000000e+03    1.3569683836e-08
2.0600000000e+03    1.3558422225e-08
2.0620000000e+03    1.3547179549e-08
2.0640000000e+03    1.3535955699e-08
2.0660000000e+03    1.3524750565e-08
2.0680000000e+03    1.3513564039e-08
2.0700000000e+03    1.3502396013e-08
2.0720000000e+03    1.3491246380e-08
2.0740000000e+03    1.3480115034e-08
2.0760000000e+03    1.3469001871e-08
2.0780000000e+03    1.3457906786e-08
2.0800000000e+03    1.3446829677e-08
2.0820000000e+03    1.3435770441e-08
2.0840000000e+03    1.3424728976e-08
2.0860000000e+03    1.3413705181e-08
2.0880000000e+03    1.3402698957e-08
2.0900000000e+03    1.3391710204e-08
2.0920000000e+03    1.3380738823e-08
2.0940000000e+03    1.3369784717e-08
2.0960000000e+03    1.3358847789e-08
2.0980000000e+03    1.3347927942e-08
2.1000000000e+03    1.3337025080e-08
2.1020000000e+03    1.3326139109e-08
2.1040000000e+03    1.3315269934e-08
2.1060000000e+03    1.3304417460e-08
2.1080000000e+03    1.3293581595e-08
2.1100000000e+03    1.3282762247e-08
2.1120000000e+03    1.3271959322e-08
2.1140000000e+03    1.3261172730e-08
2.1160000000e+03    1.3250402379e-08
2.1180000000e+03    1.3239648180e-08
2.1200000000e+03    1.3228910042e-08
2.1220000000e+03    1.3218187875e-08
2.1240000000e+03    1.3207481591e-08
2.1260000000e+03    1.3196791102e-08
2.1280000000e+03    1.3186116318e-08
2.1300000000e+03    1.3175457153e-08
2.1320000000e+03    1.3164813519e-08
2.1340000000e+03    1.3154185330e-08
2.1360000000e+03    1.3143572499e-08
2.1380000000e+03    1.3132969812e-08
2.1400000000e+03    1.3122387016e-08
2.1420000000e+03    1.3111818416e-08
2.1440000000e+03    1.3101263934e-08
2.1460000000e+03    1.3090723491e-08
2.1480000000e+03    1.3080197009e-08
2.1500000000e+03    1.3069684411e-08
2.1520000000e+03    1.3059185619e-08
2.1540000000e+03    1.3048700554e-08
2.1560000000e+03    1.3038229141e-08
2.1580000000e+03    1.3027771300e-08
2.1600000000e+03    1.3017326955e-08
2.1620000000e+03    1.3006896028e-08
2.1640000000e+03    1.2996478442e-08
2.1660000000e+03    1.2986074119e-08
2.1680000000e+03    1.2975682983e-08
2.1700000000e+03    1.2965304954e-08
2.1720000000e+03    1.2954939957e-08
2.1740000000e+03    1.2944587912e-08
2.1760000000e+03    1.2934248743e-08
2.1780000000e+03    1.2923922371e-08
2.1800000000e+03    1.2913608718e-08
2.1820000000e+03    1.2903307707e-08
2.1840000000e+03    1.2893019257e-08
2.1860000000e+03    1.2882743292e-08
2.1880000000e+03    1.2872479730e-08
2.1900000000e+03    1.2862228494e-08
2.1920000000e+03    1.2851989502e-08
2.1940000000e+03    1.2841762676e-08
2.1960000000e+03    1.2831547935e-08
2.1980000000e+03    1.2821345197e-08
2.2000000000e+03    1.2811154381e-08
2.2020000000e+03    1.2800975406e-08
2.2040000000e+03    1.2790808189e-08
2.2060000000e+03    1.2780652646e-08
2.2080000000e+03    1.2770508695e-08
2.2100000000e+03    1.2760376251e-08
2.2120000000e+03    1.2750255229e-08
2.2140000000e+03    1.2740145544e-08
2.2160000000e+03    1.2730047109e-08
2.2180000000e+03    1.2719959836e-08
2.2200000000e+03    1.2709883638e-08
2.2220000000e+03    1.2699818426e-08
2.2240000000e+03    1.2689590481e-08
2.2260000000e+03    1.2679524625e-08
2.2280000000e+03    1.2669510049e-08
2.2300000000e+03    1.2659514958e-08
2.2320000000e+03    1.2649539250e-08
2.2340000000e+03    1.2639582824e-08
2.2360000000e+03    1.2629645579e-08
2.2380000000e+03    1.2619727413e-08
2.2400000000e+03    1.2609828226e-08
2.2420000000e+03    1.2599947915e-08
2.2440000000e+03    1.2590086381e-08
2.2460000000e+03    1.2580243520e-08
2.2480000000e+03    1.2570419233e-08
2.2500000000e+03    1.2560613416e-08
2.2520000000e+03    1.2550825969e-08
2.2540000000e+03    1.2541056789e-08
2.2560000000e+03    1.2531305773e-08
2.2580000000e+03    1.2521572819e-08
2.2600000000e+03    1.2511857824e-08
2.2620000000e+03    1.2502160684e-08
2.2640000000e+03    1.2492481296e-08
2.2660000000e+03    1.2482819554e-08
2.2680000000e+03    1.2473175353e-08
2.2700000000e+03    1.2463548588e-08
2.2720000000e+03    1.2453939153e-08
2.2740000000e+03    1.2444346940e-08
2.2760000000e+03    1.2434771841e-08
2.2780000000e+03    1.2425213747e-08
2.2800000000e+03    1.2415672549e-08
2.2820000000e+03    1.2406148135e-08
2.2840000000e+03    1.2396640394e-08
2.2860000000e+03    1.2387149212e-08
2.2880000000e+03    1.2377674475e-08
2.2900000000e+03    1.2368217973e-08
2.2920000000e+03    1.2358775762e-08
2.2940000000e+03    1.2349349644e-08
2.2960000000e+03    1.2339939498e-08
2.2980000000e+03    1.2330545202e-08
2.3000000000e+03    1.2321166630e-08
2.3020000000e+03    1.2311803656e-08
2.3040000000e+03    1.2302456150e-08
2.3060000000e+03    1.2293123980e-08
2.3080000000e+03    1.2283807012e-08
2.3100000000e+03    1.2274505109e-08
2.3120000000e+03    1.2265218131e-08
2.3140000000e+03    1.2255945933e-08
2.3160000000e+03    1.2246688370e-08
2.3180000000e+03    1.2237445289e-08
2.3200000000e+03    1.2228216537e-08
2.3220000000e+03    1.2219001952e-08
2.3240000000e+03    1.2209801373e-08
2.3260000000e+03    1.2200614629e-08
2.3280000000e+03    1.2191441546e-08
2.3300000000e+03    1.2182281943e-08
2.3320000000e+03    1.2173135634e-08
2.3340000000e+03    1.2164002425e-08
2.3360000000e+03    1.2154882113e-08
2.3380000000e+03    1.2145774491e-08
2.3400000000e+03    1.2136679340e-08
2.3420000000e+03    1.2127596432e-08
2.3440000000e+03    1.2118525529e-08
2.3460000000e+03    1.2109466381e-08
2.3480000000e+03    1.2100418727e-08
2.3500000000e+03    1.2091382291e-08
2.3520000000e+03    1.2082356782e-08
2.3540000000e+03    1.2073341894e-08
2.3560000000e+03    1.2064337301e-08
2.3580000000e+03    1.2055342660e-08
2.3600000000e+03    1.2046357602e-08
2.3620000000e+03    1.2037381737e-08
2.3640000000e+03    1.2028414646e-08
2.3660000000e+03    1.2019455880e-08
2.3680000000e+03    1.2010504955e-08
2.3700000000e+03    1.2001561350e-08
2.3720000000e+03    1.1992624500e-08
2.3740000000e+03    1.1983693792e-08
2.3760000000e+03    1.1974768554e-08
2.3780000000e+03    1.1965766520e-08
2.3800000000e+03    1.1956858036e-08
2.3820000000e+03    1.1947938551e-08
2.3840000000e+03    1.1939057189e-08
2.3860000000e+03    1.1930202225e-08
2.3880000000e+03    1.1921373534e-08
2.3900000000e+03    1.1912570994e-08
2.3920000000e+03    1.1903794480e-08
2.3940000000e+03    1.1895043872e-08
2.3960000000e+03    1.1886319048e-08
2.3980000000e+03    1.1877619888e-08
2.4000000000e+03    1.1868946272e-08
2.4020000000e+03    1.1860298083e-08
2.4040000000e+03    1.1851675201e-08
2.4060000000e+03    1.1843077510e-08
2.4080000000e+03    1.1834504895e-08
2.4100000000e+03    1.1825957239e-08
2.4120000000e+03    1.1817434427e-08
2.4140000000e+03    1.1808936348e-08
2.4160000000e+03    1.1800462886e-08
2.4180000000e+03    1.1792013930e-08
2.4200000000e+03    1.1783589369e-08
2.4220000000e+03    1.1775189091e-08
2.4240000000e+03    1.1766812987e-08
2.4260000000e+03    1.1758460948e-08
2.4280000000e+03    1.1750132865e-08
2.4300000000e+03    1.1741828630e-08
2.4320000000e+03    1.1733548136e-08
2.4340000000e+03    1.1725291277e-08
2.4360000000e+03    1.1717057948e-08
2.4380000000e+03    1.1708848043e-08
2.4400000000e+03    1.1700661458e-08
2.4420000000e+03    1.1692498090e-08
2.4440000000e+03    1.1684357836e-08
2.4460000000e+03    1.1676240594e-08
2.4480000000e+03    1.1668146263e-08
2.4500000000e+03    1.1660074741e-08
2.4520000000e+03    1.1652025929e-08
2.4540000000e+03    1.1643999727e-08
2.4560000000e+03    1.1635996036e-08
2.4580000000e+03    1.1628014758e-08
2.4600000000e+03    1.1620055797e-08
2.4620000000e+03    1.1612119054e-08
2.4640000000e+03    1.1604204435e-08
2.4660000000e+03    1.1596324823e-08
2.4680000000e+03    1.1588454177e-08
2.4700000000e+03    1.1580605360e-08
2.4720000000e+03    1.1572778275e-08
2.4740000000e+03    1.1564972824e-08
2.4760000000e+03    1.1557188912e-08
2.4780000000e+03    1.1549426441e-08
2.4800000000e+03    1.1541685318e-08
2.4820000000e+03    1.1533965447e-08
2.4840000000e+03    1.1526266734e-08
2.4860000000e+03    1.1518589088e-08
2.4880000000e+03    1.1510932414e-08
2.4900000000e+03    1.1503296622e-08
2.4920000000e+03    1.1495681621e-08
2.4940000000e+03    1.1488087319e-08
2.4960000000e+03    1.1480513628e-08
2.4980000000e+03    1.1472960457e-08
2.5000000000e+03    1.1465427718e-08
2.5020000000e+03    1.1457915323e-08
2.5040000000e+03    1.1450423186e-08
2.5060000000e+03    1.1442951218e-08
2.5080000000e+03    1.1435499334e-08
2.5100000000e+03    1.1428066190e-08
2.5120000000e+03    1.1420654125e-08
2.5140000000e+03    1.1413261728e-08
2.5160000000e+03    1.1405888916e-08
2.5180000000e+03    1.1398535607e-08
2.5200000000e+03    1.1391201719e-08
2.5220000000e+03    1.1383887171e-08
2.5240000000e+03    1.1376591883e-08
2.5260000000e+03    1.1369315774e-08
2.5280000000e+03    1.1362058765e-08
2.5300000000e+03    1.1354820777e-08
2.5320000000e+03    1.1347601732e-08
2.5340000000e+03    1.1340397679e-08
2.5360000000e+03    1.1333252088e-08
2.5380000000e+03    1.1326087412e-08
2.5400000000e+03    1.1318939322e-08
2.5420000000e+03    1.1311807748e-08
2.5440000000e+03    1.1304692621e-08
2.5460000000e+03    1.1297593874e-08
2.5480000000e+03    1.1290511438e-08
2.5500000000e+03    1.1283445245e-08
2.5520000000e+03    1.1276395230e-08
2.5540000000e+03    1.1269361324e-08
2.5560000000e+03    1.1262343463e-08
2.5580000000e+03    1.1255341581e-08
2.5600000000e+03    1.1248355612e-08
2.5620000000e+03    1.1241385492e-08
2.5640000000e+03    1.1234431156e-08
2.5660000000e+03    1.1227492541e-08
2.5680000000e+03    1.1220569583e-08
2.5700000000e+03    1.1213662219e-08
2.5720000000e+03    1.1206770386e-08
2.5740000000e+03    1.1199894023e-08
2.5760000000e+03    1.1193033067e-08
2.5780000000e+03    1.1186187456e-08
2.5800000000e+03    1.1179357131e-08
2.5820000000e+03    1.1172542030e-08
2.5840000000e+03    1.1165742093e-08
2.5860000000e+03    1.1158957261e-08
2.5880000000e+03    1.1152187473e-08
2.5900000000e+03    1.1145432670e-08
2.5920000000e+03    1.1138692795e-08
2.5940000000e+03    1.1131967788e-08
2.5960000000e+03    1.1125257593e-08
2.5980000000e+03    1.1118562150e-08
2.6000000000e+03    1.1111881402e-08
2.6020000000e+03    1.1105215293e-08
2.6040000000e+03    1.1098563767e-08
2.6060000000e+03    1.1091926766e-08
2.6080000000e+03    1.1085304236e-08
2.6100000000e+03    1.1078696120e-08
2.6120000000e+03    1.1072102363e-08
2.6140000000e+03    1.1065522911e-08
2.6160000000e+03    1.1058957709e-08
2.6180000000e+03    1.1052406702e-08
2.6200000000e+03    1.1045869837e-08
2.6220000000e+03    1.1039347060e-08
2.6240000000e+03    1.1032838317e-08
2.6260000000e+03    1.1026343557e-08
2.6280000000e+03    1.1019862725e-08
2.6300000000e+03    1.1013395770e-08
2.6320000000e+03    1.1006942639e-08
2.6340000000e+03    1.1000503281e-08
2.6360000000e+03    1.0994077645e-08
2.6380000000e+03    1.0987665678e-08
2.6400000000e+03    1.0981267330e-08
2.6420000000e+03    1.0974882550e-08
2.6440000000e+03    1.0968511289e-08
2.6460000000e+03    1.0962153494e-08
2.6480000000e+03    1.0955809118e-08
2.6500000000e+03    1.0949478109e-08
2.6520000000e+03    1.0943160420e-08
2.6540000000e+03    1.0936856000e-08
2.6560000000e+03    1.0930564800e-08
2.6580000000e+03    1.0924300551e-08
2.6600000000e+03    1.0918035588e-08
2.6620000000e+03    1.0911783677e-08
2.6640000000e+03    1.0905544771e-08
2.6660000000e+03    1.0899318821e-08
2.6680000000e+03    1.0893105781e-08
2.6700000000e+03    1.0886905603e-08
2.6720000000e+03    1.0880718241e-08
2.6740000000e+03    1.0874543647e-08
2.6760000000e+03    1.0868381775e-08
2.6780000000e+03    1.0862232579e-08
2.6800000000e+03    1.0856096013e-08
2.6820000000e+03    1.0849972031e-08
2.6840000000e+03    1.0843860588e-08
2.6860000000e+03    1.0837761637e-08
2.6880000000e+03    1.0831675133e-08
2.6900000000e+03    1.0825601032e-08
2.6920000000e+03    1.0819539288e-08
2.6940000000e+03    1.0813489856e-08
2.6960000000e+03    1.0807452693e-08
2.6980000000e+03    1.0801427753e-08
2.7000000000e+03    1.0795414992e-08
2.7020000000e+03    1.0789414367e-08
2.7040000000e+03    1.0783425833e-08
2.7060000000e+03    1.0777449346e-08
2.7080000000e+03    1.0771484863e-08
2.7100000000e+03    1.0765532340e-08
2.7120000000e+03    1.0759591734e-08
2.7140000000e+03    1.0753663002e-08
2.7160000000e+03    1.0747823123e-08
2.7180000000e+03    1.0741917884e-08
2.7200000000e+03    1.0736024383e-08
2.7220000000e+03    1.0730142575e-08
2.7240000000e+03    1.0724272407e-08
2.7260000000e+03    1.0718413859e-08
2.7280000000e+03    1.0712566877e-08
2.7300000000e+03    1.0706731418e-08
2.7320000000e+03    1.0700907439e-08
2.7340000000e+03    1.0695094898e-08
2.7360000000e+03    1.0689293753e-08
2.7380000000e+03    1.0683503960e-08
2.7400000000e+03    1.0677725478e-08
2.7420000000e+03    1.0671958265e-08
2.7440000000e+03    1.0666202278e-08
2.7460000000e+03    1.0660457475e-08
2.7480000000e+03    1.0654723815e-08
2.7500000000e+03    1.0649001255e-08
2.7520000000e+03    1.0643289754e-08
2.7540000000e+03    1.0637539842e-08
2.7560000000e+03    1.0631852268e-08
2.7580000000e+03    1.0626177277e-08
2.7600000000e+03    1.0620514824e-08
2.7620000000e+03    1.0614864868e-08
2.7640000000e+03    1.0609227366e-08
2.7660000000e+03    1.0603602276e-08
2.7680000000e+03    1.0597989556e-08
2.7700000000e+03    1.0592389164e-08
2.7720000000e+03    1.0586801057e-08
2.7740000000e+03    1.0581225195e-08
2.7760000000e+03    1.0575661536e-08
2.7780000000e+03    1.0570110038e-08
2.7800000000e+03    1.0564570660e-08
2.7820000000e+03    1.0559043361e-08
2.7840000000e+03    1.0553528100e-08
2.7860000000e+03    1.0548024835e-08
2.7880000000e+03    1.0542533527e-08
2.7900000000e+03    1.0537054133e-08
2.7920000000e+03    1.0531586614e-08
2.7940000000e+03    1.0526130929e-08
2.7960000000e+03    1.0520687037e-08
2.7980000000e+03    1.0515254898e-08
2.8000000000e+03    1.0509834472e-08
2.8020000000e+03    1.0504425718e-08
2.8040000000e+03    1.0499028596e-08
2.8060000000e+03    1.0493643066e-08
2.8080000000e+03    1.0488269088e-08
2.8100000000e+03    1.0482906621e-08
2.8120000000e+03    1.0477555626e-08
2.8140000000e+03    1.0472216063e-08
2.8160000000e+03    1.0466887891e-08
2.8180000000e+03    1.0461585616e-08
2.8200000000e+03    1.0456281361e-08
2.8220000000e+03    1.0450989852e-08
2.8240000000e+03    1.0445711045e-08
2.8260000000e+03    1.0440444895e-08
2.8280000000e+03    1.0435191359e-08
2.8300000000e+03    1.0429950392e-08
2.8320000000e+03    1.0424721950e-08
2.8340000000e+03    1.0419505989e-08
2.8360000000e+03    1.0414302464e-08
2.8380000000e+03    1.0409111333e-08
2.8400000000e+03    1.0403932551e-08
2.8420000000e+03    1.0398766074e-08
2.8440000000e+03    1.0393598436e-08
2.8460000000e+03    1.0388456441e-08
2.8480000000e+03    1.0383326638e-08
2.8500000000e+03    1.0378208982e-08
2.8520000000e+03    1.0373103430e-08
2.8540000000e+03    1.0368009936e-08
2.8560000000e+03    1.0362928455e-08
2.8580000000e+03    1.0357858942e-08
2.8600000000e+03    1.0352801353e-08
2.8620000000e+03    1.0347755642e-08
2.8640000000e+03    1.0342721764e-08
2.8660000000e+03    1.0337699673e-08
2.8680000000e+03    1.0332689322e-08
2.8700000000e+03    1.0327690666e-08
2.8720000000e+03    1.0322703658e-08
2.8740000000e+03    1.0317728251e-08
2.8760000000e+03    1.0312764398e-08
2.8780000000e+03    1.0307812052e-08
2.8800000000e+03    1.0302871164e-08
2.8820000000e+03    1.0297941686e-08
2.8840000000e+03    1.0293023570e-08
2.8860000000e+03    1.0288116764e-08
2.8880000000e+03    1.0283221220e-08
2.8900000000e+03    1.0278336887e-08
2.8920000000e+03    1.0273463714e-08
2.8940000000e+03    1.0268601647e-08
2.8960000000e+03    1.0263750636e-08
2.8980000000e+03    1.0258910625e-08
2.9000000000e+03    1.0254081560e-08
2.9020000000e+03    1.0249263385e-08
2.9040000000e+03    1.0244456044e-08
2.9060000000e+03    1.0239659480e-08
2.9080000000e+03    1.0234873632e-08
2.9100000000e+03    1.0230098440e-08
2.9120000000e+03    1.0225333842e-08
2.9140000000e+03    1.0220579775e-08
2.9160000000e+03    1.0215836173e-08
2.9180000000e+03    1.0211102968e-08
2.9200000000e+03    1.0206380093e-08
2.9220000000e+03    1.0201667474e-08
2.9240000000e+03    1.0196965037e-08
2.9260000000e+03    1.0192272707e-08
2.9280000000e+03    1.0187590402e-08
2.9300000000e+03    1.0182918040e-08
2.9320000000e+03    1.0178255534e-08
2.9340000000e+03    1.0173602792e-08
2.9360000000e+03    1.0168959721e-08
2.9380000000e+03    1.0164326220e-08
2.9400000000e+03    1.0159702183e-08
2.9420000000e+03    1.0155087499e-08
2.9440000000e+03    1.0150482050e-08
2.9460000000e+03    1.0145885709e-08
2.9480000000e+03    1.0141298343e-08
2.9500000000e+03    1.0136651062e-08
2.9520000000e+03    1.0132085567e-08
2.9540000000e+03    1.0127534524e-08
2.9560000000e+03    1.0122997885e-08
2.9580000000e+03    1.0118475603e-08
2.9600000000e+03    1.0113967631e-08
2.9620000000e+03    1.0109473923e-08
2.9640000000e+03    1.0104994433e-08
2.9660000000e+03    1.0100529114e-08
2.9680000000e+03    1.0096077920e-08
2.9700000000e+03    1.0091640807e-08
2.9720000000e+03    1.0087217727e-08
2.9740000000e+03    1.0082808637e-08
2.9760000000e+03    1.0078423366e-08
2.9780000000e+03    1.0074041887e-08
2.9800000000e+03    1.0069673854e-08
2.9820000000e+03    1.0065319222e-08
2.9840000000e+03    1.0060977949e-08
2.9860000000e+03    1.0056649993e-08
2.9880000000e+03    1.0052335309e-08
2.9900000000e+03    1.0048033857e-08
2.9920000000e+03    1.0043745594e-08
2.9940000000e+03    1.0039470478e-08
2.9960000000e+03    1.0035208467e-08
2.9980000000e+03    1.0030959519e-08
3.0000000000e+03    1.0026723594e-08
3.0020000000e+03    1.0022500649e-08
3.0040000000e+03    1.0018290645e-08
3.0060000000e+03    1.0014093540e-08
3.0080000000e+03    1.0009909294e-08
3.0100000000e+03    1.0005737867e-08
3.0120000000e+03    1.0001579217e-08
3.0140000000e+03    9.9974333058e-09
3.0160000000e+03    9.9933000929e-09
3.0180000000e+03    9.9891795389e-09
3.0200000000e+03    9.9850716043e-09
3.0220000000e+03    9.9809762499e-09
3.0240000000e+03    9.9768934366e-09
3.0260000000e+03    9.9728253418e-09
3.0280000000e+03    9.9687674815e-09
3.0300000000e+03    9.9647220470e-09
3.0320000000e+03    9.9606889996e-09
3.0340000000e+03    9.9566683014e-09
3.0360000000e+03    9.9526599141e-09
3.0380000000e+03    9.9486638001e-09
3.0400000000e+03    9.9446799216e-09
3.0420000000e+03    9.9407082412e-09
3.0440000000e+03    9.9367487215e-09
3.0460000000e+03    9.9328013254e-09
3.0480000000e+03    9.9288660160e-09
3.0500000000e+03    9.9249427565e-09
3.0520000000e+03    9.9210315102e-09
3.0540000000e+03    9.9171354866e-09
3.0560000000e+03    9.9132481608e-09
3.0580000000e+03    9.9093727382e-09
3.0600000000e+03    9.9055091822e-09
3.0620000000e+03    9.9016574565e-09
3.0640000000e+03    9.8978175250e-09
3.0660000000e+03    9.8939893518e-09
3.0680000000e+03    9.8901729010e-09
3.0700000000e+03    9.8863681370e-09
3.0720000000e+03    9.8825750244e-09
3.0740000000e+03    9.8787935279e-09
3.0760000000e+03    9.8750236124e-09
3.0780000000e+03    9.8712652430e-09
3.0800000000e+03    9.8675183848e-09
3.0820000000e+03    9.8637830034e-09
3.0840000000e+03    9.8600590642e-09
3.0860000000e+03    9.8563465329e-09
3.0880000000e+03    9.8526453756e-09
3.0900000000e+03    9.8489374874e-09
3.0920000000e+03    9.8452588914e-09
3.0940000000e+03    9.8415915628e-09
3.0960000000e+03    9.8379354677e-09
3.0980000000e+03    9.8342905720e-09
3.1000000000e+03    9.8306568422e-09
3.1020000000e+03    9.8270342446e-09
3.1040000000e+03    9.8234227457e-09
3.1060000000e+03    9.8198223124e-09
3.1080000000e+03    9.8162329116e-09
3.1100000000e+03    9.8126545103e-09
3.1120000000e+03    9.8090870757e-09
3.1140000000e+03    9.8055305752e-09
3.1160000000e+03    9.8019849764e-09
3.1180000000e+03    9.7984502469e-09
3.1200000000e+03    9.7949263546e-09
3.1220000000e+03    9.7914132674e-09
3.1240000000e+03    9.7879109536e-09
3.1260000000e+03    9.7844193814e-09
3.1280000000e+03    9.7809385192e-09
3.1300000000e+03    9.7774683357e-09
3.1320000000e+03    9.7740087996e-09
3.1340000000e+03    9.7705598798e-09
3.1360000000e+03    9.7671215453e-09
3.1380000000e+03    9.7636937652e-09
3.1400000000e+03    9.7602765090e-09
3.1420000000e+03    9.7568697460e-09
3.1440000000e+03    9.7534734460e-09
3.1460000000e+03    9.7500875785e-09
3.1480000000e+03    9.7467121136e-09
3.1500000000e+03    9.7433470212e-09
3.1520000000e+03    9.7399922715e-09
3.1540000000e+03    9.7366478348e-09
3.1560000000e+03    9.7333136816e-09
3.1580000000e+03    9.7299897823e-09
3.1600000000e+03    9.7266761078e-09
3.1620000000e+03    9.7233726289e-09
3.1640000000e+03    9.7200793165e-09
3.1660000000e+03    9.7167961418e-09
3.1680000000e+03    9.7135230759e-09
3.1700000000e+03    9.7102600904e-09
3.1720000000e+03    9.7070071565e-09
3.1740000000e+03    9.7037642461e-09
3.1760000000e+03    9.7005313308e-09
3.1780000000e+03    9.6973083825e-09
3.1800000000e+03    9.6940732059e-09
3.1820000000e+03    9.6908701143e-09
3.1840000000e+03    9.6876769324e-09
3.1860000000e+03    9.6844936326e-09
3.1880000000e+03    9.6813201873e-09
3.1900000000e+03    9.6781565689e-09
3.1920000000e+03    9.6750027502e-09
3.1940000000e+03    9.6718587038e-09
3.1960000000e+03    9.6687244027e-09
3.1980000000e+03    9.6655998199e-09
3.2000000000e+03    9.6624849285e-09
3.2020000000e+03    9.6593797017e-09
3.2040000000e+03    9.6562841129e-09
3.2060000000e+03    9.6531981356e-09
3.2080000000e+03    9.6501217433e-09
3.2100000000e+03    9.6470549098e-09
3.2120000000e+03    9.6439976089e-09
3.2140000000e+03    9.6409498145e-09
3.2160000000e+03    9.6379115006e-09
3.2180000000e+03    9.6348826415e-09
3.2200000000e+03    9.6318632113e-09
3.2220000000e+03    9.6288531845e-09
3.2240000000e+03    9.6258525356e-09
3.2260000000e+03    9.6228612392e-09
3.2280000000e+03    9.6198792699e-09
3.2300000000e+03    9.6169066026e-09
3.2320000000e+03    9.6139432122e-09
3.2340000000e+03    9.6109890738e-09
3.2360000000e+03    9.6080441624e-09
3.2380000000e+03    9.6051084534e-09
3.2400000000e+03    9.6021819221e-09
3.2420000000e+03    9.5992645439e-09
3.2440000000e+03    9.5963562943e-09
3.2460000000e+03    9.5934571492e-09
3.2480000000e+03    9.5905670841e-09
3.2500000000e+03    9.5876860750e-09
3.2520000000e+03    9.5848142416e-09
3.2540000000e+03    9.5819512717e-09
3.2560000000e+03    9.5790972860e-09
3.2580000000e+03    9.5762522608e-09
3.2600000000e+03    9.5734161723e-09
3.2620000000e+03    9.5705889971e-09
3.2640000000e+03    9.5677707117e-09
3.2660000000e+03    9.5649612928e-09
3.2680000000e+03    9.5621607171e-09
3.2700000000e+03    9.5593689614e-09
3.2720000000e+03    9.5565860027e-09
3.2740000000e+03    9.5538118179e-09
3.2760000000e+03    9.5510463843e-09
3.2780000000e+03    9.5482896791e-09
3.2800000000e+03    9.5455416795e-09
3.2820000000e+03    9.5428023629e-09
3.2840000000e+03    9.5400717069e-09
3.2860000000e+03    9.5373496890e-09
3.2880000000e+03    9.5346362869e-09
3.2900000000e+03    9.5319314783e-09
3.2920000000e+03    9.5292352412e-09
3.2940000000e+03    9.5265475534e-09
3.2960000000e+03    9.5238683929e-09
3.2980000000e+03    9.5211977379e-09
3.3000000000e+03    9.5185355667e-09
3.3020000000e+03    9.5158818573e-09
3.3040000000e+03    9.5132365884e-09
3.3060000000e+03    9.5105997382e-09
3.3080000000e+03    9.5079712854e-09
3.3100000000e+03    9.5053512085e-09
3.3120000000e+03    9.5027394863e-09
3.3140000000e+03    9.5001360976e-09
3.3160000000e+03    9.4975410212e-09
3.3180000000e+03    9.4949527778e-09
3.3200000000e+03    9.4923741825e-09
3.3220000000e+03    9.4898037299e-09
3.3240000000e+03    9.4872413997e-09
3.3260000000e+03    9.4846871719e-09
3.3280000000e+03    9.4821410261e-09
3.3300000000e+03    9.4796029425e-09
3.3320000000e+03    9.4770729011e-09
3.3340000000e+03    9.4745508818e-09
3.3360000000e+03    9.4720368650e-09
3.3380000000e+03    9.4695308309e-09
3.3400000000e+03    9.4670327597e-09
3.3420000000e+03    9.4645426320e-09
3.3440000000e+03    9.4620604281e-09
3.3460000000e+03    9.4595861286e-09
3.3480000000e+03    9.4571197141e-09
3.3500000000e+03    9.4546611653e-09
3.3520000000e+03    9.4522104629e-09
3.3540000000e+03    9.4497675877e-09
3.3560000000e+03    9.4473325207e-09
3.3580000000e+03    9.4449052427e-09
3.3600000000e+03    9.4424857348e-09
3.3620000000e+03    9.4400739781e-09
3.3640000000e+03    9.4376923392e-09
3.3660000000e+03    9.4352960009e-09
3.3680000000e+03    9.4329073560e-09
3.3700000000e+03    9.4305263859e-09
3.3720000000e+03    9.4281530720e-09
3.3740000000e+03    9.4257873987e-09
3.3760000000e+03    9.4234293413e-09
3.3780000000e+03    9.4210788844e-09
3.3800000000e+03    9.4187360097e-09
3.3820000000e+03    9.4164006987e-09
3.3840000000e+03    9.4140729334e-09
3.3860000000e+03    9.4117526954e-09
3.3880000000e+03    9.4094399666e-09
3.3900000000e+03    9.4071347291e-09
3.3920000000e+03    9.4048369648e-09
3.3940000000e+03    9.4025466557e-09
3.3960000000e+03    9.4002710833e-09
3.3980000000e+03    9.3979955933e-09
3.4000000000e+03    9.3957275064e-09
3.4020000000e+03    9.3934668047e-09
3.4040000000e+03    9.3912134703e-09
3.4060000000e+03    9.3889674856e-09
3.4080000000e+03    9.3867288327e-09
3.4100000000e+03    9.3844974941e-09
3.4120000000e+03    9.3822734521e-09
3.4140000000e+03    9.3800566892e-09
3.4160000000e+03    9.3777960529e-09
3.4180000000e+03    9.3755948774e-09
3.4200000000e+03    9.3734025355e-09
3.4220000000e+03    9.3712190025e-09
3.4240000000e+03    9.3690442538e-09
3.4260000000e+03    9.3668782647e-09
3.4280000000e+03    9.3647210108e-09
3.4300000000e+03    9.3625724381e-09
3.4320000000e+03    9.3604325814e-09
3.4340000000e+03    9.3583013869e-09
3.4360000000e+03    9.3561788305e-09
3.4380000000e+03    9.3540648881e-09
3.4400000000e+03    9.3519595357e-09
3.4420000000e+03    9.3498627494e-09
3.4440000000e+03    9.3477745053e-09
3.4460000000e+03    9.3456947797e-09
3.4480000000e+03    9.3436235489e-09
3.4500000000e+03    9.3415607893e-09
3.4520000000e+03    9.3395064774e-09
3.4540000000e+03    9.3374605897e-09
3.4560000000e+03    9.3354231028e-09
3.4580000000e+03    9.3333939935e-09
3.4600000000e+03    9.3313732385e-09
3.4620000000e+03    9.3293608147e-09
3.4640000000e+03    9.3273566991e-09
3.4660000000e+03    9.3253608686e-09
3.4680000000e+03    9.3233733003e-09
3.4700000000e+03    9.3213939713e-09
3.4720000000e+03    9.3194228590e-09
3.4740000000e+03    9.3174599405e-09
3.4760000000e+03    9.3155051934e-09
3.4780000000e+03    9.3135585949e-09
3.4800000000e+03    9.3116201227e-09
3.4820000000e+03    9.3096897543e-09
3.4840000000e+03    9.3077674673e-09
3.4860000000e+03    9.3058532396e-09
3.4880000000e+03    9.3039470489e-09
3.4900000000e+03    9.3020488730e-09
3.4920000000e+03    9.3001586900e-09
3.4940000000e+03    9.2982764778e-09
3.4960000000e+03    9.2964022144e-09
3.4980000000e+03    9.2945454586e-09
3.5000000000e+03    9.2926875864e-09
3.5020000000e+03    9.2908382291e-09
3.5040000000e+03    9.2889973637e-09
3.5060000000e+03    9.2871649671e-09
3.5080000000e+03    9.2853410164e-09
3.5100000000e+03    9.2835254889e-09
3.5120000000e+03    9.2817183617e-09
3.5140000000e+03    9.2799196121e-09
3.5160000000e+03    9.2781292177e-09
3.5180000000e+03    9.2763471558e-09
3.5200000000e+03    9.2745734040e-09
3.5220000000e+03    9.2728079401e-09
3.5240000000e+03    9.2710507416e-09
3.5260000000e+03    9.2693017865e-09
3.5280000000e+03    9.2675610527e-09
3.5300000000e+03    9.2658285180e-09
3.5320000000e+03    9.2641041606e-09
3.5340000000e+03    9.2623879585e-09
3.5360000000e+03    9.2606798900e-09
3.5380000000e+03    9.2589799334e-09
3.5400000000e+03    9.2572880671e-09
3.5420000000e+03    9.2556042693e-09
3.5440000000e+03    9.2539285188e-09
3.5460000000e+03    9.2522607940e-09
3.5480000000e+03    9.2506010737e-09
3.5500000000e+03    9.2489493365e-09
3.5520000000e+03    9.2473055613e-09
3.5540000000e+03    9.2456697270e-09
3.5560000000e+03    9.2440418125e-09
3.5580000000e+03    9.2424217969e-09
3.5600000000e+03    9.2408096593e-09
3.5620000000e+03    9.2392053789e-09
3.5640000000e+03    9.2376089350e-09
3.5660000000e+03    9.2360202041e-09
3.5680000000e+03    9.2344393676e-09
3.5700000000e+03    9.2328662993e-09
3.5720000000e+03    9.2313009787e-09
3.5740000000e+03    9.2297433853e-09
3.5760000000e+03    9.2281934991e-09
3.5780000000e+03    9.2266512996e-09
3.5800000000e+03    9.2251167668e-09
3.5820000000e+03    9.2235898806e-09
3.5840000000e+03    9.2220706210e-09
3.5860000000e+03    9.2205589680e-09
3.5880000000e+03    9.2190549018e-09
3.5900000000e+03    9.2175584025e-09
3.5920000000e+03    9.2160694505e-09
3.5940000000e+03    9.2145880261e-09
3.5960000000e+03    9.2131141097e-09
3.5980000000e+03    9.2116476817e-09
3.6000000000e+03    9.2101887227e-09
3.6020000000e+03    9.2087372132e-09
3.6040000000e+03    9.2072931341e-09
3.6060000000e+03    9.2058564659e-09
3.6080000000e+03    9.2044271896e-09
3.6100000000e+03    9.2030052859e-09
3.6120000000e+03    9.2015907358e-09
3.6140000000e+03    9.2001835204e-09
3.6160000000e+03    9.1987836206e-09
3.6180000000e+03    9.1973910176e-09
3.6200000000e+03    9.1960056926e-09
3.6220000000e+03    9.1946276268e-09
3.6240000000e+03    9.1932568016e-09
3.6260000000e+03    9.1918931984e-09
3.6280000000e+03    9.1905367985e-09
3.6300000000e+03    9.1891875836e-09
3.6320000000e+03    9.1878455352e-09
3.6340000000e+03    9.1865106349e-09
3.6360000000e+03    9.1851828643e-09
3.6380000000e+03    9.1838622054e-09
3.6400000000e+03    9.1825486399e-09
3.6420000000e+03    9.1811995034e-09
3.6440000000e+03    9.1799016302e-09
3.6460000000e+03    9.1786119832e-09
3.6480000000e+03    9.1773305393e-09
3.6500000000e+03    9.1760572756e-09
3.6520000000e+03    9.1747921691e-09
3.6540000000e+03    9.1735351968e-09
3.6560000000e+03    9.1722863361e-09
3.6580000000e+03    9.1710455642e-09
3.6600000000e+03    9.1698128585e-09
3.6620000000e+03    9.1685881964e-09
3.6640000000e+03    9.1673715555e-09
3.6660000000e+03    9.1661629133e-09
3.6680000000e+03    9.1649622475e-09
3.6700000000e+03    9.1637695359e-09
3.6720000000e+03    9.1625847563e-09
3.6740000000e+03    9.1614078865e-09
3.6760000000e+03    9.1602389045e-09
3.6780000000e+03    9.1590777885e-09
3.6800000000e+03    9.1579245164e-09
3.6820000000e+03    9.1567790665e-09
3.6840000000e+03    9.1556414171e-09
3.6860000000e+03    9.1545115465e-09
3.6880000000e+03    9.1533894330e-09
3.6900000000e+03    9.1522843077e-09
3.6920000000e+03    9.1511776180e-09
3.6940000000e+03    9.1500786130e-09
3.6960000000e+03    9.1489872714e-09
3.6980000000e+03    9.1479035720e-09
3.7000000000e+03    9.1468274936e-09
3.7020000000e+03    9.1457590152e-09
3.7040000000e+03    9.1446981158e-09
3.7060000000e+03    9.1436447744e-09
3.7080000000e+03    9.1425989702e-09
3.7100000000e+03    9.1415606824e-09
3.7120000000e+03    9.1405298902e-09
3.7140000000e+03    9.1395065731e-09
3.7160000000e+03    9.1384907104e-09
3.7180000000e+03    9.1374822816e-09
3.7200000000e+03    9.1364812662e-09
3.7220000000e+03    9.1354876439e-09
3.7240000000e+03    9.1344965570e-09
3.7260000000e+03    9.1335173611e-09
3.7280000000e+03    9.1325452186e-09
3.7300000000e+03    9.1315801105e-09
3.7320000000e+03    9.1306220180e-09
3.7340000000e+03    9.1296709223e-09
3.7360000000e+03    9.1287268049e-09
3.7380000000e+03    9.1277896469e-09
3.7400000000e+03    9.1268594298e-09
3.7420000000e+03    9.1259361351e-09
3.7440000000e+03    9.1250197442e-09
3.7460000000e+03    9.1241102388e-09
3.7480000000e+03    9.1232076004e-09
3.7500000000e+03    9.1223118108e-09
3.7520000000e+03    9.1214228517e-09
3.7540000000e+03    9.1205407047e-09
3.7560000000e+03    9.1196653519e-09
3.7580000000e+03    9.1187967147e-09
3.7600000000e+03    9.1179348958e-09
3.7620000000e+03    9.1170798168e-09
3.7640000000e+03    9.1162314598e-09
3.7660000000e+03    9.1153898069e-09
3.7680000000e+03    9.1145548402e-09
3.7700000000e+03    9.1137265421e-09
3.7720000000e+03    9.1129048946e-09
3.7740000000e+03    9.1120898802e-09
3.7760000000e+03    9.1112814812e-09
3.7780000000e+03    9.1104796800e-09
3.7800000000e+03    9.1096844591e-09
3.7820000000e+03    9.1088958010e-09
3.7840000000e+03    9.1081136883e-09
3.7860000000e+03    9.1073381035e-09
3.7880000000e+03    9.1065427950e-09
3.7900000000e+03    9.1057802239e-09
3.7920000000e+03    9.1050241510e-09
3.7940000000e+03    9.1042745590e-09
3.7960000000e+03    9.1035314306e-09
3.7980000000e+03    9.1028073759e-09
3.8000000000e+03    9.1020770654e-09
3.8020000000e+03    9.1013531689e-09
3.8040000000e+03    9.1006356692e-09
3.8060000000e+03    9.0999245491e-09
3.8080000000e+03    9.0992197915e-09
3.8100000000e+03    9.0985213793e-09
3.8120000000e+03    9.0978292953e-09
3.8140000000e+03    9.0971435227e-09
3.8160000000e+03    9.0964640445e-09
3.8180000000e+03    9.0957908438e-09
3.8200000000e+03    9.0951239036e-09
3.8220000000e+03    9.0944632074e-09
3.8240000000e+03    9.0938087382e-09
3.8260000000e+03    9.0931604794e-09
3.8280000000e+03    9.0925184143e-09
3.8300000000e+03    9.0918825263e-09
3.8320000000e+03    9.0912527989e-09
3.8340000000e+03    9.0906292156e-09
3.8360000000e+03    9.0899997924e-09
3.8380000000e+03    9.0893884024e-09
3.8400000000e+03    9.0887831051e-09
3.8420000000e+03    9.0881838839e-09
3.8440000000e+03    9.0875907225e-09
3.8460000000e+03    9.0870036043e-09
3.8480000000e+03    9.0864225129e-09
3.8500000000e+03    9.0858474321e-09
3.8520000000e+03    9.0852783456e-09
3.8540000000e+03    9.0847152370e-09
3.8560000000e+03    9.0841580904e-09
3.8580000000e+03    9.0836068894e-09
3.8600000000e+03    9.0830616180e-09
3.8620000000e+03    9.0825222602e-09
3.8640000000e+03    9.0819888000e-09
3.8660000000e+03    9.0814606785e-09
3.8680000000e+03    9.0809389656e-09
3.8700000000e+03    9.0804231031e-09
3.8720000000e+03    9.0799130750e-09
3.8740000000e+03    9.0794088657e-09
3.8760000000e+03    9.0789104594e-09
3.8780000000e+03    9.0784178404e-09
3.8800000000e+03    9.0779309931e-09
3.8820000000e+03    9.0774499020e-09
3.8840000000e+03    9.0769745514e-09
3.8860000000e+03    9.0765049259e-09
3.8880000000e+03    9.0760410101e-09
3.8900000000e+03    9.0755827886e-09
3.8920000000e+03    9.0751302460e-09
3.8940000000e+03    9.0746833670e-09
3.8960000000e+03    9.0742421363e-09
3.8980000000e+03    9.0738065387e-09
3.9000000000e+03    9.0733765591e-09
3.9020000000e+03    9.0729521823e-09
3.9040000000e+03    9.0725333932e-09
3.9060000000e+03    9.0721201767e-09
3.9080000000e+03    9.0717125180e-09
3.9100000000e+03    9.0713101243e-09
3.9120000000e+03    9.0709134059e-09
3.9140000000e+03    9.0705223308e-09
3.9160000000e+03    9.0701367542e-09
3.9180000000e+03    9.0697566613e-09
3.9200000000e+03    9.0693820372e-09
3.9220000000e+03    9.0690128673e-09
3.9240000000e+03    9.0686491370e-09
3.9260000000e+03    9.0682908316e-09
3.9280000000e+03    9.0679379365e-09
3.9300000000e+03    9.0675904372e-09
3.9320000000e+03    9.0672483193e-09
3.9340000000e+03    9.0669252542e-09
3.9360000000e+03    9.0665936067e-09
3.9380000000e+03    9.0662669720e-09
3.9400000000e+03    9.0659453364e-09
3.9420000000e+03    9.0656286864e-09
3.9440000000e+03    9.0653170084e-09
3.9460000000e+03    9.0650102888e-09
3.9480000000e+03    9.0647085142e-09
3.9500000000e+03    9.0644116711e-09
3.9520000000e+03    9.0641197461e-09
3.9540000000e+03    9.0638327258e-09
3.9560000000e+03    9.0635505969e-09
3.9580000000e+03    9.0632733460e-09
3.9600000000e+03    9.0630009600e-09
3.9620000000e+03    9.0627334255e-09
3.9640000000e+03    9.0624707295e-09
3.9660000000e+03    9.0622128587e-09
3.9680000000e+03    9.0619598001e-09
3.9700000000e+03    9.0617115406e-09
3.9720000000e+03    9.0614680671e-09
3.9740000000e+03    9.0612293666e-09
3.9760000000e+03    9.0609954263e-09
3.9780000000e+03    9.0607662331e-09
3.9800000000e+03    9.0605417741e-09
3.9820000000e+03    9.0603220367e-09
3.9840000000e+03    9.0601061696e-09
3.9860000000e+03    9.0598958365e-09
3.9880000000e+03    9.0596901873e-09
3.9900000000e+03    9.0594892090e-09
3.9920000000e+03    9.0592928891e-09
3.9940000000e+03    9.0591012149e-09
3.9960000000e+03    9.0589141738e-09
3.9980000000e+03    9.0587317532e-09
4.0000000000e+03    9.0585539407e-09
4.0020000000e+03    9.0583807237e-09
4.0040000000e+03    9.0582120897e-09
4.0060000000e+03    9.0580480264e-09
4.0080000000e+03    9.0578885214e-09
4.0100000000e+03    9.0577335622e-09
4.0120000000e+03    9.0575831366e-09
4.0140000000e+03    9.0574372323e-09
4.0160000000e+03    9.0572958370e-09
4.0180000000e+03    9.0571589385e-09
4.0200000000e+03    9.0570265246e-09
4.0220000000e+03    9.0568985832e-09
4.0240000000e+03    9.0567751022e-09
4.0260000000e+03    9.0566560694e-09
4.0280000000e+03    9.0565414728e-09
4.0300000000e+03    9.0564313004e-09
4.0320000000e+03    9.0563255402e-09
4.0340000000e+03    9.0562241802e-09
4.0360000000e+03    9.0561272086e-09
4.0380000000e+03    9.0560346134e-09
4.0400000000e+03    9.0559463827e-09
4.0420000000e+03    9.0558625048e-09
4.0440000000e+03    9.0557829679e-09
4.0460000000e+03    9.0557077601e-09
4.0480000000e+03    9.0556368698e-09
4.0500000000e+03    9.0555702853e-09
4.0520000000e+03    9.0555148129e-09
4.0540000000e+03    9.0554573000e-09
4.0560000000e+03    9.0554043862e-09
4.0580000000e+03    9.0553560594e-09
4.0600000000e+03    9.0553123073e-09
4.0620000000e+03    9.0552731178e-09
4.0640000000e+03    9.0552384789e-09
4.0660000000e+03    9.0552083785e-09
4.0680000000e+03    9.0551828046e-09
4.0700000000e+03    9.0551617452e-09
4.0720000000e+03    9.0551451884e-09
4.0740000000e+03    9.0551331222e-09
4.0760000000e+03    9.0551255349e-09
4.0780000000e+03    9.0551224145e-09
4.0800000000e+03    9.0551237493e-09
4.0820000000e+03    9.0551295276e-09
4.0840000000e+03    9.0551397375e-09
4.0860000000e+03    9.0551543675e-09
4.0880000000e+03    9.0551734059e-09
4.0900000000e+03    9.0551968410e-09
4.0920000000e+03    9.0552246613e-09
4.0940000000e+03    9.0552568552e-09
4.0960000000e+03    9.0552936042e-09
4.0980000000e+03    9.0553345102e-09
4.1000000000e+03    9.0553797554e-09
4.1020000000e+03    9.0554293284e-09
4.1040000000e+03    9.0554832179e-09
4.1060000000e+03    9.0555414125e-09
4.1080000000e+03    9.0556039009e-09
4.1100000000e+03    9.0556706719e-09
4.1120000000e+03    9.0557417141e-09
4.1140000000e+03    9.0558170165e-09
4.1160000000e+03    9.0558965679e-09
4.1180000000e+03    9.0559803570e-09
4.1200000000e+03    9.0560683729e-09
4.1220000000e+03    9.0561606044e-09
4.1240000000e+03    9.0562570406e-09
4.1260000000e+03    9.0563576703e-09
4.1280000000e+03    9.0564624827e-09
4.1300000000e+03    9.0565714668e-09
4.1320000000e+03    9.0566834757e-09
4.1340000000e+03    9.0567924965e-09
4.1360000000e+03    9.0569139336e-09
4.1380000000e+03    9.0570395057e-09
4.1400000000e+03    9.0571692019e-09
4.1420000000e+03    9.0573030115e-09
4.1440000000e+03    9.0574409238e-09
4.1460000000e+03    9.0575829280e-09
4.1480000000e+03    9.0577290135e-09
4.1500000000e+03    9.0578791696e-09
4.1520000000e+03    9.0580333858e-09
4.1540000000e+03    9.0581916515e-09
4.1560000000e+03    9.0583539562e-09
4.1580000000e+03    9.0585202893e-09
4.1600000000e+03    9.0586906404e-09
4.1620000000e+03    9.0588649991e-09
4.1640000000e+03    9.0590349703e-09
4.1660000000e+03    9.0592168777e-09
4.1680000000e+03    9.0594023745e-09
4.1700000000e+03    9.0595914516e-09
4.1720000000e+03    9.0597841005e-09
4.1740000000e+03    9.0599803124e-09
4.1760000000e+03    9.0601800786e-09
4.1780000000e+03    9.0603833903e-09
4.1800000000e+03    9.0605902388e-09
4.1820000000e+03    9.0608006156e-09
4.1840000000e+03    9.0610145120e-09
4.1860000000e+03    9.0612319193e-09
4.1880000000e+03    9.0614528290e-09
4.1900000000e+03    9.0616753388e-09
4.1920000000e+03    9.0619032274e-09
4.1940000000e+03    9.0621345940e-09
4.1960000000e+03    9.0623694300e-09
4.1980000000e+03    9.0626077269e-09
4.2000000000e+03    9.0628494762e-09
4.2020000000e+03    9.0630946694e-09
4.2040000000e+03    9.0633432981e-09
4.2060000000e+03    9.0635953539e-09
4.2080000000e+03    9.0638508282e-09
4.2100000000e+03    9.0641097128e-09
4.2120000000e+03    9.0643719992e-09
4.2140000000e+03    9.0646376791e-09
4.2160000000e+03    9.0649067441e-09
4.2180000000e+03    9.0651791859e-09
4.2200000000e+03    9.0654549963e-09
4.2220000000e+03    9.0657341668e-09
4.2240000000e+03    9.0660166893e-09
4.2260000000e+03    9.0663025554e-09
4.2280000000e+03    9.0665917570e-09
4.2300000000e+03    9.0668843469e-09
4.2320000000e+03    9.0671801930e-09
4.2340000000e+03    9.0674793487e-09
4.2360000000e+03    9.0677818058e-09
4.2380000000e+03    9.0680875563e-09
4.2400000000e+03    9.0683965919e-09
4.2420000000e+03    9.0687089047e-09
4.2440000000e+03    9.0690244865e-09
4.2460000000e+03    9.0693433293e-09
4.2480000000e+03    9.0696654249e-09
4.2500000000e+03    9.0699907655e-09
4.2520000000e+03    9.0703193430e-09
4.2540000000e+03    9.0706511494e-09
4.2560000000e+03    9.0709861767e-09
4.2580000000e+03    9.0713230608e-09
4.2600000000e+03    9.0716645064e-09
4.2620000000e+03    9.0720091499e-09
4.2640000000e+03    9.0723569837e-09
4.2660000000e+03    9.0727079996e-09
4.2680000000e+03    9.0730621900e-09
4.2700000000e+03    9.0734195469e-09
4.2720000000e+03    9.0737800626e-09
4.2740000000e+03    9.0741437291e-09
4.2760000000e+03    9.0745105388e-09
4.2780000000e+03    9.0748804839e-09
4.2800000000e+03    9.0752535565e-09
4.2820000000e+03    9.0756297490e-09
4.2840000000e+03    9.0760090536e-09
4.2860000000e+03    9.0763914627e-09
4.2880000000e+03    9.0767769685e-09
4.2900000000e+03    9.0771655634e-09
4.2920000000e+03    9.0775572398e-09
4.2940000000e+03    9.0779519900e-09
4.2960000000e+03    9.0783498064e-09
4.2980000000e+03    9.0787506814e-09
4.3000000000e+03    9.0791531453e-09
4.3020000000e+03    9.0795601151e-09
4.3040000000e+03    9.0799701217e-09
4.3060000000e+03    9.0803831577e-09
4.3080000000e+03    9.0807992156e-09
4.3100000000e+03    9.0812182878e-09
4.3120000000e+03    9.0816403669e-09
4.3140000000e+03    9.0820654454e-09
4.3160000000e+03    9.0824935159e-09
4.3180000000e+03    9.0829295542e-09
4.3200000000e+03    9.0833638595e-09
4.3220000000e+03    9.0838013485e-09
4.3240000000e+03    9.0842420133e-09
4.3260000000e+03    9.0846858463e-09
4.3280000000e+03    9.0851328398e-09
4.3300000000e+03    9.0855829860e-09
4.3320000000e+03    9.0860362773e-09
4.3340000000e+03    9.0864927060e-09
4.3360000000e+03    9.0869522646e-09
4.3380000000e+03    9.0874149454e-09
4.3400000000e+03    9.0878807409e-09
4.3420000000e+03    9.0883496435e-09
4.3440000000e+03    9.0888216457e-09
4.3460000000e+03    9.0892967399e-09
4.3480000000e+03    9.0897749186e-09
4.3500000000e+03    9.0902561744e-09
4.3520000000e+03    9.0907404998e-09
4.3540000000e+03    9.0912278874e-09
4.3560000000e+03    9.0917183298e-09
4.3580000000e+03    9.0922118195e-09
4.3600000000e+03    9.0927083492e-09
4.3620000000e+03    9.0932079116e-09
4.3640000000e+03    9.0937104992e-09
4.3660000000e+03    9.0942161048e-09
4.3680000000e+03    9.0947247211e-09
4.3700000000e+03    9.0952363408e-09
4.3720000000e+03    9.0957509567e-09
4.3740000000e+03    9.0962685615e-09
4.3760000000e+03    9.0967891480e-09
4.3780000000e+03    9.0973127090e-09
4.3800000000e+03    9.0978392373e-09
4.3820000000e+03    9.0983687258e-09
4.3840000000e+03    9.0989011673e-09
4.3860000000e+03    9.0994365548e-09
4.3880000000e+03    9.0999748811e-09
4.3900000000e+03    9.1005161391e-09
4.3920000000e+03    9.1010603218e-09
4.3940000000e+03    9.1016074221e-09
4.3960000000e+03    9.1021574331e-09
4.3980000000e+03    9.1027103476e-09
4.4000000000e+03    9.1032661589e-09
4.4020000000e+03    9.1038248598e-09
4.4040000000e+03    9.1043864434e-09
4.4060000000e+03    9.1049509028e-09
4.4080000000e+03    9.1055182312e-09
4.4100000000e+03    9.1060884216e-09
4.4120000000e+03    9.1066614671e-09
4.4140000000e+03    9.1072373609e-09
4.4160000000e+03    9.1078630299e-09
4.4180000000e+03    9.1084433089e-09
4.4200000000e+03    9.1090255240e-09
4.4220000000e+03    9.1096096701e-09
4.4240000000e+03    9.1101957421e-09
4.4260000000e+03    9.1107837350e-09
4.4280000000e+03    9.1113736437e-09
4.4300000000e+03    9.1119654630e-09
4.4320000000e+03    9.1125591880e-09
4.4340000000e+03    9.1131548137e-09
4.4360000000e+03    9.1137523350e-09
4.4380000000e+03    9.1143517470e-09
4.4400000000e+03    9.1149530446e-09
4.4420000000e+03    9.1155478512e-09
4.4440000000e+03    9.1161528779e-09
4.4460000000e+03    9.1167597744e-09
4.4480000000e+03    9.1173685357e-09
4.4500000000e+03    9.1179791567e-09
4.4520000000e+03    9.1185916325e-09
4.4540000000e+03    9.1192059581e-09
4.4560000000e+03    9.1198221285e-09
4.4580000000e+03    9.1204401390e-09
4.4600000000e+03    9.1210599845e-09
4.4620000000e+03    9.1216816601e-09
4.4640000000e+03    9.1223051610e-09
4.4660000000e+03    9.1229304824e-09
4.4680000000e+03    9.1235576193e-09
4.4700000000e+03    9.1241865670e-09
4.4720000000e+03    9.1248173206e-09
4.4740000000e+03    9.1254498753e-09
4.4760000000e+03    9.1260842265e-09
4.4780000000e+03    9.1267203692e-09
4.4800000000e+03    9.1273582987e-09
4.4820000000e+03    9.1279980104e-09
4.4840000000e+03    9.1286394995e-09
4.4860000000e+03    9.1292830238e-09
4.4880000000e+03    9.1299280527e-09
4.4900000000e+03    9.1305747089e-09
4.4920000000e+03    9.1312232558e-09
4.4940000000e+03    9.1318735512e-09
4.4960000000e+03    9.1325255907e-09
4.4980000000e+03    9.1331793695e-09
4.5000000000e+03    9.1338348832e-09
4.5020000000e+03    9.1344921272e-09
4.5040000000e+03    9.1351510968e-09
4.5060000000e+03    9.1358117877e-09
4.5080000000e+03    9.1364741952e-09
4.5100000000e+03    9.1371383149e-09
4.5120000000e+03    9.1378024917e-09
4.5140000000e+03    9.1384700222e-09
4.5160000000e+03    9.1391392525e-09
4.5180000000e+03    9.1398101780e-09
4.5200000000e+03    9.1404827943e-09
4.5220000000e+03    9.1411757190e-09
4.5240000000e+03    9.1418516306e-09
4.5260000000e+03    9.1425292218e-09
4.5280000000e+03    9.1432084879e-09
4.5300000000e+03    9.1438894244e-09
4.5320000000e+03    9.1445720267e-09
4.5340000000e+03    9.1452562903e-09
4.5360000000e+03    9.1459422107e-09
4.5380000000e+03    9.1466297833e-09
4.5400000000e+03    9.1473190036e-09
4.5420000000e+03    9.1480098673e-09
4.5440000000e+03    9.1487023697e-09
4.5460000000e+03    9.1493965065e-09
4.5480000000e+03    9.1500922731e-09
4.5500000000e+03    9.1507896653e-09
4.5520000000e+03    9.1514886785e-09
4.5540000000e+03    9.1521893082e-09
4.5560000000e+03    9.1528915504e-09
4.5580000000e+03    9.1535954005e-09
4.5600000000e+03    9.1543008542e-09
4.5620000000e+03    9.1550079071e-09
4.5640000000e+03    9.1557165550e-09
4.5660000000e+03    9.1564267934e-09
4.5680000000e+03    9.1571386182e-09
4.5700000000e+03    9.1578520250e-09
4.5720000000e+03    9.1585670095e-09
4.5740000000e+03    9.1592835675e-09
4.5760000000e+03    9.1600016948e-09
4.5780000000e+03    9.1607213871e-09
4.5800000000e+03    9.1614497853e-09
4.5820000000e+03    9.1621725806e-09
4.5840000000e+03    9.1628969242e-09
4.5860000000e+03    9.1636228121e-09
4.5880000000e+03    9.1643502399e-09
4.5900000000e+03    9.1650792037e-09
4.5920000000e+03    9.1658096993e-09
4.5940000000e+03    9.1665417225e-09
4.5960000000e+03    9.1672752693e-09
4.5980000000e+03    9.1680103356e-09
4.6000000000e+03    9.1687469174e-09
4.6020000000e+03    9.1694850105e-09
4.6040000000e+03    9.1702246110e-09
4.6060000000e+03    9.1709657148e-09
4.6080000000e+03    9.1717083179e-09
4.6100000000e+03    9.1724524163e-09
4.6120000000e+03    9.1731980061e-09
4.6140000000e+03    9.1739253308e-09
4.6160000000e+03    9.1746753025e-09
4.6180000000e+03    9.1754260316e-09
4.6200000000e+03    9.1761785761e-09
4.6220000000e+03    9.1769329309e-09
4.6240000000e+03    9.1776890910e-09
4.6260000000e+03    9.1784470513e-09
4.6280000000e+03    9.1792068068e-09
4.6300000000e+03    9.1799683523e-09
4.6320000000e+03    9.1807316830e-09
4.6340000000e+03    9.1814967937e-09
4.6360000000e+03    9.1822636796e-09
4.6380000000e+03    9.1830323355e-09
4.6400000000e+03    9.1838027567e-09
4.6420000000e+03    9.1845749380e-09
4.6440000000e+03    9.1853488747e-09
4.6460000000e+03    9.1861245618e-09
4.6480000000e+03    9.1869019944e-09
4.6500000000e+03    9.1876811676e-09
4.6520000000e+03    9.1884620766e-09
4.6540000000e+03    9.1892447165e-09
4.6560000000e+03    9.1900290825e-09
4.6580000000e+03    9.1908151698e-09
4.6600000000e+03    9.1916029736e-09
4.6620000000e+03    9.1923924890e-09
4.6640000000e+03    9.1931837114e-09
4.6660000000e+03    9.1939766359e-09
4.6680000000e+03    9.1947719335e-09
4.6700000000e+03    9.1955682457e-09
4.6720000000e+03    9.1963666571e-09
4.6740000000e+03    9.1971663392e-09
4.6760000000e+03    9.1979677001e-09
4.6780000000e+03    9.1987707350e-09
4.6800000000e+03    9.1995754393e-09
4.6820000000e+03    9.2003818083e-09
4.6840000000e+03    9.2011898374e-09
4.6860000000e+03    9.2019995220e-09
4.6880000000e+03    9.2028108575e-09
4.6900000000e+03    9.2036238392e-09
4.6920000000e+03    9.2044384627e-09
4.6940000000e+03    9.2052547234e-09
4.6960000000e+03    9.2060726166e-09
4.6980000000e+03    9.2068921380e-09
4.7000000000e+03    9.2077132829e-09
4.7020000000e+03    9.2085360469e-09
4.7040000000e+03    9.2093604256e-09
4.7060000000e+03    9.2101864143e-09
4.7080000000e+03    9.2110140087e-09
4.7100000000e+03    9.2118432043e-09
4.7120000000e+03    9.2126739967e-09
4.7140000000e+03    9.2135063815e-09
4.7160000000e+03    9.2143403542e-09
4.7180000000e+03    9.2151759106e-09
4.7200000000e+03    9.2160130462e-09
4.7220000000e+03    9.2168517566e-09
4.7240000000e+03    9.2176920376e-09
4.7260000000e+03    9.2185338847e-09
4.7280000000e+03    9.2193772937e-09
4.7300000000e+03    9.2202222603e-09
4.7320000000e+03    9.2210687802e-09
4.7340000000e+03    9.2219106438e-09
4.7360000000e+03    9.2227602384e-09
4.7380000000e+03    9.2236113728e-09
4.7400000000e+03    9.2244640427e-09
4.7420000000e+03    9.2253182439e-09
4.7440000000e+03    9.2261739720e-09
4.7460000000e+03    9.2270312228e-09
4.7480000000e+03    9.2278899921e-09
4.7500000000e+03    9.2287486907e-09
4.7520000000e+03    9.2296104840e-09
4.7540000000e+03    9.2304737840e-09
4.7560000000e+03    9.2313399412e-09
4.7580000000e+03    9.2322062370e-09
4.7600000000e+03    9.2330740273e-09
4.7620000000e+03    9.2339433076e-09
4.7640000000e+03    9.2348140740e-09
4.7660000000e+03    9.2356863223e-09
4.7680000000e+03    9.2365600483e-09
4.7700000000e+03    9.2374352481e-09
4.7720000000e+03    9.2383119174e-09
4.7740000000e+03    9.2391900522e-09
4.7760000000e+03    9.2400696485e-09
4.7780000000e+03    9.2409507022e-09
4.7800000000e+03    9.2418332092e-09
4.7820000000e+03    9.2427171656e-09
4.7840000000e+03    9.2436025673e-09
4.7860000000e+03    9.2444894103e-09
4.7880000000e+03    9.2453776907e-09
4.7900000000e+03    9.2462543106e-09
4.7920000000e+03    9.2471454517e-09
4.7940000000e+03    9.2480380252e-09
4.7960000000e+03    9.2489320270e-09
4.7980000000e+03    9.2498274533e-09
4.8000000000e+03    9.2507243001e-09
4.8020000000e+03    9.2516225636e-09
4.8040000000e+03    9.2525222398e-09
4.8060000000e+03    9.2534227776e-09
4.8080000000e+03    9.2543252676e-09
4.8100000000e+03    9.2552291589e-09
4.8120000000e+03    9.2561344478e-09
4.8140000000e+03    9.2570411304e-09
4.8160000000e+03    9.2579492029e-09
4.8180000000e+03    9.2588586614e-09
4.8200000000e+03    9.2597695022e-09
4.8220000000e+03    9.2606817214e-09
4.8240000000e+03    9.2615953154e-09
4.8260000000e+03    9.2625102802e-09
4.8280000000e+03    9.2634266123e-09
4.8300000000e+03    9.2643443078e-09
4.8320000000e+03    9.2652633629e-09
4.8340000000e+03    9.2661837741e-09
4.8360000000e+03    9.2671055376e-09
4.8380000000e+03    9.2680286496e-09
4.8400000000e+03    9.2689531066e-09
4.8420000000e+03    9.2698789049e-09
4.8440000000e+03    9.2708060407e-09
4.8460000000e+03    9.2717345105e-09
4.8480000000e+03    9.2726643106e-09
4.8500000000e+03    9.2735954374e-09
4.8520000000e+03    9.2745278873e-09
4.8540000000e+03    9.2754616567e-09
4.8560000000e+03    9.2763967420e-09
4.8580000000e+03    9.2773331397e-09
4.8600000000e+03    9.2782708461e-09
4.8620000000e+03    9.2792098578e-09
4.8640000000e+03    9.2801501711e-09
4.8660000000e+03    9.2810917826e-09
4.8680000000e+03    9.2820346888e-09
4.8700000000e+03    9.2829788861e-09
4.8720000000e+03    9.2839243711e-09
4.8740000000e+03    9.2848711402e-09
4.8760000000e+03    9.2858191901e-09
4.8780000000e+03    9.2867685171e-09
4.8800000000e+03    9.2877191180e-09
4.8820000000e+03    9.2886709893e-09
4.8840000000e+03    9.2896241274e-09
4.8860000000e+03    9.2905785291e-09
4.8880000000e+03    9.2915341910e-09
4.8900000000e+03    9.2924911095e-09
4.8920000000e+03    9.2934492814e-09
4.8940000000e+03    9.2944087033e-09
4.8960000000e+03    9.2953693718e-09
4.8980000000e+03    9.2963312835e-09
4.9000000000e+03    9.2972944352e-09
4.9020000000e+03    9.2982588236e-09
4.9040000000e+03    9.2992244452e-09
4.9060000000e+03    9.3001912968e-09
4.9080000000e+03    9.3011593751e-09
4.9100000000e+03    9.3021286768e-09
4.9120000000e+03    9.3030991986e-09
4.9140000000e+03    9.3040709374e-09
4.9160000000e+03    9.3050438898e-09
4.9180000000e+03    9.3060180525e-09
4.9200000000e+03    9.3069932398e-09
4.9220000000e+03    9.3079698068e-09
4.9240000000e+03    9.3089475685e-09
4.9260000000e+03    9.3099265216e-09
4.9280000000e+03    9.3109066631e-09
4.9300000000e+03    9.3118879897e-09
4.9320000000e+03    9.3128704983e-09
4.9340000000e+03    9.3138557354e-09
4.9360000000e+03    9.3149234567e-09
4.9380000000e+03    9.3159086906e-09
4.9400000000e+03    9.3168939115e-09
4.9420000000e+03    9.3178791181e-09
4.9440000000e+03    9.3188643094e-09
4.9460000000e+03    9.3198494840e-09
4.9480000000e+03    9.3208346409e-09
4.9500000000e+03    9.3218197789e-09
4.9520000000e+03    9.3228048969e-09
4.9540000000e+03    9.3237899936e-09
4.9560000000e+03    9.3247750679e-09
4.9580000000e+03    9.3257478594e-09
4.9600000000e+03    9.3267326722e-09
4.9620000000e+03    9.3277170553e-09
4.9640000000e+03    9.3287010090e-09
4.9660000000e+03    9.3296845336e-09
4.9680000000e+03    9.3306676293e-09
4.9700000000e+03    9.3316502963e-09
4.9720000000e+03    9.3326325348e-09
4.9740000000e+03    9.3336143450e-09
4.9760000000e+03    9.3345957272e-09
4.9780000000e+03    9.3355766816e-09
4.9800000000e+03    9.3365572084e-09
4.9820000000e+03    9.3375373078e-09
4.9840000000e+03    9.3385169801e-09
4.9860000000e+03    9.3394962255e-09
4.9880000000e+03    9.3404750441e-09
4.9900000000e+03    9.3414534362e-09
4.9920000000e+03    9.3424314021e-09
4.9940000000e+03    9.3434089418e-09
4.9960000000e+03    9.3443860557e-09
4.9980000000e+03    9.3453627440e-09
5.0000000000e+03    9.3463390068e-09
5.0020000000e+03    9.3473148444e-09
5.0040000000e+03    9.3482913393e-09
5.0060000000e+03    9.3492663233e-09
5.0080000000e+03    9.3502408828e-09
5.0100000000e+03    9.3512150180e-09
5.0120000000e+03    9.3521887291e-09
5.0140000000e+03    9.3531620164e-09
5.0160000000e+03    9.3541348800e-09
5.0180000000e+03    9.3551073201e-09
5.0200000000e+03    9.3560793369e-09
5.0220000000e+03    9.3570509306e-09
5.0240000000e+03    9.3580221015e-09
5.0260000000e+03    9.3589928497e-09
5.0280000000e+03    9.3599631754e-09
5.0300000000e+03    9.3609330788e-09
5.0320000000e+03    9.3619025602e-09
5.0340000000e+03    9.3628716197e-09
5.0360000000e+03    9.3638402576e-09
5.0380000000e+03    9.3648084740e-09
5.0400000000e+03    9.3657762691e-09
5.0420000000e+03    9.3667436432e-09
5.0440000000e+03    9.3677105964e-09
5.0460000000e+03    9.3686771289e-09
5.0480000000e+03    9.3696432410e-09
5.0500000000e+03    9.3706089329e-09
5.0520000000e+03    9.3715742047e-09
5.0540000000e+03    9.3725390567e-09
5.0560000000e+03    9.3735034891e-09
5.0580000000e+03    9.3744675020e-09
5.0600000000e+03    9.3754303812e-09
5.0620000000e+03    9.3763935485e-09
5.0640000000e+03    9.3773562744e-09
5.0660000000e+03    9.3783185591e-09
5.0680000000e+03    9.3792804030e-09
5.0700000000e+03    9.3802418062e-09
5.0720000000e+03    9.3812027692e-09
5.0740000000e+03    9.3821632921e-09
5.0760000000e+03    9.3831233752e-09
5.0780000000e+03    9.3840830189e-09
5.0800000000e+03    9.3850422233e-09
5.0820000000e+03    9.3860009887e-09
5.0840000000e+03    9.3869603688e-09
5.0860000000e+03    9.3879182535e-09
5.0880000000e+03    9.3888757002e-09
5.0900000000e+03    9.3898327092e-09
5.0920000000e+03    9.3907892807e-09
5.0940000000e+03    9.3917454149e-09
5.0960000000e+03    9.3927011122e-09
5.0980000000e+03    9.3936563728e-09
5.1000000000e+03    9.3946111971e-09
5.1020000000e+03    9.3955655851e-09
5.1040000000e+03    9.3965195373e-09
5.1060000000e+03    9.3974730539e-09
5.1080000000e+03    9.3984261352e-09
5.1100000000e+03    9.3993787814e-09
5.1120000000e+03    9.4003309928e-09
5.1140000000e+03    9.4012827698e-09
5.1160000000e+03    9.4022341125e-09
5.1180000000e+03    9.4031845625e-09
5.1200000000e+03    9.4041350274e-09
5.1220000000e+03    9.4050847617e-09
5.1240000000e+03    9.4060343229e-09
5.1260000000e+03    9.4069834285e-09
5.1280000000e+03    9.4079320788e-09
5.1300000000e+03    9.4088802741e-09
5.1320000000e+03    9.4098280149e-09
5.1340000000e+03    9.4107770096e-09
5.1360000000e+03    9.4117238364e-09
5.1380000000e+03    9.4126702097e-09
5.1400000000e+03    9.4136161299e-09
5.1420000000e+03    9.4145615974e-09
5.1440000000e+03    9.4155066124e-09
5.1460000000e+03    9.4164511753e-09
5.1480000000e+03    9.4173952864e-09
5.1500000000e+03    9.4183389461e-09
5.1520000000e+03    9.4192821547e-09
5.1540000000e+03    9.4202249125e-09
5.1560000000e+03    9.4211672199e-09
5.1580000000e+03    9.4221090772e-09
5.1600000000e+03    9.4230504847e-09
5.1620000000e+03    9.4239914428e-09
5.1640000000e+03    9.4249319518e-09
5.1660000000e+03    9.4258720121e-09
5.1680000000e+03    9.4268116240e-09
5.1700000000e+03    9.4277507878e-09
5.1720000000e+03    9.4286895038e-09
5.1740000000e+03    9.4296277725e-09
5.1760000000e+03    9.4305655942e-09
5.1780000000e+03    9.4315029691e-09
5.1800000000e+03    9.4324398977e-09
5.1820000000e+03    9.4333763803e-09
5.1840000000e+03    9.4343124172e-09
5.1860000000e+03    9.4352480088e-09
5.1880000000e+03    9.4361831555e-09
5.1900000000e+03    9.4371178574e-09
5.1920000000e+03    9.4380521152e-09
5.1940000000e+03    9.4389859289e-09
5.1960000000e+03    9.4399192991e-09
5.1980000000e+03    9.4408522261e-09
5.2000000000e+03    9.4417847101e-09
5.2020000000e+03    9.4427167517e-09
5.2040000000e+03    9.4436483510e-09
5.2060000000e+03    9.4445795086e-09
5.2080000000e+03    9.4455102246e-09
5.2100000000e+03    9.4464404995e-09
5.2120000000e+03    9.4473703337e-09
5.2140000000e+03    9.4482997275e-09
5.2160000000e+03    9.4492277720e-09
5.2180000000e+03    9.4501562608e-09
5.2200000000e+03    9.4510842833e-09
5.2220000000e+03    9.4520118399e-09
5.2240000000e+03    9.4529389311e-09
5.2260000000e+03    9.4538655574e-09
5.2280000000e+03    9.4547917190e-09
5.2300000000e+03    9.4557174166e-09
5.2320000000e+03    9.4566426505e-09
5.2340000000e+03    9.4575674211e-09
5.2360000000e+03    9.4584917290e-09
5.2380000000e+03    9.4594155745e-09
5.2400000000e+03    9.4603389581e-09
5.2420000000e+03    9.4612618803e-09
5.2440000000e+03    9.4621843415e-09
5.2460000000e+03    9.4631063420e-09
5.2480000000e+03    9.4640278825e-09
5.2500000000e+03    9.4649489633e-09
5.2520000000e+03    9.4658695848e-09
5.2540000000e+03    9.4667897476e-09
5.2560000000e+03    9.4677094520e-09
5.2580000000e+03    9.4686286985e-09
5.2600000000e+03    9.4695474876e-09
5.2620000000e+03    9.4704658197e-09
5.2640000000e+03    9.4713836952e-09
5.2660000000e+03    9.4723011147e-09
5.2680000000e+03    9.4732180785e-09
5.2700000000e+03    9.4741345871e-09
5.2720000000e+03    9.4750506409e-09
5.2740000000e+03    9.4759662404e-09
5.2760000000e+03    9.4768813861e-09
5.2780000000e+03    9.4777960785e-09
5.2800000000e+03    9.4787103178e-09
5.2820000000e+03    9.4796241047e-09
5.2840000000e+03    9.4805374396e-09
5.2860000000e+03    9.4814503229e-09
5.2880000000e+03    9.4823627551e-09
5.2900000000e+03    9.4832747366e-09
5.2920000000e+03    9.4841862679e-09
5.2940000000e+03    9.4850973495e-09
5.2960000000e+03    9.4860079818e-09
5.2980000000e+03    9.4869181652e-09
5.3000000000e+03    9.4878279003e-09
5.3020000000e+03    9.4887371875e-09
5.3040000000e+03    9.4896518009e-09
5.3060000000e+03    9.4905601837e-09
5.3080000000e+03    9.4914681175e-09
5.3100000000e+03    9.4923756028e-09
5.3120000000e+03    9.4932826401e-09
5.3140000000e+03    9.4941892298e-09
5.3160000000e+03    9.4950953724e-09
5.3180000000e+03    9.4960010683e-09
5.3200000000e+03    9.4969063181e-09
5.3220000000e+03    9.4978111221e-09
5.3240000000e+03    9.4987156159e-09
5.3260000000e+03    9.4996195284e-09
5.3280000000e+03    9.5005229948e-09
5.3300000000e+03    9.5014260157e-09
5.3320000000e+03    9.5023285915e-09
5.3340000000e+03    9.5032307227e-09
5.3360000000e+03    9.5041324099e-09
5.3380000000e+03    9.5050336533e-09
5.3400000000e+03    9.5059344537e-09
5.3420000000e+03    9.5068348113e-09
5.3440000000e+03    9.5077347268e-09
5.3460000000e+03    9.5086342006e-09
5.3480000000e+03    9.5095332332e-09
5.3500000000e+03    9.5104318250e-09
5.3520000000e+03    9.5113299766e-09
5.3540000000e+03    9.5122276884e-09
5.3560000000e+03    9.5131249609e-09
5.3580000000e+03    9.5140217947e-09
5.3600000000e+03    9.5149181901e-09
5.3620000000e+03    9.5158141478e-09
5.3640000000e+03    9.5167096681e-09
5.3660000000e+03    9.5176047516e-09
5.3680000000e+03    9.5184993987e-09
5.3700000000e+03    9.5193936100e-09
5.3720000000e+03    9.5202873859e-09
5.3740000000e+03    9.5211807270e-09
5.3760000000e+03    9.5220736337e-09
5.3780000000e+03    9.5229661065e-09
5.3800000000e+03    9.5238581459e-09
5.3820000000e+03    9.5247497525e-09
5.3840000000e+03    9.5256409266e-09
5.3860000000e+03    9.5265316688e-09
5.3880000000e+03    9.5274236492e-09
5.3900000000e+03    9.5283135238e-09
5.3920000000e+03    9.5292029680e-09
5.3940000000e+03    9.5300919825e-09
5.3960000000e+03    9.5309805676e-09
5.3980000000e+03    9.5318687240e-09
5.4000000000e+03    9.5327564520e-09
5.4020000000e+03    9.5336437521e-09
5.4040000000e+03    9.5345306250e-09
5.4060000000e+03    9.5354170709e-09
5.4080000000e+03    9.5363030906e-09
5.4100000000e+03    9.5371876499e-09
5.4120000000e+03    9.5380698315e-09
5.4140000000e+03    9.5389544403e-09
5.4160000000e+03    9.5398330948e-09
5.4180000000e+03    9.5407167011e-09
5.4200000000e+03    9.5415998425e-09
5.4220000000e+03    9.5424825196e-09
5.4240000000e+03    9.5433647330e-09
5.4260000000e+03    9.5442464834e-09
5.4280000000e+03    9.5451277713e-09
5.4300000000e+03    9.5460085974e-09
5.4320000000e+03    9.5468889623e-09
5.4340000000e+03    9.5477688666e-09
5.4360000000e+03    9.5486483110e-09
5.4380000000e+03    9.5495272963e-09
5.4400000000e+03    9.5504058227e-09
5.4420000000e+03    9.5512838910e-09
5.4440000000e+03    9.5521615019e-09
5.4460000000e+03    9.5530386560e-09
5.4480000000e+03    9.5539153538e-09
5.4500000000e+03    9.5547915961e-09
5.4520000000e+03    9.5556673834e-09
5.4540000000e+03    9.5565427164e-09
5.4560000000e+03    9.5574175956e-09
5.4580000000e+03    9.5582920217e-09
5.4600000000e+03    9.5591659954e-09
5.4620000000e+03    9.5600395171e-09
5.4640000000e+03    9.5609125876e-09
5.4660000000e+03    9.5617852075e-09
5.4680000000e+03    9.5626573773e-09
5.4700000000e+03    9.5635290977e-09
5.4720000000e+03    9.5644024115e-09
5.4740000000e+03    9.5652733267e-09
5.4760000000e+03    9.5661438485e-09
5.4780000000e+03    9.5670139776e-09
5.4800000000e+03    9.5678837145e-09
5.4820000000e+03    9.5687530596e-09
5.4840000000e+03    9.5696220136e-09
5.4860000000e+03    9.5704898647e-09
5.4880000000e+03    9.5713408261e-09
5.4900000000e+03    9.5722085753e-09
5.4920000000e+03    9.5730759233e-09
5.4940000000e+03    9.5739428707e-09
5.4960000000e+03    9.5748094180e-09
5.4980000000e+03    9.5756755659e-09
5.5000000000e+03    9.5765413149e-09
5.5020000000e+03    9.5774066656e-09
5.5040000000e+03    9.5782716186e-09
5.5060000000e+03    9.5791361745e-09
5.5080000000e+03    9.5800003338e-09
5.5100000000e+03    9.5808640972e-09
5.5120000000e+03    9.5817274651e-09
5.5140000000e+03    9.5825904383e-09
5.5160000000e+03    9.5834530172e-09
5.5180000000e+03    9.5843152024e-09
5.5200000000e+03    9.5851574681e-09
5.5220000000e+03    9.5860188655e-09
5.5240000000e+03    9.5868798788e-09
5.5260000000e+03    9.5877405084e-09
5.5280000000e+03    9.5886007550e-09
5.5300000000e+03    9.5894606191e-09
5.5320000000e+03    9.5903201013e-09
5.5340000000e+03    9.5911792020e-09
5.5360000000e+03    9.5920379220e-09
5.5380000000e+03    9.5928962617e-09
5.5400000000e+03    9.5937542217e-09
5.5420000000e+03    9.5946118027e-09
5.5440000000e+03    9.5954690050e-09
5.5460000000e+03    9.5963258294e-09
5.5480000000e+03    9.5971822763e-09
5.5500000000e+03    9.5980383463e-09
5.5520000000e+03    9.5988940401e-09
5.5540000000e+03    9.5997493581e-09
5.5560000000e+03    9.6006043009e-09
5.5580000000e+03    9.6014588691e-09
5.5600000000e+03    9.6023130633e-09
5.5620000000e+03    9.6031668839e-09
5.5640000000e+03    9.6040203317e-09
5.5660000000e+03    9.6048734071e-09
5.5680000000e+03    9.6057261107e-09
5.5700000000e+03    9.6065784430e-09
5.5720000000e+03    9.6074304047e-09
5.5740000000e+03    9.6082813009e-09
5.5760000000e+03    9.6091325102e-09
5.5780000000e+03    9.6099833324e-09
5.5800000000e+03    9.6108337681e-09
5.5820000000e+03    9.6116838179e-09
5.5840000000e+03    9.6125334825e-09
5.5860000000e+03    9.6133827626e-09
5.5880000000e+03    9.6142316586e-09
5.5900000000e+03    9.6150801712e-09
5.5920000000e+03    9.6159283011e-09
5.5940000000e+03    9.6167760488e-09
5.5960000000e+03    9.6176234150e-09
5.5980000000e+03    9.6184704003e-09
5.6000000000e+03    9.6193170052e-09
5.6020000000e+03    9.6201632306e-09
5.6040000000e+03    9.6210090768e-09
5.6060000000e+03    9.6218545446e-09
5.6080000000e+03    9.6226996346e-09
5.6100000000e+03    9.6235443474e-09
5.6120000000e+03    9.6243886836e-09
5.6140000000e+03    9.6252326438e-09
5.6160000000e+03    9.6260762287e-09
5.6180000000e+03    9.6269194388e-09
5.6200000000e+03    9.6277622748e-09
5.6220000000e+03    9.6286047373e-09
5.6240000000e+03    9.6294468269e-09
5.6260000000e+03    9.6302885442e-09
5.6280000000e+03    9.6311287529e-09
5.6300000000e+03    9.6319697165e-09
5.6320000000e+03    9.6328102807e-09
5.6340000000e+03    9.6336504460e-09
5.6360000000e+03    9.6344902132e-09
5.6380000000e+03    9.6353295830e-09
5.6400000000e+03    9.6361685561e-09
5.6420000000e+03    9.6370071331e-09
5.6440000000e+03    9.6378453149e-09
5.6460000000e+03    9.6386831019e-09
5.6480000000e+03    9.6395204951e-09
5.6500000000e+03    9.6403574950e-09
5.6520000000e+03    9.6411990133e-09
5.6540000000e+03    9.6420352219e-09
5.6560000000e+03    9.6428710375e-09
5.6580000000e+03    9.6437064607e-09
5.6600000000e+03    9.6445414924e-09
5.6620000000e+03    9.6453761332e-09
5.6640000000e+03    9.6462103837e-09
5.6660000000e+03    9.6470442447e-09
5.6680000000e+03    9.6478777169e-09
5.6700000000e+03    9.6487108009e-09
5.6720000000e+03    9.6495448988e-09
5.6740000000e+03    9.6503772043e-09
5.6760000000e+03    9.6512091238e-09
5.6780000000e+03    9.6520406581e-09
5.6800000000e+03    9.6528718078e-09
5.6820000000e+03    9.6537025736e-09
5.6840000000e+03    9.6545329562e-09
5.6860000000e+03    9.6553629563e-09
5.6880000000e+03    9.6561925745e-09
5.6900000000e+03    9.6570218116e-09
5.6920000000e+03    9.6578506682e-09
5.6940000000e+03    9.6586791450e-09
5.6960000000e+03    9.6595072427e-09
5.6980000000e+03    9.6603349620e-09
5.7000000000e+03    9.6611623035e-09
5.7020000000e+03    9.6619892680e-09
5.7040000000e+03    9.6628158562e-09
5.7060000000e+03    9.6636420686e-09
5.7080000000e+03    9.6644679060e-09
5.7100000000e+03    9.6652933691e-09
5.7120000000e+03    9.6660934824e-09
5.7140000000e+03    9.6669182023e-09
5.7160000000e+03    9.6677425591e-09
5.7180000000e+03    9.6685665534e-09
5.7200000000e+03    9.6693976676e-09
5.7220000000e+03    9.6702209158e-09
5.7240000000e+03    9.6710438041e-09
5.7260000000e+03    9.6718663330e-09
5.7280000000e+03    9.6726885033e-09
5.7300000000e+03    9.6735103154e-09
5.7320000000e+03    9.6743317702e-09
5.7340000000e+03    9.6751528680e-09
5.7360000000e+03    9.6759736097e-09
5.7380000000e+03    9.6767943746e-09
5.7400000000e+03    9.6776144045e-09
5.7420000000e+03    9.6784340800e-09
5.7440000000e+03    9.6792534018e-09
5.7460000000e+03    9.6800723705e-09
5.7480000000e+03    9.6808909867e-09
5.7500000000e+03    9.6817092511e-09
5.7520000000e+03    9.6825271641e-09
5.7540000000e+03    9.6833447265e-09
5.7560000000e+03    9.6841619388e-09
5.7580000000e+03    9.6849788018e-09
5.7600000000e+03    9.6857953159e-09
5.7620000000e+03    9.6866114818e-09
5.7640000000e+03    9.6874273001e-09
5.7660000000e+03    9.6882427715e-09
5.7680000000e+03    9.6890578964e-09
5.7700000000e+03    9.6898726757e-09
5.7720000000e+03    9.6906871098e-09
5.7740000000e+03    9.6915011994e-09
5.7760000000e+03    9.6923149451e-09
5.7780000000e+03    9.6931283476e-09
5.7800000000e+03    9.6939414073e-09
5.7820000000e+03    9.6947541250e-09
5.7840000000e+03    9.6955665012e-09
5.7860000000e+03    9.6963785366e-09
5.7880000000e+03    9.6971902318e-09
5.7900000000e+03    9.6980015874e-09
5.7920000000e+03    9.6988126040e-09
5.7940000000e+03    9.6996232822e-09
5.7960000000e+03    9.7004336226e-09
5.7980000000e+03    9.7012436259e-09
5.8000000000e+03    9.7020532927e-09
5.8020000000e+03    9.7028626235e-09
5.8040000000e+03    9.7036716190e-09
5.8060000000e+03    9.7044802798e-09
5.8080000000e+03    9.7052886065e-09
5.8100000000e+03    9.7060965997e-09
5.8120000000e+03    9.7069042601e-09
5.8140000000e+03    9.7077115882e-09
5.8160000000e+03    9.7085185847e-09
5.8180000000e+03    9.7093252502e-09
5.8200000000e+03    9.7101315852e-09
5.8220000000e+03    9.7109375905e-09
5.8240000000e+03    9.7117432665e-09
5.8260000000e+03    9.7125486140e-09
5.8280000000e+03    9.7133536336e-09
5.8300000000e+03    9.7141583257e-09
5.8320000000e+03    9.7149626912e-09
5.8340000000e+03    9.7157669898e-09
5.8360000000e+03    9.7165706994e-09
5.8380000000e+03    9.7173740814e-09
5.8400000000e+03    9.7181771362e-09
5.8420000000e+03    9.7189798646e-09
5.8440000000e+03    9.7197822671e-09
5.8460000000e+03    9.7205843443e-09
5.8480000000e+03    9.7213860970e-09
5.8500000000e+03    9.7221875256e-09
5.8520000000e+03    9.7229886308e-09
5.8540000000e+03    9.7237894132e-09
5.8560000000e+03    9.7245898735e-09
5.8580000000e+03    9.7253900122e-09
5.8600000000e+03    9.7261898300e-09
5.8620000000e+03    9.7269893275e-09
5.8640000000e+03    9.7277885053e-09
5.8660000000e+03    9.7285873640e-09
5.8680000000e+03    9.7293859042e-09
5.8700000000e+03    9.7301841266e-09
5.8720000000e+03    9.7309820318e-09
5.8740000000e+03    9.7317796203e-09
5.8760000000e+03    9.7325768929e-09
5.8780000000e+03    9.7333738500e-09
5.8800000000e+03    9.7342641527e-09
5.8820000000e+03    9.7350592363e-09
5.8840000000e+03    9.7358530074e-09
5.8860000000e+03    9.7366454680e-09
5.8880000000e+03    9.7374366201e-09
5.8900000000e+03    9.7382264656e-09
5.8920000000e+03    9.7390150066e-09
5.8940000000e+03    9.7398022451e-09
5.8960000000e+03    9.7405881831e-09
5.8980000000e+03    9.7413728225e-09
5.9000000000e+03    9.7421561654e-09
5.9020000000e+03    9.7429382138e-09
5.9040000000e+03    9.7437189696e-09
5.9060000000e+03    9.7444973263e-09
5.9080000000e+03    9.7452754956e-09
5.9100000000e+03    9.7460523526e-09
5.9120000000e+03    9.7468278994e-09
5.9140000000e+03    9.7476021379e-09
5.9160000000e+03    9.7483750702e-09
5.9180000000e+03    9.7491466985e-09
5.9200000000e+03    9.7499170246e-09
5.9220000000e+03    9.7506860508e-09
5.9240000000e+03    9.7514537790e-09
5.9260000000e+03    9.7522202112e-09
5.9280000000e+03    9.7529853495e-09
5.9300000000e+03    9.7537491960e-09
5.9320000000e+03    9.7545117527e-09
5.9340000000e+03    9.7552730216e-09
5.9360000000e+03    9.7560330047e-09
5.9380000000e+03    9.7567917042e-09
5.9400000000e+03    9.7575491220e-09
5.9420000000e+03    9.7583052601e-09
5.9440000000e+03    9.7590601206e-09
5.9460000000e+03    9.7598137055e-09
5.9480000000e+03    9.7605660168e-09
5.9500000000e+03    9.7613170566e-09
5.9520000000e+03    9.7620668268e-09
5.9540000000e+03    9.7628153295e-09
5.9560000000e+03    9.7635625668e-09
5.9580000000e+03    9.7643085405e-09
5.9600000000e+03    9.7650532528e-09
5.9620000000e+03    9.7657967056e-09
5.9640000000e+03    9.7665389009e-09
5.9660000000e+03    9.7672798409e-09
5.9680000000e+03    9.7680195274e-09
5.9700000000e+03    9.7687579625e-09
5.9720000000e+03    9.7694951482e-09
5.9740000000e+03    9.7702310864e-09
5.9760000000e+03    9.7709657792e-09
5.9780000000e+03    9.7716992286e-09
5.9800000000e+03    9.7724314366e-09
5.9820000000e+03    9.7731624051e-09
5.9840000000e+03    9.7738921362e-09
5.9860000000e+03    9.7746206318e-09
5.9880000000e+03    9.7753478940e-09
5.9900000000e+03    9.7760739247e-09
5.9920000000e+03    9.7767987259e-09
5.9940000000e+03    9.7775222996e-09
5.9960000000e+03    9.7782446477e-09
5.9980000000e+03    9.7789632408e-09
6.0000000000e+03    9.7796852602e-09
6.0020000000e+03    9.7804039259e-09
6.0040000000e+03    9.7811213521e-09
6.0060000000e+03    9.7818375408e-09
6.0080000000e+03    9.7825524940e-09
6.0100000000e+03    9.7832662137e-09
6.0120000000e+03    9.7839787019e-09
6.0140000000e+03    9.7846899606e-09
6.0160000000e+03    9.7853999917e-09
6.0180000000e+03    9.7861087972e-09
6.0200000000e+03    9.7868163792e-09
6.0220000000e+03    9.7875227395e-09
6.0240000000e+03    9.7882278803e-09
6.0260000000e+03    9.7889318033e-09
6.0280000000e+03    9.7896345107e-09
6.0300000000e+03    9.7903360044e-09
6.0320000000e+03    9.7910362864e-09
6.0340000000e+03    9.7917353586e-09
6.0360000000e+03    9.7924332230e-09
6.0380000000e+03    9.7931298816e-09
6.0400000000e+03    9.7938253363e-09
6.0420000000e+03    9.7945195891e-09
6.0440000000e+03    9.7952126420e-09
6.0460000000e+03    9.7959044969e-09
6.0480000000e+03    9.7965951558e-09
6.0500000000e+03    9.7972846206e-09
6.0520000000e+03    9.7979728933e-09
6.0540000000e+03    9.7986599759e-09
6.0560000000e+03    9.7993458702e-09
6.0580000000e+03    9.8000305784e-09
6.0600000000e+03    9.8007141022e-09
6.0620000000e+03    9.8013964437e-09
6.0640000000e+03    9.8020776047e-09
6.0660000000e+03    9.8027575873e-09
6.0680000000e+03    9.8034375068e-09
6.0700000000e+03    9.8041151316e-09
6.0720000000e+03    9.8047921122e-09
6.0740000000e+03    9.8054673682e-09
6.0760000000e+03    9.8061414389e-09
6.0780000000e+03    9.8068143263e-09
6.0800000000e+03    9.8074860325e-09
6.0820000000e+03    9.8081565592e-09
6.0840000000e+03    9.8088259085e-09
6.0860000000e+03    9.8094940824e-09
6.0880000000e+03    9.8101610827e-09
6.0900000000e+03    9.8108269115e-09
6.0920000000e+03    9.8114915706e-09
6.0940000000e+03    9.8121550621e-09
6.0960000000e+03    9.8128173878e-09
6.0980000000e+03    9.8134785498e-09
6.1000000000e+03    9.8141385499e-09
6.1020000000e+03    9.8147973900e-09
6.1040000000e+03    9.8154550722e-09
6.1060000000e+03    9.8161115984e-09
6.1080000000e+03    9.8167669705e-09
6.1100000000e+03    9.8174211904e-09
6.1120000000e+03    9.8180742600e-09
6.1140000000e+03    9.8187261814e-09
6.1160000000e+03    9.8193769563e-09
6.1180000000e+03    9.8200265868e-09
6.1200000000e+03    9.8206750748e-09
6.1220000000e+03    9.8213224221e-09
6.1240000000e+03    9.8219686308e-09
6.1260000000e+03    9.8226137027e-09
6.1280000000e+03    9.8232576398e-09
6.1300000000e+03    9.8239004439e-09
6.1320000000e+03    9.8245421170e-09
6.1340000000e+03    9.8251826611e-09
6.1360000000e+03    9.8258220779e-09
6.1380000000e+03    9.8264603695e-09
6.1400000000e+03    9.8270975359e-09
6.1420000000e+03    9.8277335827e-09
6.1440000000e+03    9.8283685099e-09
6.1460000000e+03    9.8290023195e-09
6.1480000000e+03    9.8296350134e-09
6.1500000000e+03    9.8302665934e-09
6.1520000000e+03    9.8308970616e-09
6.1540000000e+03    9.8315264197e-09
6.1560000000e+03    9.8321546696e-09
6.1580000000e+03    9.8327818134e-09
6.1600000000e+03    9.8334078528e-09
6.1620000000e+03    9.8340327898e-09
6.1640000000e+03    9.8346566262e-09
6.1660000000e+03    9.8352793639e-09
6.1680000000e+03    9.8359010049e-09
6.1700000000e+03    9.8365215510e-09
6.1720000000e+03    9.8371410041e-09
6.1740000000e+03    9.8377593661e-09
6.1760000000e+03    9.8383766389e-09
6.1780000000e+03    9.8389928243e-09
6.1800000000e+03    9.8396079242e-09
6.1820000000e+03    9.8402219406e-09
6.1840000000e+03    9.8408380853e-09
6.1860000000e+03    9.8414499163e-09
6.1880000000e+03    9.8420606385e-09
6.1900000000e+03    9.8426702536e-09
6.1920000000e+03    9.8432787638e-09
6.1940000000e+03    9.8438861708e-09
6.1960000000e+03    9.8444924767e-09
6.1980000000e+03    9.8450976832e-09
6.2000000000e+03    9.8457017923e-09
6.2020000000e+03    9.8463048059e-09
6.2040000000e+03    9.8469067259e-09
6.2060000000e+03    9.8475075542e-09
6.2080000000e+03    9.8481072927e-09
6.2100000000e+03    9.8487059432e-09
6.2120000000e+03    9.8493035078e-09
6.2140000000e+03    9.8498999883e-09
6.2160000000e+03    9.8504953866e-09
6.2180000000e+03    9.8510897045e-09
6.2200000000e+03    9.8516820157e-09
6.2220000000e+03    9.8522741590e-09
6.2240000000e+03    9.8528652083e-09
6.2260000000e+03    9.8534551655e-09
6.2280000000e+03    9.8540440325e-09
6.2300000000e+03    9.8546318113e-09
6.2320000000e+03    9.8552185038e-09
6.2340000000e+03    9.8558041119e-09
6.2360000000e+03    9.8563886376e-09
6.2380000000e+03    9.8569720827e-09
6.2400000000e+03    9.8575544492e-09
6.2420000000e+03    9.8581357391e-09
6.2440000000e+03    9.8587159541e-09
6.2460000000e+03    9.8592950964e-09
6.2480000000e+03    9.8598731677e-09
6.2500000000e+03    9.8604501700e-09
6.2520000000e+03    9.8610261052e-09
6.2540000000e+03    9.8616009752e-09
6.2560000000e+03    9.8621747819e-09
6.2580000000e+03    9.8627475273e-09
6.2600000000e+03    9.8633192132e-09
6.2620000000e+03    9.8638898415e-09
6.2640000000e+03    9.8644594142e-09
6.2660000000e+03    9.8650279331e-09
6.2680000000e+03    9.8655954001e-09
6.2700000000e+03    9.8661618172e-09
6.2720000000e+03    9.8667222727e-09
6.2740000000e+03    9.8672865152e-09
6.2760000000e+03    9.8678496123e-09
6.2780000000e+03    9.8684115662e-09
6.2800000000e+03    9.8689723791e-09
6.2820000000e+03    9.8695320531e-09
6.2840000000e+03    9.8700905903e-09
6.2860000000e+03    9.8706479930e-09
6.2880000000e+03    9.8712042632e-09
6.2900000000e+03    9.8717594030e-09
6.2920000000e+03    9.8723131654e-09
6.2940000000e+03    9.8728660472e-09
6.2960000000e+03    9.8734178000e-09
6.2980000000e+03    9.8739684260e-09
6.3000000000e+03    9.8745179272e-09
6.3020000000e+03    9.8750663059e-09
6.3040000000e+03    9.8756135641e-09
6.3060000000e+03    9.8761597039e-09
6.3080000000e+03    9.8767047276e-09
6.3100000000e+03    9.8772486372e-09
6.3120000000e+03    9.8777914349e-09
6.3140000000e+03    9.8783331227e-09
6.3160000000e+03    9.8788737029e-09
6.3180000000e+03    9.8794131774e-09
6.3200000000e+03    9.8799515484e-09
6.3220000000e+03    9.8804888181e-09
6.3240000000e+03    9.8810249884e-09
6.3260000000e+03    9.8815600616e-09
6.3280000000e+03    9.8820940397e-09
6.3300000000e+03    9.8826269248e-09
6.3320000000e+03    9.8831587190e-09
6.3340000000e+03    9.8836894244e-09
6.3360000000e+03    9.8842190431e-09
6.3380000000e+03    9.8847475772e-09
6.3400000000e+03    9.8852750286e-09
6.3420000000e+03    9.8858013997e-09
6.3440000000e+03    9.8863266923e-09
6.3460000000e+03    9.8868509086e-09
6.3480000000e+03    9.8873740506e-09
6.3500000000e+03    9.8878961204e-09
6.3520000000e+03    9.8884171201e-09
6.3540000000e+03    9.8889370517e-09
6.3560000000e+03    9.8894559173e-09
6.3580000000e+03    9.8899737190e-09
6.3600000000e+03    9.8904904587e-09
6.3620000000e+03    9.8910061387e-09
6.3640000000e+03    9.8915207608e-09
6.3660000000e+03    9.8920343271e-09
6.3680000000e+03    9.8925468397e-09
6.3700000000e+03    9.8930583007e-09
6.3720000000e+03    9.8935687120e-09
6.3740000000e+03    9.8940780757e-09
6.3760000000e+03    9.8945863938e-09
6.3780000000e+03    9.8950936684e-09
6.3800000000e+03    9.8955999014e-09
6.3820000000e+03    9.8961050950e-09
6.3840000000e+03    9.8966092510e-09
6.3860000000e+03    9.8971123716e-09
6.3880000000e+03    9.8976144588e-09
6.3900000000e+03    9.8981155146e-09
6.3920000000e+03    9.8986155409e-09
6.3940000000e+03    9.8991145398e-09
6.3960000000e+03    9.8996125133e-09
6.3980000000e+03    9.9001094634e-09
6.4000000000e+03    9.9006053921e-09
6.4020000000e+03    9.9011003013e-09
6.4040000000e+03    9.9015941932e-09
6.4060000000e+03    9.9020870696e-09
6.4080000000e+03    9.9025789326e-09
6.4100000000e+03    9.9030697842e-09
6.4120000000e+03    9.9035596263e-09
6.4140000000e+03    9.9040484609e-09
6.4160000000e+03    9.9045697272e-09
6.4180000000e+03    9.9050563086e-09
6.4200000000e+03    9.9055415895e-09
6.4220000000e+03    9.9060260657e-09
6.4240000000e+03    9.9065087635e-09
6.4260000000e+03    9.9069901775e-09
6.4280000000e+03    9.9074703100e-09
6.4300000000e+03    9.9079491632e-09
6.4320000000e+03    9.9084267397e-09
6.4340000000e+03    9.9089030416e-09
6.4360000000e+03    9.9093780713e-09
6.4380000000e+03    9.9098518311e-09
6.4400000000e+03    9.9103243233e-09
6.4420000000e+03    9.9107955503e-09
6.4440000000e+03    9.9112655144e-09
6.4460000000e+03    9.9117342178e-09
6.4480000000e+03    9.9122016628e-09
6.4500000000e+03    9.9126678519e-09
6.4520000000e+03    9.9131327872e-09
6.4540000000e+03    9.9135964711e-09
6.4560000000e+03    9.9140589059e-09
6.4580000000e+03    9.9145200938e-09
6.4600000000e+03    9.9149800372e-09
6.4620000000e+03    9.9154387383e-09
6.4640000000e+03    9.9158961994e-09
6.4660000000e+03    9.9163524228e-09
6.4680000000e+03    9.9168074108e-09
6.4700000000e+03    9.9172611656e-09
6.4720000000e+03    9.9177136896e-09
6.4740000000e+03    9.9181649849e-09
6.4760000000e+03    9.9186150540e-09
6.4780000000e+03    9.9190638989e-09
6.4800000000e+03    9.9195115221e-09
6.4820000000e+03    9.9199579257e-09
6.4840000000e+03    9.9204031120e-09
6.4860000000e+03    9.9208470833e-09
6.4880000000e+03    9.9212898417e-09
6.4900000000e+03    9.9217313897e-09
6.4920000000e+03    9.9221717294e-09
6.4940000000e+03    9.9226108630e-09
6.4960000000e+03    9.9230487929e-09
6.4980000000e+03    9.9234855211e-09
6.5000000000e+03    9.9239210501e-09
6.5020000000e+03    9.9243553820e-09
6.5040000000e+03    9.9247952153e-09
6.5060000000e+03    9.9252271261e-09
6.5080000000e+03    9.9256577882e-09
6.5100000000e+03    9.9260872039e-09
6.5120000000e+03    9.9265153756e-09
6.5140000000e+03    9.9269423056e-09
6.5160000000e+03    9.9273679960e-09
6.5180000000e+03    9.9277924493e-09
6.5200000000e+03    9.9282156677e-09
6.5220000000e+03    9.9286376535e-09
6.5240000000e+03    9.9290584089e-09
6.5260000000e+03    9.9294779363e-09
6.5280000000e+03    9.9298962379e-09
6.5300000000e+03    9.9303133159e-09
6.5320000000e+03    9.9307291727e-09
6.5340000000e+03    9.9311438106e-09
6.5360000000e+03    9.9315572317e-09
6.5380000000e+03    9.9319694383e-09
6.5400000000e+03    9.9323804328e-09
6.5420000000e+03    9.9327902173e-09
6.5440000000e+03    9.9331987941e-09
6.5460000000e+03    9.9336061655e-09
6.5480000000e+03    9.9340123336e-09
6.5500000000e+03    9.9344173009e-09
6.5520000000e+03    9.9348332807e-09
6.5540000000e+03    9.9352358195e-09
6.5560000000e+03    9.9356371647e-09
6.5580000000e+03    9.9360373185e-09
6.5600000000e+03    9.9364362830e-09
6.5620000000e+03    9.9368340605e-09
6.5640000000e+03    9.9372306532e-09
6.5660000000e+03    9.9376260632e-09
6.5680000000e+03    9.9380202928e-09
6.5700000000e+03    9.9384133440e-09
6.5720000000e+03    9.9388052190e-09
6.5740000000e+03    9.9391959201e-09
6.5760000000e+03    9.9395854494e-09
6.5780000000e+03    9.9399738091e-09
6.5800000000e+03    9.9403610013e-09
6.5820000000e+03    9.9407470282e-09
6.5840000000e+03    9.9411318919e-09
6.5860000000e+03    9.9415155946e-09
6.5880000000e+03    9.9418981385e-09
6.5900000000e+03    9.9422795257e-09
6.5920000000e+03    9.9426811731e-09
6.5940000000e+03    9.9430601965e-09
6.5960000000e+03    9.9434380706e-09
6.5980000000e+03    9.9438147976e-09
6.6000000000e+03    9.9441903795e-09
6.6020000000e+03    9.9445648184e-09
6.6040000000e+03    9.9449381163e-09
6.6060000000e+03    9.9453102753e-09
6.6080000000e+03    9.9456812974e-09
6.6100000000e+03    9.9460560575e-09
6.6120000000e+03    9.9464247599e-09
6.6140000000e+03    9.9467922905e-09
6.6160000000e+03    9.9471586514e-09
6.6180000000e+03    9.9475238445e-09
6.6200000000e+03    9.9478878722e-09
6.6220000000e+03    9.9482507363e-09
6.6240000000e+03    9.9486124391e-09
6.6260000000e+03    9.9489729825e-09
6.6280000000e+03    9.9493323687e-09
6.6300000000e+03    9.9496905997e-09
6.6320000000e+03    9.9500476777e-09
6.6340000000e+03    9.9504036046e-09
6.6360000000e+03    9.9507583827e-09
6.6380000000e+03    9.9511120138e-09
6.6400000000e+03    9.9514645001e-09
6.6420000000e+03    9.9518158437e-09
6.6440000000e+03    9.9521660467e-09
6.6460000000e+03    9.9525151110e-09
6.6480000000e+03    9.9528630387e-09
6.6500000000e+03    9.9532098319e-09
6.6520000000e+03    9.9535554927e-09
6.6540000000e+03    9.9539000231e-09
6.6560000000e+03    9.9542434251e-09
6.6580000000e+03    9.9545857008e-09
6.6600000000e+03    9.9549268522e-09
6.6620000000e+03    9.9552668814e-09
6.6640000000e+03    9.9556057904e-09
6.6660000000e+03    9.9559435812e-09
6.6680000000e+03    9.9562802559e-09
6.6700000000e+03    9.9566158166e-09
6.6720000000e+03    9.9569502652e-09
6.6740000000e+03    9.9572890344e-09
6.6760000000e+03    9.9576212262e-09
6.6780000000e+03    9.9579522672e-09
6.6800000000e+03    9.9582821594e-09
6.6820000000e+03    9.9586109048e-09
6.6840000000e+03    9.9589385056e-09
6.6860000000e+03    9.9592649639e-09
6.6880000000e+03    9.9595902816e-09
6.6900000000e+03    9.9599144609e-09
6.6920000000e+03    9.9602375039e-09
6.6940000000e+03    9.9605594125e-09
6.6960000000e+03    9.9608801889e-09
6.6980000000e+03    9.9611998350e-09
6.7000000000e+03    9.9615183530e-09
6.7020000000e+03    9.9618357449e-09
6.7040000000e+03    9.9621520128e-09
6.7060000000e+03    9.9624671586e-09
6.7080000000e+03    9.9627811845e-09
6.7100000000e+03    9.9630940925e-09
6.7120000000e+03    9.9634058846e-09
6.7140000000e+03    9.9637165629e-09
6.7160000000e+03    9.9640261293e-09
6.7180000000e+03    9.9643345860e-09
6.7200000000e+03    9.9646419349e-09
6.7220000000e+03    9.9649481782e-09
6.7240000000e+03    9.9652533177e-09
6.7260000000e+03    9.9655573556e-09
6.7280000000e+03    9.9658602938e-09
6.7300000000e+03    9.9661621345e-09
6.7320000000e+03    9.9664628795e-09
6.7340000000e+03    9.9667625309e-09
6.7360000000e+03    9.9670610908e-09
6.7380000000e+03    9.9673585611e-09
6.7400000000e+03    9.9676549439e-09
6.7420000000e+03    9.9679502411e-09
6.7440000000e+03    9.9682444548e-09
6.7460000000e+03    9.9685375869e-09
6.7480000000e+03    9.9688296395e-09
6.7500000000e+03    9.9691206145e-09
6.7520000000e+03    9.9694105141e-09
6.7540000000e+03    9.9696993400e-09
6.7560000000e+03    9.9699870945e-09
6.7580000000e+03    9.9702737793e-09
6.7600000000e+03    9.9705593966e-09
6.7620000000e+03    9.9708439482e-09
6.7640000000e+03    9.9711274363e-09
6.7660000000e+03    9.9714098627e-09
6.7680000000e+03    9.9716912295e-09
6.7700000000e+03    9.9719715386e-09
6.7720000000e+03    9.9722507920e-09
6.7740000000e+03    9.9725289917e-09
6.7760000000e+03    9.9728061396e-09
6.7780000000e+03    9.9730822377e-09
6.7800000000e+03    9.9733572880e-09
6.7820000000e+03    9.9736312925e-09
6.7840000000e+03    9.9739042530e-09
6.7860000000e+03    9.9741761717e-09
6.7880000000e+03    9.9744470503e-09
6.7900000000e+03    9.9747168909e-09
6.7920000000e+03    9.9749856954e-09
6.7940000000e+03    9.9752534659e-09
6.7960000000e+03    9.9755202041e-09
6.7980000000e+03    9.9757859121e-09
6.8000000000e+03    9.9760505919e-09
6.8020000000e+03    9.9763142453e-09
6.8040000000e+03    9.9765768743e-09
6.8060000000e+03    9.9768384809e-09
6.8080000000e+03    9.9770990669e-09
6.8100000000e+03    9.9773586344e-09
6.8120000000e+03    9.9776171852e-09
6.8140000000e+03    9.9778747212e-09
6.8160000000e+03    9.9781312445e-09
6.8180000000e+03    9.9784142041e-09
6.8200000000e+03    9.9786686361e-09
6.8220000000e+03    9.9789220625e-09
6.8240000000e+03    9.9791744849e-09
6.8260000000e+03    9.9794259053e-09
6.8280000000e+03    9.9796763255e-09
6.8300000000e+03    9.9799257473e-09
6.8320000000e+03    9.9801741725e-09
6.8340000000e+03    9.9804216029e-09
6.8360000000e+03    9.9806680404e-09
6.8380000000e+03    9.9809134868e-09
6.8400000000e+03    9.9811579439e-09
6.8420000000e+03    9.9814014135e-09
6.8440000000e+03    9.9816438974e-09
6.8460000000e+03    9.9818853974e-09
6.8480000000e+03    9.9821259154e-09
6.8500000000e+03    9.9823654531e-09
6.8520000000e+03    9.9826040123e-09
6.8540000000e+03    9.9828415948e-09
6.8560000000e+03    9.9830782025e-09
6.8580000000e+03    9.9833138371e-09
6.8600000000e+03    9.9835485004e-09
6.8620000000e+03    9.9837821942e-09
6.8640000000e+03    9.9840149203e-09
6.8660000000e+03    9.9842466805e-09
6.8680000000e+03    9.9844774765e-09
6.8700000000e+03    9.9847073103e-09
6.8720000000e+03    9.9849361834e-09
6.8740000000e+03    9.9851640978e-09
6.8760000000e+03    9.9853910551e-09
6.8780000000e+03    9.9856170573e-09
6.8800000000e+03    9.9858421059e-09
6.8820000000e+03    9.9860662029e-09
6.8840000000e+03    9.9862893500e-09
6.8860000000e+03    9.9865115490e-09
6.8880000000e+03    9.9867328015e-09
6.8900000000e+03    9.9869531094e-09
6.8920000000e+03    9.9871724745e-09
6.8940000000e+03    9.9873908985e-09
6.8960000000e+03    9.9876083832e-09
6.8980000000e+03    9.9878249303e-09
6.9000000000e+03    9.9880405415e-09
6.9020000000e+03    9.9882552187e-09
6.9040000000e+03    9.9884689636e-09
6.9060000000e+03    9.9886817779e-09
6.9080000000e+03    9.9888936634e-09
6.9100000000e+03    9.9891046218e-09
6.9120000000e+03    9.9893146549e-09
6.9140000000e+03    9.9895237644e-09
6.9160000000e+03    9.9897319520e-09
6.9180000000e+03    9.9899392195e-09
6.9200000000e+03    9.9901455686e-09
6.9220000000e+03    9.9903510011e-09
6.9240000000e+03    9.9905555187e-09
6.9260000000e+03    9.9907591231e-09
6.9280000000e+03    9.9909618160e-09
6.9300000000e+03    9.9911635992e-09
6.9320000000e+03    9.9913644744e-09
6.9340000000e+03    9.9915644433e-09
6.9360000000e+03    9.9917635076e-09
6.9380000000e+03    9.9919616691e-09
6.9400000000e+03    9.9921589295e-09
6.9420000000e+03    9.9923552905e-09
6.9440000000e+03    9.9925507537e-09
6.9460000000e+03    9.9927453210e-09
6.9480000000e+03    9.9929389940e-09
6.9500000000e+03    9.9931317744e-09
6.9520000000e+03    9.9933236639e-09
6.9540000000e+03    9.9935146643e-09
6.9560000000e+03    9.9937047772e-09
6.9580000000e+03    9.9938940044e-09
6.9600000000e+03    9.9940823475e-09
6.9620000000e+03    9.9942698082e-09
6.9640000000e+03    9.9944563882e-09
6.9660000000e+03    9.9946420893e-09
6.9680000000e+03    9.9948269131e-09
6.9700000000e+03    9.9950108612e-09
6.9720000000e+03    9.9951939355e-09
6.9740000000e+03    9.9953761375e-09
6.9760000000e+03    9.9955574690e-09
6.9780000000e+03    9.9957379316e-09
6.9800000000e+03    9.9959175270e-09
6.9820000000e+03    9.9960962570e-09
6.9840000000e+03    9.9962741230e-09
6.9860000000e+03    9.9964511270e-09
6.9880000000e+03    9.9966272704e-09
6.9900000000e+03    9.9968025550e-09
6.9920000000e+03    9.9969769825e-09
6.9940000000e+03    9.9971505545e-09
6.9960000000e+03    9.9973232726e-09
6.9980000000e+03    9.9974951386e-09
7.0000000000e+03    9.9976661541e-09
7.0020000000e+03    9.9978363208e-09
7.0040000000e+03    9.9980116973e-09
7.0060000000e+03    9.9981801283e-09
7.0080000000e+03    9.9983476699e-09
7.0100000000e+03    9.9985143239e-09
7.0120000000e+03    9.9986800921e-09
7.0140000000e+03    9.9988449759e-09
7.0160000000e+03    9.9990089773e-09
7.0180000000e+03    9.9991720979e-09
7.0200000000e+03    9.9993343393e-09
7.0220000000e+03    9.9994957033e-09
7.0240000000e+03    9.9996561916e-09
7.0260000000e+03    9.9998158059e-09
7.0280000000e+03    9.9999745477e-09
7.0300000000e+03    1.0000132419e-08
7.0320000000e+03    1.0000289421e-08
7.0340000000e+03    1.0000445556e-08
7.0360000000e+03    1.0000600825e-08
7.0380000000e+03    1.0000755231e-08
7.0400000000e+03    1.0000908774e-08
7.0420000000e+03    1.0001060833e-08
7.0440000000e+03    1.0001212656e-08
7.0460000000e+03    1.0001363621e-08
7.0480000000e+03    1.0001513730e-08
7.0500000000e+03    1.0001662986e-08
7.0520000000e+03    1.0001811389e-08
7.0540000000e+03    1.0001958941e-08
7.0560000000e+03    1.0002105645e-08
7.0580000000e+03    1.0002251501e-08
7.0600000000e+03    1.0002396512e-08
7.0620000000e+03    1.0002540679e-08
7.0640000000e+03    1.0002684003e-08
7.0660000000e+03    1.0002826487e-08
7.0680000000e+03    1.0002968132e-08
7.0700000000e+03    1.0003108940e-08
7.0720000000e+03    1.0003248911e-08
7.0740000000e+03    1.0003388049e-08
7.0760000000e+03    1.0003526354e-08
7.0780000000e+03    1.0003663828e-08
7.0800000000e+03    1.0003800473e-08
7.0820000000e+03    1.0003936291e-08
7.0840000000e+03    1.0004071282e-08
7.0860000000e+03    1.0004205450e-08
7.0880000000e+03    1.0004338795e-08
7.0900000000e+03    1.0004471318e-08
7.0920000000e+03    1.0004603023e-08
7.0940000000e+03    1.0004733909e-08
7.0960000000e+03    1.0004863980e-08
7.0980000000e+03    1.0004993236e-08
7.1000000000e+03    1.0005121679e-08
7.1020000000e+03    1.0005249311e-08
7.1040000000e+03    1.0005376133e-08
7.1060000000e+03    1.0005502147e-08
7.1080000000e+03    1.0005627355e-08
7.1100000000e+03    1.0005751758e-08
7.1120000000e+03    1.0005875358e-08
7.1140000000e+03    1.0005998157e-08
7.1160000000e+03    1.0006120155e-08
7.1180000000e+03    1.0006241355e-08
7.1200000000e+03    1.0006361758e-08
7.1220000000e+03    1.0006481366e-08
7.1240000000e+03    1.0006600181e-08
7.1260000000e+03    1.0006718203e-08
7.1280000000e+03    1.0006835435e-08
7.1300000000e+03    1.0006951879e-08
7.1320000000e+03    1.0007067535e-08
7.1340000000e+03    1.0007182406e-08
7.1360000000e+03    1.0007296492e-08
7.1380000000e+03    1.0007409797e-08
7.1400000000e+03    1.0007522320e-08
7.1420000000e+03    1.0007634064e-08
7.1440000000e+03    1.0007745031e-08
7.1460000000e+03    1.0007855221e-08
7.1480000000e+03    1.0007964637e-08
7.1500000000e+03    1.0008073280e-08
7.1520000000e+03    1.0008181152e-08
7.1540000000e+03    1.0008288254e-08
7.1560000000e+03    1.0008394588e-08
7.1580000000e+03    1.0008492629e-08
7.1600000000e+03    1.0008597470e-08
7.1620000000e+03    1.0008703881e-08
7.1640000000e+03    1.0008807301e-08
7.1660000000e+03    1.0008910015e-08
7.1680000000e+03    1.0009012023e-08
7.1700000000e+03    1.0009113326e-08
7.1720000000e+03    1.0009213927e-08
7.1740000000e+03    1.0009313826e-08
7.1760000000e+03    1.0009413026e-08
7.1780000000e+03    1.0009511527e-08
7.1800000000e+03    1.0009609330e-08
7.1820000000e+03    1.0009706439e-08
7.1840000000e+03    1.0009794817e-08
7.1860000000e+03    1.0009890471e-08
7.1880000000e+03    1.0009985308e-08
7.1900000000e+03    1.0010079329e-08
7.1920000000e+03    1.0010172536e-08
7.1940000000e+03    1.0010264931e-08
7.1960000000e+03    1.0010356515e-08
7.1980000000e+03    1.0010447289e-08
7.2000000000e+03    1.0010537257e-08
7.2020000000e+03    1.0010626419e-08
7.2040000000e+03    1.0010714777e-08
7.2060000000e+03    1.0010802333e-08
7.2080000000e+03    1.0010889088e-08
7.2100000000e+03    1.0010975044e-08
7.2120000000e+03    1.0011060204e-08
7.2140000000e+03    1.0011144567e-08
7.2160000000e+03    1.0011228138e-08
7.2180000000e+03    1.0011310916e-08
7.2200000000e+03    1.0011392903e-08
7.2220000000e+03    1.0011474102e-08
7.2240000000e+03    1.0011554514e-08
7.2260000000e+03    1.0011619901e-08
7.2280000000e+03    1.0011698685e-08
7.2300000000e+03    1.0011776466e-08
7.2320000000e+03    1.0011853246e-08
7.2340000000e+03    1.0011929026e-08
7.2360000000e+03    1.0012003811e-08
7.2380000000e+03    1.0012077600e-08
7.2400000000e+03    1.0012150397e-08
7.2420000000e+03    1.0012222204e-08
7.2440000000e+03    1.0012293023e-08
7.2460000000e+03    1.0012362855e-08
7.2480000000e+03    1.0012431704e-08
7.2500000000e+03    1.0012499570e-08
7.2520000000e+03    1.0012566457e-08
7.2540000000e+03    1.0012632366e-08
7.2560000000e+03    1.0012697300e-08
7.2580000000e+03    1.0012761260e-08
7.2600000000e+03    1.0012824249e-08
7.2620000000e+03    1.0012886268e-08
7.2640000000e+03    1.0012947320e-08
7.2660000000e+03    1.0013007407e-08
7.2680000000e+03    1.0013066531e-08
7.2700000000e+03    1.0013124694e-08
7.2720000000e+03    1.0013181898e-08
7.2740000000e+03    1.0013238145e-08
7.2760000000e+03    1.0013293437e-08
7.2780000000e+03    1.0013347776e-08
7.2800000000e+03    1.0013401164e-08
7.2820000000e+03    1.0013453604e-08
7.2840000000e+03    1.0013505097e-08
7.2860000000e+03    1.0013555645e-08
7.2880000000e+03    1.0013605251e-08
7.2900000000e+03    1.0013653916e-08
7.2920000000e+03    1.0013701642e-08
7.2940000000e+03    1.0013748432e-08
7.2960000000e+03    1.0013794287e-08
7.2980000000e+03    1.0013839209e-08
7.3000000000e+03    1.0013883201e-08
7.3020000000e+03    1.0013926265e-08
7.3040000000e+03    1.0013968401e-08
7.3060000000e+03    1.0014009614e-08
7.3080000000e+03    1.0014049903e-08
7.3100000000e+03    1.0014089272e-08
7.3120000000e+03    1.0014127722e-08
7.3140000000e+03    1.0014165256e-08
7.3160000000e+03    1.0014201875e-08
7.3180000000e+03    1.0014237581e-08
7.3200000000e+03    1.0014272376e-08
7.3220000000e+03    1.0014306262e-08
7.3240000000e+03    1.0014339242e-08
7.3260000000e+03    1.0014371316e-08
7.3280000000e+03    1.0014402488e-08
7.3300000000e+03    1.0014432759e-08
7.3320000000e+03    1.0014462130e-08
7.3340000000e+03    1.0014490604e-08
7.3360000000e+03    1.0014518183e-08
7.3380000000e+03    1.0014544869e-08
7.3400000000e+03    1.0014570663e-08
7.3420000000e+03    1.0014595568e-08
7.3440000000e+03    1.0014619585e-08
7.3460000000e+03    1.0014642717e-08
7.3480000000e+03    1.0014664965e-08
7.3500000000e+03    1.0014686331e-08
7.3520000000e+03    1.0014706817e-08
7.3540000000e+03    1.0014726425e-08
7.3560000000e+03    1.0014745157e-08
7.3580000000e+03    1.0014763015e-08
7.3600000000e+03    1.0014780000e-08
7.3620000000e+03    1.0014796115e-08
7.3640000000e+03    1.0014811361e-08
7.3660000000e+03    1.0014825741e-08
7.3680000000e+03    1.0014839255e-08
7.3700000000e+03    1.0014851907e-08
7.3720000000e+03    1.0014863697e-08
7.3740000000e+03    1.0014880390e-08
7.3760000000e+03    1.0014890438e-08
7.3780000000e+03    1.0014899592e-08
7.3800000000e+03    1.0014907853e-08
7.3820000000e+03    1.0014915223e-08
7.3840000000e+03    1.0014921705e-08
7.3860000000e+03    1.0014927299e-08
7.3880000000e+03    1.0014932009e-08
7.3900000000e+03    1.0014935835e-08
7.3920000000e+03    1.0014938780e-08
7.3940000000e+03    1.0014940845e-08
7.3960000000e+03    1.0014942033e-08
7.3980000000e+03    1.0014942345e-08
7.4000000000e+03    1.0014941783e-08
7.4020000000e+03    1.0014940349e-08
7.4040000000e+03    1.0014938045e-08
7.4060000000e+03    1.0014934872e-08
7.4080000000e+03    1.0014930833e-08
7.4100000000e+03    1.0014925930e-08
7.4120000000e+03    1.0014920163e-08
7.4140000000e+03    1.0014913536e-08
7.4160000000e+03    1.0014906049e-08
7.4180000000e+03    1.0014897705e-08
7.4200000000e+03    1.0014888506e-08
7.4220000000e+03    1.0014878453e-08
7.4240000000e+03    1.0014867548e-08
7.4260000000e+03    1.0014855793e-08
7.4280000000e+03    1.0014843190e-08
7.4300000000e+03    1.0014829740e-08
7.4320000000e+03    1.0014815446e-08
7.4340000000e+03    1.0014800309e-08
7.4360000000e+03    1.0014830634e-08
7.4380000000e+03    1.0014813640e-08
7.4400000000e+03    1.0014795501e-08
7.4420000000e+03    1.0014776219e-08
7.4440000000e+03    1.0014755795e-08
7.4460000000e+03    1.0014734232e-08
7.4480000000e+03    1.0014711532e-08
7.4500000000e+03    1.0014687697e-08
7.4520000000e+03    1.0014662729e-08
7.4540000000e+03    1.0014636631e-08
7.4560000000e+03    1.0014609404e-08
7.4580000000e+03    1.0014581050e-08
7.4600000000e+03    1.0014553528e-08
7.4620000000e+03    1.0014522919e-08
7.4640000000e+03    1.0014491177e-08
7.4660000000e+03    1.0014458304e-08
7.4680000000e+03    1.0014424301e-08
7.4700000000e+03    1.0014389172e-08
7.4720000000e+03    1.0014352918e-08
7.4740000000e+03    1.0014315541e-08
7.4760000000e+03    1.0014258841e-08
7.4780000000e+03    1.0014219097e-08
7.4800000000e+03    1.0014177973e-08
7.4820000000e+03    1.0014135471e-08
7.4840000000e+03    1.0014091594e-08
7.4860000000e+03    1.0014046344e-08
7.4880000000e+03    1.0013999724e-08
7.4900000000e+03    1.0013951737e-08
7.4920000000e+03    1.0013902385e-08
7.4940000000e+03    1.0013851671e-08
7.4960000000e+03    1.0013799597e-08
7.4980000000e+03    1.0013746166e-08
7.5000000000e+03    1.0013691381e-08
7.5020000000e+03    1.0013635244e-08
7.5040000000e+03    1.0013577758e-08
7.5060000000e+03    1.0013518925e-08
7.5080000000e+03    1.0013458748e-08
7.5100000000e+03    1.0013397229e-08
7.5120000000e+03    1.0013334372e-08
7.5140000000e+03    1.0013270178e-08
7.5160000000e+03    1.0013204650e-08
7.5180000000e+03    1.0013137791e-08
7.5200000000e+03    1.0013069603e-08
7.5220000000e+03    1.0013000089e-08
7.5240000000e+03    1.0012929251e-08
7.5260000000e+03    1.0012857092e-08
7.5280000000e+03    1.0012783614e-08
7.5300000000e+03    1.0012708820e-08
7.5320000000e+03    1.0012632712e-08
7.5340000000e+03    1.0012555293e-08
7.5360000000e+03    1.0012476566e-08
7.5380000000e+03    1.0012396532e-08
7.5400000000e+03    1.0012315195e-08
7.5420000000e+03    1.0012232556e-08
7.5440000000e+03    1.0012148618e-08
7.5460000000e+03    1.0012063385e-08
7.5480000000e+03    1.0011976857e-08
7.5500000000e+03    1.0011889038e-08
7.5520000000e+03    1.0011799930e-08
7.5540000000e+03    1.0011709536e-08
7.5560000000e+03    1.0011617858e-08
7.5580000000e+03    1.0011524898e-08
7.5600000000e+03    1.0011430659e-08
7.5620000000e+03    1.0011335144e-08
7.5640000000e+03    1.0011238354e-08
7.5660000000e+03    1.0011140292e-08
7.5680000000e+03    1.0011040961e-08
7.5700000000e+03    1.0010940362e-08
7.5720000000e+03    1.0010838500e-08
7.5740000000e+03    1.0010735375e-08
7.5760000000e+03    1.0010630990e-08
7.5780000000e+03    1.0010525348e-08
7.5800000000e+03    1.0010418450e-08
7.5820000000e+03    1.0010310300e-08
7.5840000000e+03    1.0010200900e-08
7.5860000000e+03    1.0010090252e-08
7.5880000000e+03    1.0009978359e-08
7.5900000000e+03    1.0009865222e-08
7.5920000000e+03    1.0009750845e-08
7.5940000000e+03    1.0009635229e-08
7.5960000000e+03    1.0009518377e-08
7.5980000000e+03    1.0009400291e-08
7.6000000000e+03    1.0009280974e-08
7.6020000000e+03    1.0009160428e-08
7.6040000000e+03    1.0009038655e-08
7.6060000000e+03    1.0008915658e-08
7.6080000000e+03    1.0008791438e-08
7.6100000000e+03    1.0008665999e-08
7.6120000000e+03    1.0008539343e-08
7.6140000000e+03    1.0008411472e-08
7.6160000000e+03    1.0008282387e-08
7.6180000000e+03    1.0008152092e-08
7.6200000000e+03    1.0008020589e-08
7.6220000000e+03    1.0007887881e-08
7.6240000000e+03    1.0007753968e-08
7.6260000000e+03    1.0007618854e-08
7.6280000000e+03    1.0007482542e-08
7.6300000000e+03    1.0007345032e-08
7.6320000000e+03    1.0007206328e-08
7.6340000000e+03    1.0007066432e-08
7.6360000000e+03    1.0006925345e-08
7.6380000000e+03    1.0006783071e-08
7.6400000000e+03    1.0006639612e-08
7.6420000000e+03    1.0006494970e-08
7.6440000000e+03    1.0006349146e-08
7.6460000000e+03    1.0006202144e-08
7.6480000000e+03    1.0006053965e-08
7.6500000000e+03    1.0005904613e-08
7.6520000000e+03    1.0005754088e-08
7.6540000000e+03    1.0005602393e-08
7.6560000000e+03    1.0005449531e-08
7.6580000000e+03    1.0005295504e-08
7.6600000000e+03    1.0005140314e-08
7.6620000000e+03    1.0004983962e-08
7.6640000000e+03    1.0004826453e-08
7.6660000000e+03    1.0004667786e-08
7.6680000000e+03    1.0004507965e-08
7.6700000000e+03    1.0004346993e-08
7.6720000000e+03    1.0004184870e-08
7.6740000000e+03    1.0004021600e-08
7.6760000000e+03    1.0003857184e-08
7.6780000000e+03    1.0003691625e-08
7.6800000000e+03    1.0003524925e-08
7.6820000000e+03    1.0003357086e-08
7.6840000000e+03    1.0003188110e-08
7.6860000000e+03    1.0003017999e-08
7.6880000000e+03    1.0002846756e-08
7.6900000000e+03    1.0002674382e-08
7.6920000000e+03    1.0002500881e-08
7.6940000000e+03    1.0002326219e-08
7.6960000000e+03    1.0002150468e-08
7.6980000000e+03    1.0001973595e-08
7.7000000000e+03    1.0001795603e-08
7.7020000000e+03    1.0001616493e-08
7.7040000000e+03    1.0001436269e-08
7.7060000000e+03    1.0001254931e-08
7.7080000000e+03    1.0001072483e-08
7.7100000000e+03    1.0000888926e-08
7.7120000000e+03    1.0000704262e-08
7.7140000000e+03    1.0000518493e-08
7.7160000000e+03    1.0000331623e-08
7.7180000000e+03    1.0000143651e-08
7.7200000000e+03    9.9999545822e-09
7.7220000000e+03    9.9997644168e-09
7.7240000000e+03    9.9995731573e-09
7.7260000000e+03    9.9993808059e-09
7.7280000000e+03    9.9991873647e-09
7.7300000000e+03    9.9989928357e-09
7.7320000000e+03    9.9987972210e-09
7.7340000000e+03    9.9986005227e-09
7.7360000000e+03    9.9984027429e-09
7.7380000000e+03    9.9982038836e-09
7.7400000000e+03    9.9980039468e-09
7.7420000000e+03    9.9978029348e-09
7.7440000000e+03    9.9976008494e-09
7.7460000000e+03    9.9973976928e-09
7.7480000000e+03    9.9971934670e-09
7.7500000000e+03    9.9969881741e-09
7.7520000000e+03    9.9967818161e-09
7.7540000000e+03    9.9965743950e-09
7.7560000000e+03    9.9963659129e-09
7.7580000000e+03    9.9961563718e-09
7.7600000000e+03    9.9959457737e-09
7.7620000000e+03    9.9957341207e-09
7.7640000000e+03    9.9955214148e-09
7.7660000000e+03    9.9953076580e-09
7.7680000000e+03    9.9950928523e-09
7.7700000000e+03    9.9948769998e-09
7.7720000000e+03    9.9946601023e-09
7.7740000000e+03    9.9944421621e-09
7.7760000000e+03    9.9942164003e-09
7.7780000000e+03    9.9939963793e-09
7.7800000000e+03    9.9937753229e-09
7.7820000000e+03    9.9935532329e-09
7.7840000000e+03    9.9933301113e-09
7.7860000000e+03    9.9931059602e-09
7.7880000000e+03    9.9928807816e-09
7.7900000000e+03    9.9926545773e-09
7.7920000000e+03    9.9924273495e-09
7.7940000000e+03    9.9921991000e-09
7.7960000000e+03    9.9919698308e-09
7.7980000000e+03    9.9917395439e-09
7.8000000000e+03    9.9915082412e-09
7.8020000000e+03    9.9912759247e-09
7.8040000000e+03    9.9910425964e-09
7.8060000000e+03    9.9908082582e-09
7.8080000000e+03    9.9905729120e-09
7.8100000000e+03    9.9903365598e-09
7.8120000000e+03    9.9900992036e-09
7.8140000000e+03    9.9898608452e-09
7.8160000000e+03    9.9896214866e-09
7.8180000000e+03    9.9893811298e-09
7.8200000000e+03    9.9891397766e-09
7.8220000000e+03    9.9888974291e-09
7.8240000000e+03    9.9886540890e-09
7.8260000000e+03    9.9884097584e-09
7.8280000000e+03    9.9881644391e-09
7.8300000000e+03    9.9879181330e-09
7.8320000000e+03    9.9876708421e-09
7.8340000000e+03    9.9874225683e-09
7.8360000000e+03    9.9871733135e-09
7.8380000000e+03    9.9869230796e-09
7.8400000000e+03    9.9866718684e-09
7.8420000000e+03    9.9864196818e-09
7.8440000000e+03    9.9861665219e-09
7.8460000000e+03    9.9859123903e-09
7.8480000000e+03    9.9856572891e-09
7.8500000000e+03    9.9854012201e-09
7.8520000000e+03    9.9851441852e-09
7.8540000000e+03    9.9848861863e-09
7.8560000000e+03    9.9846272251e-09
7.8580000000e+03    9.9843673037e-09
7.8600000000e+03    9.9841064239e-09
7.8620000000e+03    9.9838445874e-09
7.8640000000e+03    9.9835817963e-09
7.8660000000e+03    9.9833180523e-09
7.8680000000e+03    9.9830533573e-09
7.8700000000e+03    9.9827877132e-09
7.8720000000e+03    9.9825211217e-09
7.8740000000e+03    9.9822535849e-09
7.8760000000e+03    9.9819851044e-09
7.8780000000e+03    9.9817156821e-09
7.8800000000e+03    9.9814453199e-09
7.8820000000e+03    9.9811740195e-09
7.8840000000e+03    9.9809017830e-09
7.8860000000e+03    9.9806286119e-09
7.8880000000e+03    9.9803545083e-09
7.8900000000e+03    9.9800794738e-09
7.8920000000e+03    9.9798035104e-09
7.8940000000e+03    9.9795266198e-09
7.8960000000e+03    9.9792488038e-09
7.8980000000e+03    9.9789700643e-09
7.9000000000e+03    9.9786904031e-09
7.9020000000e+03    9.9784098220e-09
7.9040000000e+03    9.9781283227e-09
7.9060000000e+03    9.9778459071e-09
7.9080000000e+03    9.9775625769e-09
7.9100000000e+03    9.9772783341e-09
7.9120000000e+03    9.9769931802e-09
7.9140000000e+03    9.9767071173e-09
7.9160000000e+03    9.9764201469e-09
7.9180000000e+03    9.9761322709e-09
7.9200000000e+03    9.9758434912e-09
7.9220000000e+03    9.9755538094e-09
7.9240000000e+03    9.9752632273e-09
7.9260000000e+03    9.9749717467e-09
7.9280000000e+03    9.9746793694e-09
7.9300000000e+03    9.9743860972e-09
7.9320000000e+03    9.9740919317e-09
7.9340000000e+03    9.9737968748e-09
7.9360000000e+03    9.9735009282e-09
7.9380000000e+03    9.9732040937e-09
7.9400000000e+03    9.9729063730e-09
7.9420000000e+03    9.9726077679e-09
7.9440000000e+03    9.9723082802e-09
7.9460000000e+03    9.9720079114e-09
7.9480000000e+03    9.9717066635e-09
7.9500000000e+03    9.9714045381e-09
7.9520000000e+03    9.9711015370e-09
7.9540000000e+03    9.9707976619e-09
7.9560000000e+03    9.9704929146e-09
7.9580000000e+03    9.9701872967e-09
7.9600000000e+03    9.9698808100e-09
7.9620000000e+03    9.9695734562e-09
7.9640000000e+03    9.9692652371e-09
7.9660000000e+03    9.9689561543e-09
7.9680000000e+03    9.9686462095e-09
7.9700000000e+03    9.9683354046e-09
7.9720000000e+03    9.9680237411e-09
7.9740000000e+03    9.9677112208e-09
7.9760000000e+03    9.9673978454e-09
7.9780000000e+03    9.9670836166e-09
7.9800000000e+03    9.9667685361e-09
7.9820000000e+03    9.9664526056e-09
7.9840000000e+03    9.9661358266e-09
7.9860000000e+03    9.9658182012e-09
7.9880000000e+03    9.9654997308e-09
7.9900000000e+03    9.9651804171e-09
7.9920000000e+03    9.9648602619e-09
7.9940000000e+03    9.9645392668e-09
7.9960000000e+03    9.9642174335e-09
7.9980000000e+03    9.9638947636e-09
8.0000000000e+03    9.9635712589e-09
8.0020000000e+03    9.9632469210e-09
8.0040000000e+03    9.9629217515e-09
8.0060000000e+03    9.9625957522e-09
8.0080000000e+03    9.9622689247e-09
8.0100000000e+03    9.9619412707e-09
8.0120000000e+03    9.9616127917e-09
8.0140000000e+03    9.9612834896e-09
8.0160000000e+03    9.9609533658e-09
8.0180000000e+03    9.9606224222e-09
8.0200000000e+03    9.9602906603e-09
8.0220000000e+03    9.9599580817e-09
8.0240000000e+03    9.9596246882e-09
8.0260000000e+03    9.9592904813e-09
8.0280000000e+03    9.9589554627e-09
8.0300000000e+03    9.9586196340e-09
8.0320000000e+03    9.9582829969e-09
8.0340000000e+03    9.9579196027e-09
8.0360000000e+03    9.9575815630e-09
8.0380000000e+03    9.9572428677e-09
8.0400000000e+03    9.9569035181e-09
8.0420000000e+03    9.9565635156e-09
8.0440000000e+03    9.9561965931e-09
8.0460000000e+03    9.9558552836e-09
8.0480000000e+03    9.9555133301e-09
8.0500000000e+03    9.9551707338e-09
8.0520000000e+03    9.9548274960e-09
8.0540000000e+03    9.9544836182e-09
8.0560000000e+03    9.9541391016e-09
8.0580000000e+03    9.9537939475e-09
8.0600000000e+03    9.9534481572e-09
8.0620000000e+03    9.9531017321e-09
8.0640000000e+03    9.9527546733e-09
8.0660000000e+03    9.9524069823e-09
8.0680000000e+03    9.9520586604e-09
8.0700000000e+03    9.9517097087e-09
8.0720000000e+03    9.9513601286e-09
8.0740000000e+03    9.9510099215e-09
8.0760000000e+03    9.9506590885e-09
8.0780000000e+03    9.9503076310e-09
8.0800000000e+03    9.9499555503e-09
8.0820000000e+03    9.9496028477e-09
8.0840000000e+03    9.9492495243e-09
8.0860000000e+03    9.9488955816e-09
8.0880000000e+03    9.9485410208e-09
8.0900000000e+03    9.9481858432e-09
8.0920000000e+03    9.9478300500e-09
8.0940000000e+03    9.9474736426e-09
8.0960000000e+03    9.9471166221e-09
8.0980000000e+03    9.9467589900e-09
8.1000000000e+03    9.9464007473e-09
8.1020000000e+03    9.9460418955e-09
8.1040000000e+03    9.9456824357e-09
8.1060000000e+03    9.9453223692e-09
8.1080000000e+03    9.9449616973e-09
8.1100000000e+03    9.9446004213e-09
8.1120000000e+03    9.9442385424e-09
8.1140000000e+03    9.9438760618e-09
8.1160000000e+03    9.9435129809e-09
8.1180000000e+03    9.9431493008e-09
8.1200000000e+03    9.9427850228e-09
8.1220000000e+03    9.9424201483e-09
8.1240000000e+03    9.9420546783e-09
8.1260000000e+03    9.9416886141e-09
8.1280000000e+03    9.9413219571e-09
8.1300000000e+03    9.9409547084e-09
8.1320000000e+03    9.9405868693e-09
8.1340000000e+03    9.9402184410e-09
8.1360000000e+03    9.9398494248e-09
8.1380000000e+03    9.9394798218e-09
8.1400000000e+03    9.9391096334e-09
8.1420000000e+03    9.9387388607e-09
8.1440000000e+03    9.9383675050e-09
8.1460000000e+03    9.9379955675e-09
8.1480000000e+03    9.9376230494e-09
8.1500000000e+03    9.9372499520e-09
8.1520000000e+03    9.9368762765e-09
8.1540000000e+03    9.9365020240e-09
8.1560000000e+03    9.9361271959e-09
8.1580000000e+03    9.9357517933e-09
8.1600000000e+03    9.9353758175e-09
8.1620000000e+03    9.9349992696e-09
8.1640000000e+03    9.9346221509e-09
8.1660000000e+03    9.9342444626e-09
8.1680000000e+03    9.9338662058e-09
8.1700000000e+03    9.9334873819e-09
8.1720000000e+03    9.9331079920e-09
8.1740000000e+03    9.9327280372e-09
8.1760000000e+03    9.9323475189e-09
8.1780000000e+03    9.9319664382e-09
8.1800000000e+03    9.9315847963e-09
8.1820000000e+03    9.9312025944e-09
8.1840000000e+03    9.9308198337e-09
8.1860000000e+03    9.9304365154e-09
8.1880000000e+03    9.9300526406e-09
8.1900000000e+03    9.9296682106e-09
8.1920000000e+03    9.9292832266e-09
8.1940000000e+03    9.9288976897e-09
8.1960000000e+03    9.9285116012e-09
8.1980000000e+03    9.9281249622e-09
8.2000000000e+03    9.9277377738e-09
8.2020000000e+03    9.9273500374e-09
8.2040000000e+03    9.9269617539e-09
8.2060000000e+03    9.9265729248e-09
8.2080000000e+03    9.9261835510e-09
8.2100000000e+03    9.9257936338e-09
8.2120000000e+03    9.9254031743e-09
8.2140000000e+03    9.9250121738e-09
8.2160000000e+03    9.9246206333e-09
8.2180000000e+03    9.9242285541e-09
8.2200000000e+03    9.9238359373e-09
8.2220000000e+03    9.9234427841e-09
8.2240000000e+03    9.9230490957e-09
8.2260000000e+03    9.9226548731e-09
8.2280000000e+03    9.9222601176e-09
8.2300000000e+03    9.9218648303e-09
8.2320000000e+03    9.9214690124e-09
8.2340000000e+03    9.9210726650e-09
8.2360000000e+03    9.9206757894e-09
8.2380000000e+03    9.9202783865e-09
8.2400000000e+03    9.9198804576e-09
8.2420000000e+03    9.9194820039e-09
8.2440000000e+03    9.9190830264e-09
8.2460000000e+03    9.9186835263e-09
8.2480000000e+03    9.9182835048e-09
8.2500000000e+03    9.9178829630e-09
8.2520000000e+03    9.9174819021e-09
8.2540000000e+03    9.9170803231e-09
8.2560000000e+03    9.9166782272e-09
8.2580000000e+03    9.9162756156e-09
8.2600000000e+03    9.9158724894e-09
8.2620000000e+03    9.9154688497e-09
8.2640000000e+03    9.9150646976e-09
8.2660000000e+03    9.9146600343e-09
8.2680000000e+03    9.9142548610e-09
8.2700000000e+03    9.9138491786e-09
8.2720000000e+03    9.9134429884e-09
8.2740000000e+03    9.9130362915e-09
8.2760000000e+03    9.9126290889e-09
8.2780000000e+03    9.9122213819e-09
8.2800000000e+03    9.9118131716e-09
8.2820000000e+03    9.9114044589e-09
8.2840000000e+03    9.9109952452e-09
8.2860000000e+03    9.9105855314e-09
8.2880000000e+03    9.9101753187e-09
8.2900000000e+03    9.9097646082e-09
8.2920000000e+03    9.9093534010e-09
8.2940000000e+03    9.9089416982e-09
8.2960000000e+03    9.9085295010e-09
8.2980000000e+03    9.9081168104e-09
8.3000000000e+03    9.9077036275e-09
8.3020000000e+03    9.9072899534e-09
8.3040000000e+03    9.9068757893e-09
8.3060000000e+03    9.9064611362e-09
8.3080000000e+03    9.9060459952e-09
8.3100000000e+03    9.9056303675e-09
8.3120000000e+03    9.9052142540e-09
8.3140000000e+03    9.9047976560e-09
8.3160000000e+03    9.9043805745e-09
8.3180000000e+03    9.9039630106e-09
8.3200000000e+03    9.9035449653e-09
8.3220000000e+03    9.9031264398e-09
8.3240000000e+03    9.9027074352e-09
8.3260000000e+03    9.9022879524e-09
8.3280000000e+03    9.9018679927e-09
8.3300000000e+03    9.9014475571e-09
8.3320000000e+03    9.9010266467e-09
8.3340000000e+03    9.9006052625e-09
8.3360000000e+03    9.9001834056e-09
8.3380000000e+03    9.8997610772e-09
8.3400000000e+03    9.8993382782e-09
8.3420000000e+03    9.8989150098e-09
8.3440000000e+03    9.8984912730e-09
8.3460000000e+03    9.8980670688e-09
8.3480000000e+03    9.8976423985e-09
8.3500000000e+03    9.8972172629e-09
8.3520000000e+03    9.8967916632e-09
8.3540000000e+03    9.8963656005e-09
8.3560000000e+03    9.8959390758e-09
8.3580000000e+03    9.8955120902e-09
8.3600000000e+03    9.8950846447e-09
8.3620000000e+03    9.8946567404e-09
8.3640000000e+03    9.8942283783e-09
8.3660000000e+03    9.8937995595e-09
8.3680000000e+03    9.8933702851e-09
8.3700000000e+03    9.8929405561e-09
8.3720000000e+03    9.8925103735e-09
8.3740000000e+03    9.8920797384e-09
8.3760000000e+03    9.8916486519e-09
8.3780000000e+03    9.8912171150e-09
8.3800000000e+03    9.8907851288e-09
8.3820000000e+03    9.8903526942e-09
8.3840000000e+03    9.8899198123e-09
8.3860000000e+03    9.8894864842e-09
8.3880000000e+03    9.8890527110e-09
8.3900000000e+03    9.8886184935e-09
8.3920000000e+03    9.8881838330e-09
8.3940000000e+03    9.8877487303e-09
8.3960000000e+03    9.8873131867e-09
8.3980000000e+03    9.8868772030e-09
8.4000000000e+03    9.8864407803e-09
8.4020000000e+03    9.8860039196e-09
8.4040000000e+03    9.8855666221e-09
8.4060000000e+03    9.8851288886e-09
8.4080000000e+03    9.8846913497e-09
8.4100000000e+03    9.8842527469e-09
8.4120000000e+03    9.8838137112e-09
8.4140000000e+03    9.8833742436e-09
8.4160000000e+03    9.8829343450e-09
8.4180000000e+03    9.8824940166e-09
8.4200000000e+03    9.8820532594e-09
8.4220000000e+03    9.8816120743e-09
8.4240000000e+03    9.8811704624e-09
8.4260000000e+03    9.8807284246e-09
8.4280000000e+03    9.8802859621e-09
8.4300000000e+03    9.8798430758e-09
8.4320000000e+03    9.8793997667e-09
8.4340000000e+03    9.8789560358e-09
8.4360000000e+03    9.8785118841e-09
8.4380000000e+03    9.8780673127e-09
8.4400000000e+03    9.8776223226e-09
8.4420000000e+03    9.8771769147e-09
8.4440000000e+03    9.8767310900e-09
8.4460000000e+03    9.8762848496e-09
8.4480000000e+03    9.8758381944e-09
8.4500000000e+03    9.8753911255e-09
8.4520000000e+03    9.8749436438e-09
8.4540000000e+03    9.8744957504e-09
8.4560000000e+03    9.8740474462e-09
8.4580000000e+03    9.8735987322e-09
8.4600000000e+03    9.8731496094e-09
8.4620000000e+03    9.8727000788e-09
8.4640000000e+03    9.8722501414e-09
8.4660000000e+03    9.8717997982e-09
8.4680000000e+03    9.8713490501e-09
8.4700000000e+03    9.8708978982e-09
8.4720000000e+03    9.8704463435e-09
8.4740000000e+03    9.8699943868e-09
8.4760000000e+03    9.8695420292e-09
8.4780000000e+03    9.8690892717e-09
8.4800000000e+03    9.8686361153e-09
8.4820000000e+03    9.8681825609e-09
8.4840000000e+03    9.8677286094e-09
8.4860000000e+03    9.8672742620e-09
8.4880000000e+03    9.8668200893e-09
8.4900000000e+03    9.8663649597e-09
8.4920000000e+03    9.8659094434e-09
8.4940000000e+03    9.8654535413e-09
8.4960000000e+03    9.8649972545e-09
8.4980000000e+03    9.8645405838e-09
8.5000000000e+03    9.8640835303e-09
8.5020000000e+03    9.8636260949e-09
8.5040000000e+03    9.8631682786e-09
8.5060000000e+03    9.8627100822e-09
8.5080000000e+03    9.8622515069e-09
8.5100000000e+03    9.8617925534e-09
8.5120000000e+03    9.8613332228e-09
8.5140000000e+03    9.8608735161e-09
8.5160000000e+03    9.8604134341e-09
8.5180000000e+03    9.8600145529e-09
8.5200000000e+03    9.8595535393e-09
8.5220000000e+03    9.8590918410e-09
8.5240000000e+03    9.8586294593e-09
8.5260000000e+03    9.8581663953e-09
8.5280000000e+03    9.8577026504e-09
8.5300000000e+03    9.8572382257e-09
8.5320000000e+03    9.8567731224e-09
8.5340000000e+03    9.8563073420e-09
8.5360000000e+03    9.8558408855e-09
8.5380000000e+03    9.8553737542e-09
8.5400000000e+03    9.8549059493e-09
8.5420000000e+03    9.8544374721e-09
8.5440000000e+03    9.8539683238e-09
8.5460000000e+03    9.8534985056e-09
8.5480000000e+03    9.8530280188e-09
8.5500000000e+03    9.8525568645e-09
8.5520000000e+03    9.8520850441e-09
8.5540000000e+03    9.8516125587e-09
8.5560000000e+03    9.8511394095e-09
8.5580000000e+03    9.8506655978e-09
8.5600000000e+03    9.8501911248e-09
8.5620000000e+03    9.8497159917e-09
8.5640000000e+03    9.8492401997e-09
8.5660000000e+03    9.8487637501e-09
8.5680000000e+03    9.8482866440e-09
8.5700000000e+03    9.8478809304e-09
8.5720000000e+03    9.8474020171e-09
8.5740000000e+03    9.8469220895e-09
8.5760000000e+03    9.8464411490e-09
8.5780000000e+03    9.8459591972e-09
8.5800000000e+03    9.8454762357e-09
8.5820000000e+03    9.8449922659e-09
8.5840000000e+03    9.8445072895e-09
8.5860000000e+03    9.8440213080e-09
8.5880000000e+03    9.8435343229e-09
8.5900000000e+03    9.8430463358e-09
8.5920000000e+03    9.8425573482e-09
8.5940000000e+03    9.8420673617e-09
8.5960000000e+03    9.8415763777e-09
8.5980000000e+03    9.8410843979e-09
8.6000000000e+03    9.8405914238e-09
8.6020000000e+03    9.8400974568e-09
8.6040000000e+03    9.8396024985e-09
8.6060000000e+03    9.8391065505e-09
8.6080000000e+03    9.8386096143e-09
8.6100000000e+03    9.8381116914e-09
8.6120000000e+03    9.8376127833e-09
8.6140000000e+03    9.8371128915e-09
8.6160000000e+03    9.8366120176e-09
8.6180000000e+03    9.8361101631e-09
8.6200000000e+03    9.8356073295e-09
8.6220000000e+03    9.8351035184e-09
8.6240000000e+03    9.8345987311e-09
8.6260000000e+03    9.8340929693e-09
8.6280000000e+03    9.8335862345e-09
8.6300000000e+03    9.8330785282e-09
8.6320000000e+03    9.8325698518e-09
8.6340000000e+03    9.8320602069e-09
8.6360000000e+03    9.8315495950e-09
8.6380000000e+03    9.8310380176e-09
8.6400000000e+03    9.8305254762e-09
8.6420000000e+03    9.8300119723e-09
8.6440000000e+03    9.8294975074e-09
8.6460000000e+03    9.8289820830e-09
8.6480000000e+03    9.8284657005e-09
8.6500000000e+03    9.8279483616e-09
8.6520000000e+03    9.8274300676e-09
8.6540000000e+03    9.8269108201e-09
8.6560000000e+03    9.8263906205e-09
8.6580000000e+03    9.8258694704e-09
8.6600000000e+03    9.8253473713e-09
8.6620000000e+03    9.8248243245e-09
8.6640000000e+03    9.8243003316e-09
8.6660000000e+03    9.8237753942e-09
8.6680000000e+03    9.8232495135e-09
8.6700000000e+03    9.8227226913e-09
8.6720000000e+03    9.8221949288e-09
8.6740000000e+03    9.8216662276e-09
8.6760000000e+03    9.8211365892e-09
8.6780000000e+03    9.8206060151e-09
8.6800000000e+03    9.8200745066e-09
8.6820000000e+03    9.8195420654e-09
8.6840000000e+03    9.8190086927e-09
8.6860000000e+03    9.8184743902e-09
8.6880000000e+03    9.8179391593e-09
8.6900000000e+03    9.8174030015e-09
8.6920000000e+03    9.8168659181e-09
8.6940000000e+03    9.8163279107e-09
8.6960000000e+03    9.8157889807e-09
8.6980000000e+03    9.8152491296e-09
8.7000000000e+03    9.8147083589e-09
8.7020000000e+03    9.8141666699e-09
8.7040000000e+03    9.8136240642e-09
8.7060000000e+03    9.8130805432e-09
8.7080000000e+03    9.8125361084e-09
8.7100000000e+03    9.8119907611e-09
8.7120000000e+03    9.8114445029e-09
8.7140000000e+03    9.8108973352e-09
8.7160000000e+03    9.8103492594e-09
8.7180000000e+03    9.8098002770e-09
8.7200000000e+03    9.8092503894e-09
8.7220000000e+03    9.8086995981e-09
8.7240000000e+03    9.8081479045e-09
8.7260000000e+03    9.8075953100e-09
8.7280000000e+03    9.8070418161e-09
8.7300000000e+03    9.8064874242e-09
8.7320000000e+03    9.8059321357e-09
8.7340000000e+03    9.8053759521e-09
8.7360000000e+03    9.8048188748e-09
8.7380000000e+03    9.8042609052e-09
8.7400000000e+03    9.8037020447e-09
8.7420000000e+03    9.8031422948e-09
8.7440000000e+03    9.8025816570e-09
8.7460000000e+03    9.8020201325e-09
8.7480000000e+03    9.8014577229e-09
8.7500000000e+03    9.8008944296e-09
8.7520000000e+03    9.8003302539e-09
8.7540000000e+03    9.7997651973e-09
8.7560000000e+03    9.7991992613e-09
8.7580000000e+03    9.7986324471e-09
8.7600000000e+03    9.7980647563e-09
8.7620000000e+03    9.7974961902e-09
8.7640000000e+03    9.7969267503e-09
8.7660000000e+03    9.7963564380e-09
8.7680000000e+03    9.7957852546e-09
8.7700000000e+03    9.7952132016e-09
8.7720000000e+03    9.7946402804e-09
8.7740000000e+03    9.7940664923e-09
8.7760000000e+03    9.7934918388e-09
8.7780000000e+03    9.7929163213e-09
8.7800000000e+03    9.7923399412e-09
8.7820000000e+03    9.7917626998e-09
8.7840000000e+03    9.7911845986e-09
8.7860000000e+03    9.7906056390e-09
8.7880000000e+03    9.7900258223e-09
8.7900000000e+03    9.7894451500e-09
8.7920000000e+03    9.7888636233e-09
8.7940000000e+03    9.7882812438e-09
8.7960000000e+03    9.7876980128e-09
8.7980000000e+03    9.7871139317e-09
8.8000000000e+03    9.7865290019e-09
8.8020000000e+03    9.7859432247e-09
8.8040000000e+03    9.7853566015e-09
8.8060000000e+03    9.7847691338e-09
8.8080000000e+03    9.7841808228e-09
8.8100000000e+03    9.7835916700e-09
8.8120000000e+03    9.7830016767e-09
8.8140000000e+03    9.7824108444e-09
8.8160000000e+03    9.7818191743e-09
8.8180000000e+03    9.7812266679e-09
8.8200000000e+03    9.7806333265e-09
8.8220000000e+03    9.7800391515e-09
8.8240000000e+03    9.7794441443e-09
8.8260000000e+03    9.7788483062e-09
8.8280000000e+03    9.7782516386e-09
8.8300000000e+03    9.7776541428e-09
8.8320000000e+03    9.7770558202e-09
8.8340000000e+03    9.7764566722e-09
8.8360000000e+03    9.7758567001e-09
8.8380000000e+03    9.7752559054e-09
8.8400000000e+03    9.7746542892e-09
8.8420000000e+03    9.7740518531e-09
8.8440000000e+03    9.7734485982e-09
8.8460000000e+03    9.7728445261e-09
8.8480000000e+03    9.7722396381e-09
8.8500000000e+03    9.7716339354e-09
8.8520000000e+03    9.7710274194e-09
8.8540000000e+03    9.7704200916e-09
8.8560000000e+03    9.7698119532e-09
8.8580000000e+03    9.7692030055e-09
8.8600000000e+03    9.7685932500e-09
8.8620000000e+03    9.7679826879e-09
8.8640000000e+03    9.7673713206e-09
8.8660000000e+03    9.7668512863e-09
8.8680000000e+03    9.7662376965e-09
8.8700000000e+03    9.7656228735e-09
8.8720000000e+03    9.7650068189e-09
8.8740000000e+03    9.7643895345e-09
8.8760000000e+03    9.7637710219e-09
8.8780000000e+03    9.7631512830e-09
8.8800000000e+03    9.7625303195e-09
8.8820000000e+03    9.7619081330e-09
8.8840000000e+03    9.7612847253e-09
8.8860000000e+03    9.7606600982e-09
8.8880000000e+03    9.7600342533e-09
8.8900000000e+03    9.7594071923e-09
8.8920000000e+03    9.7587789170e-09
8.8940000000e+03    9.7581494291e-09
8.8960000000e+03    9.7575187303e-09
8.8980000000e+03    9.7568868223e-09
8.9000000000e+03    9.7562537068e-09
8.9020000000e+03    9.7556193855e-09
8.9040000000e+03    9.7549838602e-09
8.9060000000e+03    9.7543471325e-09
8.9080000000e+03    9.7537092042e-09
8.9100000000e+03    9.7530700768e-09
8.9120000000e+03    9.7524297522e-09
8.9140000000e+03    9.7517882321e-09
8.9160000000e+03    9.7511455181e-09
8.9180000000e+03    9.7505016119e-09
8.9200000000e+03    9.7498565152e-09
8.9220000000e+03    9.7492102298e-09
8.9240000000e+03    9.7485627572e-09
8.9260000000e+03    9.7479140993e-09
8.9280000000e+03    9.7472642576e-09
8.9300000000e+03    9.7466132339e-09
8.9320000000e+03    9.7459610298e-09
8.9340000000e+03    9.7453076470e-09
8.9360000000e+03    9.7446530873e-09
8.9380000000e+03    9.7439973523e-09
8.9400000000e+03    9.7433404436e-09
8.9420000000e+03    9.7426823630e-09
8.9440000000e+03    9.7420231120e-09
8.9460000000e+03    9.7413626925e-09
8.9480000000e+03    9.7407011060e-09
8.9500000000e+03    9.7400383543e-09
8.9520000000e+03    9.7393744390e-09
8.9540000000e+03    9.7387093617e-09
8.9560000000e+03    9.7380431242e-09
8.9580000000e+03    9.7373757280e-09
8.9600000000e+03    9.7367071749e-09
8.9620000000e+03    9.7360374666e-09
8.9640000000e+03    9.7353666046e-09
8.9660000000e+03    9.7346945906e-09
8.9680000000e+03    9.7340214263e-09
8.9700000000e+03    9.7333471134e-09
8.9720000000e+03    9.7326716534e-09
8.9740000000e+03    9.7319950482e-09
8.9760000000e+03    9.7313172992e-09
8.9780000000e+03    9.7306384081e-09
8.9800000000e+03    9.7299583766e-09
8.9820000000e+03    9.7292341458e-09
8.9840000000e+03    9.7285520096e-09
8.9860000000e+03    9.7278689342e-09
8.9880000000e+03    9.7271849208e-09
8.9900000000e+03    9.7264999708e-09
8.9920000000e+03    9.7258140854e-09
8.9940000000e+03    9.7251272660e-09
8.9960000000e+03    9.7244395138e-09
8.9980000000e+03    9.7237508302e-09
9.0000000000e+03    9.7230612164e-09
9.0020000000e+03    9.7223706737e-09
9.0040000000e+03    9.7216792034e-09
9.0060000000e+03    9.7209868067e-09
9.0080000000e+03    9.7202934850e-09
9.0100000000e+03    9.7195992396e-09
9.0120000000e+03    9.7189040717e-09
9.0140000000e+03    9.7182079826e-09
9.0160000000e+03    9.7175109736e-09
9.0180000000e+03    9.7168130460e-09
9.0200000000e+03    9.7161142010e-09
9.0220000000e+03    9.7154144399e-09
9.0240000000e+03    9.7147137640e-09
9.0260000000e+03    9.7140121746e-09
9.0280000000e+03    9.7133096730e-09
9.0300000000e+03    9.7126062604e-09
9.0320000000e+03    9.7119019380e-09
9.0340000000e+03    9.7111967073e-09
9.0360000000e+03    9.7104905694e-09
9.0380000000e+03    9.7097835255e-09
9.0400000000e+03    9.7090755771e-09
9.0420000000e+03    9.7083667253e-09
9.0440000000e+03    9.7076569714e-09
9.0460000000e+03    9.7069463167e-09
9.0480000000e+03    9.7062347624e-09
9.0500000000e+03    9.7055223098e-09
9.0520000000e+03    9.7048089601e-09
9.0540000000e+03    9.7040947147e-09
9.0560000000e+03    9.7033795748e-09
9.0580000000e+03    9.7026635416e-09
9.0600000000e+03    9.7019466164e-09
9.0620000000e+03    9.7012288005e-09
9.0640000000e+03    9.7005100951e-09
9.0660000000e+03    9.6997905014e-09
9.0680000000e+03    9.6990700208e-09
9.0700000000e+03    9.6983486544e-09
9.0720000000e+03    9.6976264036e-09
9.0740000000e+03    9.6969032695e-09
9.0760000000e+03    9.6961792535e-09
9.0780000000e+03    9.6954543567e-09
9.0800000000e+03    9.6947285805e-09
9.0820000000e+03    9.6940019260e-09
9.0840000000e+03    9.6932743946e-09
9.0860000000e+03    9.6925459874e-09
9.0880000000e+03    9.6918167057e-09
9.0900000000e+03    9.6910865508e-09
9.0920000000e+03    9.6903555238e-09
9.0940000000e+03    9.6896236261e-09
9.0960000000e+03    9.6888908589e-09
9.0980000000e+03    9.6881572234e-09
9.1000000000e+03    9.6874227208e-09
9.1020000000e+03    9.6866873524e-09
9.1040000000e+03    9.6859511195e-09
9.1060000000e+03    9.6852140232e-09
9.1080000000e+03    9.6844760648e-09
9.1100000000e+03    9.6837372455e-09
9.1120000000e+03    9.6829975665e-09
9.1140000000e+03    9.6822570292e-09
9.1160000000e+03    9.6815156347e-09
9.1180000000e+03    9.6807733842e-09
9.1200000000e+03    9.6800302790e-09
9.1220000000e+03    9.6792863203e-09
9.1240000000e+03    9.6785415496e-09
9.1260000000e+03    9.6777958881e-09
9.1280000000e+03    9.6770493771e-09
9.1300000000e+03    9.6763020180e-09
9.1320000000e+03    9.6755538118e-09
9.1340000000e+03    9.6748047599e-09
9.1360000000e+03    9.6740548635e-09
9.1380000000e+03    9.6733041237e-09
9.1400000000e+03    9.6725525418e-09
9.1420000000e+03    9.6718001191e-09
9.1440000000e+03    9.6710468566e-09
9.1460000000e+03    9.6702927557e-09
9.1480000000e+03    9.6695378176e-09
9.1500000000e+03    9.6687820434e-09
9.1520000000e+03    9.6680254344e-09
9.1540000000e+03    9.6672679918e-09
9.1560000000e+03    9.6665097168e-09
9.1580000000e+03    9.6657506106e-09
9.1600000000e+03    9.6649906744e-09
9.1620000000e+03    9.6642299094e-09
9.1640000000e+03    9.6634683169e-09
9.1660000000e+03    9.6627058980e-09
9.1680000000e+03    9.6619426540e-09
9.1700000000e+03    9.6611785860e-09
9.1720000000e+03    9.6604136953e-09
9.1740000000e+03    9.6596479830e-09
9.1760000000e+03    9.6588814503e-09
9.1780000000e+03    9.6581140985e-09
9.1800000000e+03    9.6573459288e-09
9.1820000000e+03    9.6565769423e-09
9.1840000000e+03    9.6558071402e-09
9.1860000000e+03    9.6550365238e-09
9.1880000000e+03    9.6542650942e-09
9.1900000000e+03    9.6534928526e-09
9.1920000000e+03    9.6527198003e-09
9.1940000000e+03    9.6519459384e-09
9.1960000000e+03    9.6511712680e-09
9.1980000000e+03    9.6503957905e-09
9.2000000000e+03    9.6496195069e-09
9.2020000000e+03    9.6488424185e-09
9.2040000000e+03    9.6480645265e-09
9.2060000000e+03    9.6472858320e-09
9.2080000000e+03    9.6465063362e-09
9.2100000000e+03    9.6457260404e-09
9.2120000000e+03    9.6449449456e-09
9.2140000000e+03    9.6441630532e-09
9.2160000000e+03    9.6433803641e-09
9.2180000000e+03    9.6425968798e-09
9.2200000000e+03    9.6418126012e-09
9.2220000000e+03    9.6410275296e-09
9.2240000000e+03    9.6402416662e-09
9.2260000000e+03    9.6394550122e-09
9.2280000000e+03    9.6386675687e-09
9.2300000000e+03    9.6378793369e-09
9.2320000000e+03    9.6370903179e-09
9.2340000000e+03    9.6363005131e-09
9.2360000000e+03    9.6355099234e-09
9.2380000000e+03    9.6347185501e-09
9.2400000000e+03    9.6339263944e-09
9.2420000000e+03    9.6331334574e-09
9.2440000000e+03    9.6323397403e-09
9.2460000000e+03    9.6315452443e-09
9.2480000000e+03    9.6307499705e-09
9.2500000000e+03    9.6299539201e-09
9.2520000000e+03    9.6291570943e-09
9.2540000000e+03    9.6283594942e-09
9.2560000000e+03    9.6275611210e-09
9.2580000000e+03    9.6267619758e-09
9.2600000000e+03    9.6259620599e-09
9.2620000000e+03    9.6251613743e-09
9.2640000000e+03    9.6243599202e-09
9.2660000000e+03    9.6235576988e-09
9.2680000000e+03    9.6227547113e-09
9.2700000000e+03    9.6219509588e-09
9.2720000000e+03    9.6211464424e-09
9.2740000000e+03    9.6203411633e-09
9.2760000000e+03    9.6195351227e-09
9.2780000000e+03    9.6187283217e-09
9.2800000000e+03    9.6179207615e-09
9.2820000000e+03    9.6171124432e-09
9.2840000000e+03    9.6163201579e-09
9.2860000000e+03    9.6155102957e-09
9.2880000000e+03    9.6146996792e-09
9.2900000000e+03    9.6138883097e-09
9.2920000000e+03    9.6130761882e-09
9.2940000000e+03    9.6122633159e-09
9.2960000000e+03    9.6114496939e-09
9.2980000000e+03    9.6106353232e-09
9.3000000000e+03    9.6098202051e-09
9.3020000000e+03    9.6090043407e-09
9.3040000000e+03    9.6081877310e-09
9.3060000000e+03    9.6073703772e-09
9.3080000000e+03    9.6065515576e-09
9.3100000000e+03    9.6057327178e-09
9.3120000000e+03    9.6049131372e-09
9.3140000000e+03    9.6040928169e-09
9.3160000000e+03    9.6032717581e-09
9.3180000000e+03    9.6024499617e-09
9.3200000000e+03    9.6016274291e-09
9.3220000000e+03    9.6008041612e-09
9.3240000000e+03    9.5999801592e-09
9.3260000000e+03    9.5991554242e-09
9.3280000000e+03    9.5983299572e-09
9.3300000000e+03    9.5975037594e-09
9.3320000000e+03    9.5966768320e-09
9.3340000000e+03    9.5958491759e-09
9.3360000000e+03    9.5950207924e-09
9.3380000000e+03    9.5941916824e-09
9.3400000000e+03    9.5933618471e-09
9.3420000000e+03    9.5925312877e-09
9.3440000000e+03    9.5917000052e-09
9.3460000000e+03    9.5908680006e-09
9.3480000000e+03    9.5900352752e-09
9.3500000000e+03    9.5892018299e-09
9.3520000000e+03    9.5883676660e-09
9.3540000000e+03    9.5875327844e-09
9.3560000000e+03    9.5866971863e-09
9.3580000000e+03    9.5858608728e-09
9.3600000000e+03    9.5850238450e-09
9.3620000000e+03    9.5841861039e-09
9.3640000000e+03    9.5833476507e-09
9.3660000000e+03    9.5825084863e-09
9.3680000000e+03    9.5816686121e-09
9.3700000000e+03    9.5808280289e-09
9.3720000000e+03    9.5799867379e-09
9.3740000000e+03    9.5791447402e-09
9.3760000000e+03    9.5783020369e-09
9.3780000000e+03    9.5774586291e-09
9.3800000000e+03    9.5766145177e-09
9.3820000000e+03    9.5757697040e-09
9.3840000000e+03    9.5749241890e-09
9.3860000000e+03    9.5740779738e-09
9.3880000000e+03    9.5732310594e-09
9.3900000000e+03    9.5723834469e-09
9.3920000000e+03    9.5715351375e-09
9.3940000000e+03    9.5706861322e-09
9.3960000000e+03    9.5698364320e-09
9.3980000000e+03    9.5689860381e-09
9.4000000000e+03    9.5681349515e-09
9.4020000000e+03    9.5672831732e-09
9.4040000000e+03    9.5664307045e-09
9.4060000000e+03    9.5655775462e-09
9.4080000000e+03    9.5647236996e-09
9.4100000000e+03    9.5638691657e-09
9.4120000000e+03    9.5630139455e-09
9.4140000000e+03    9.5621580400e-09
9.4160000000e+03    9.5613014505e-09
9.4180000000e+03    9.5604441779e-09
9.4200000000e+03    9.5595862234e-09
9.4220000000e+03    9.5587275878e-09
9.4240000000e+03    9.5578682725e-09
9.4260000000e+03    9.5570082783e-09
9.4280000000e+03    9.5561476064e-09
9.4300000000e+03    9.5552862578e-09
9.4320000000e+03    9.5544242336e-09
9.4340000000e+03    9.5535615348e-09
9.4360000000e+03    9.5526981625e-09
9.4380000000e+03    9.5518341178e-09
9.4400000000e+03    9.5509694017e-09
9.4420000000e+03    9.5501040152e-09
9.4440000000e+03    9.5492379595e-09
9.4460000000e+03    9.5483712355e-09
9.4480000000e+03    9.5475038444e-09
9.4500000000e+03    9.5466357871e-09
9.4520000000e+03    9.5457670648e-09
9.4540000000e+03    9.5448976785e-09
9.4560000000e+03    9.5440276292e-09
9.4580000000e+03    9.5431569179e-09
9.4600000000e+03    9.5422855458e-09
9.4620000000e+03    9.5414135139e-09
9.4640000000e+03    9.5405408231e-09
9.4660000000e+03    9.5396674747e-09
9.4680000000e+03    9.5387934695e-09
9.4700000000e+03    9.5379188087e-09
9.4720000000e+03    9.5370434933e-09
9.4740000000e+03    9.5361675243e-09
9.4760000000e+03    9.5352909028e-09
9.4780000000e+03    9.5344136298e-09
9.4800000000e+03    9.5335357064e-09
9.4820000000e+03    9.5326571335e-09
9.4840000000e+03    9.5317779123e-09
9.4860000000e+03    9.5308980437e-09
9.4880000000e+03    9.5300175289e-09
9.4900000000e+03    9.5291363687e-09
9.4920000000e+03    9.5282545644e-09
9.4940000000e+03    9.5273721168e-09
9.4960000000e+03    9.5264890271e-09
9.4980000000e+03    9.5256052962e-09
9.5000000000e+03    9.5247209252e-09
9.5020000000e+03    9.5238359152e-09
9.5040000000e+03    9.5229502671e-09
9.5060000000e+03    9.5220639819e-09
9.5080000000e+03    9.5211770608e-09
9.5100000000e+03    9.5202895047e-09
9.5120000000e+03    9.5194013147e-09
9.5140000000e+03    9.5185124917e-09
9.5160000000e+03    9.5176230368e-09
9.5180000000e+03    9.5167329511e-09
9.5200000000e+03    9.5158422355e-09
9.5220000000e+03    9.5149508911e-09
9.5240000000e+03    9.5140589188e-09
9.5260000000e+03    9.5131682028e-09
9.5280000000e+03    9.5122750044e-09
9.5300000000e+03    9.5113811980e-09
9.5320000000e+03    9.5104867848e-09
9.5340000000e+03    9.5095917654e-09
9.5360000000e+03    9.5086961410e-09
9.5380000000e+03    9.5077999126e-09
9.5400000000e+03    9.5069030812e-09
9.5420000000e+03    9.5060056478e-09
9.5440000000e+03    9.5051076134e-09
9.5460000000e+03    9.5042089790e-09
9.5480000000e+03    9.5033097457e-09
9.5500000000e+03    9.5024099143e-09
9.5520000000e+03    9.5015094859e-09
9.5540000000e+03    9.5006084615e-09
9.5560000000e+03    9.4997068421e-09
9.5580000000e+03    9.4988046287e-09
9.5600000000e+03    9.4979018222e-09
9.5620000000e+03    9.4969984237e-09
9.5640000000e+03    9.4960944342e-09
9.5660000000e+03    9.4951898546e-09
9.5680000000e+03    9.4942846859e-09
9.5700000000e+03    9.4933789292e-09
9.5720000000e+03    9.4924725853e-09
9.5740000000e+03    9.4915656554e-09
9.5760000000e+03    9.4906581403e-09
9.5780000000e+03    9.4897500411e-09
9.5800000000e+03    9.4888413587e-09
9.5820000000e+03    9.4879320942e-09
9.5840000000e+03    9.4870222485e-09
9.5860000000e+03    9.4861118226e-09
9.5880000000e+03    9.4852008175e-09
9.5900000000e+03    9.4842892342e-09
9.5920000000e+03    9.4833770736e-09
9.5940000000e+03    9.4824643367e-09
9.5960000000e+03    9.4815510245e-09
9.5980000000e+03    9.4806371381e-09
9.6000000000e+03    9.4797226782e-09
9.6020000000e+03    9.4788076460e-09
9.6040000000e+03    9.4779571288e-09
9.6060000000e+03    9.4770408374e-09
9.6080000000e+03    9.4761239782e-09
9.6100000000e+03    9.4752065520e-09
9.6120000000e+03    9.4742885597e-09
9.6140000000e+03    9.4733700023e-09
9.6160000000e+03    9.4724508806e-09
9.6180000000e+03    9.4715311956e-09
9.6200000000e+03    9.4706109480e-09
9.6220000000e+03    9.4696901389e-09
9.6240000000e+03    9.4687687691e-09
9.6260000000e+03    9.4678468395e-09
9.6280000000e+03    9.4669243509e-09
9.6300000000e+03    9.4660013043e-09
9.6320000000e+03    9.4650777006e-09
9.6340000000e+03    9.4641535406e-09
9.6360000000e+03    9.4632288253e-09
9.6380000000e+03    9.4623035554e-09
9.6400000000e+03    9.4613777320e-09
9.6420000000e+03    9.4604513559e-09
9.6440000000e+03    9.4595244279e-09
9.6460000000e+03    9.4585969490e-09
9.6480000000e+03    9.4576689200e-09
9.6500000000e+03    9.4567403419e-09
9.6520000000e+03    9.4558112154e-09
9.6540000000e+03    9.4548815415e-09
9.6560000000e+03    9.4539513211e-09
9.6580000000e+03    9.4530205550e-09
9.6600000000e+03    9.4520892441e-09
9.6620000000e+03    9.4511573893e-09
9.6640000000e+03    9.4502249914e-09
9.6660000000e+03    9.4492920514e-09
9.6680000000e+03    9.4483585701e-09
9.6700000000e+03    9.4474245484e-09
9.6720000000e+03    9.4464899872e-09
9.6740000000e+03    9.4455548873e-09
9.6760000000e+03    9.4446192496e-09
9.6780000000e+03    9.4436830750e-09
9.6800000000e+03    9.4427463643e-09
9.6820000000e+03    9.4418091184e-09
9.6840000000e+03    9.4408713382e-09
9.6860000000e+03    9.4399330246e-09
9.6880000000e+03    9.4389941042e-09
9.6900000000e+03    9.4380547267e-09
9.6920000000e+03    9.4371148186e-09
9.6940000000e+03    9.4361743808e-09
9.6960000000e+03    9.4352334142e-09
9.6980000000e+03    9.4342919196e-09
9.7000000000e+03    9.4333498979e-09
9.7020000000e+03    9.4324073500e-09
9.7040000000e+03    9.4314642766e-09
9.7060000000e+03    9.4305206788e-09
9.7080000000e+03    9.4295765573e-09
9.7100000000e+03    9.4286319130e-09
9.7120000000e+03    9.4276867467e-09
9.7140000000e+03    9.4267410593e-09
9.7160000000e+03    9.4257948517e-09
9.7180000000e+03    9.4248481248e-09
9.7200000000e+03    9.4239008793e-09
9.7220000000e+03    9.4229531161e-09
9.7240000000e+03    9.4220048361e-09
9.7260000000e+03    9.4210560402e-09
9.7280000000e+03    9.4201067291e-09
9.7300000000e+03    9.4191569038e-09
9.7320000000e+03    9.4182065650e-09
9.7340000000e+03    9.4172557137e-09
9.7360000000e+03    9.4163043507e-09
9.7380000000e+03    9.4153524769e-09
9.7400000000e+03    9.4144000930e-09
9.7420000000e+03    9.4134471999e-09
9.7440000000e+03    9.4124937985e-09
9.7460000000e+03    9.4115398897e-09
9.7480000000e+03    9.4105854742e-09
9.7500000000e+03    9.4096305529e-09
9.7520000000e+03    9.4086751266e-09
9.7540000000e+03    9.4077191963e-09
9.7560000000e+03    9.4067627627e-09
9.7580000000e+03    9.4058058267e-09
9.7600000000e+03    9.4048483891e-09
9.7620000000e+03    9.4038904508e-09
9.7640000000e+03    9.4029320125e-09
9.7660000000e+03    9.4019730752e-09
9.7680000000e+03    9.4010136397e-09
9.7700000000e+03    9.4000537068e-09
9.7720000000e+03    9.3990932773e-09
9.7740000000e+03    9.3981323521e-09
9.7760000000e+03    9.3971709320e-09
9.7780000000e+03    9.3962090179e-09
9.7800000000e+03    9.3952466105e-09
9.7820000000e+03    9.3942837108e-09
9.7840000000e+03    9.3933203195e-09
9.7860000000e+03    9.3923564375e-09
9.7880000000e+03    9.3913920656e-09
9.7900000000e+03    9.3904272046e-09
9.7920000000e+03    9.3894618554e-09
9.7940000000e+03    9.3884960188e-09
9.7960000000e+03    9.3875296956e-09
9.7980000000e+03    9.3865628867e-09
9.8000000000e+03    9.3855955928e-09
9.8020000000e+03    9.3846278148e-09
9.8040000000e+03    9.3836595536e-09
9.8060000000e+03    9.3826908099e-09
9.8080000000e+03    9.3817215846e-09
9.8100000000e+03    9.3807518785e-09
9.8120000000e+03    9.3797816923e-09
9.8140000000e+03    9.3788110271e-09
9.8160000000e+03    9.3778398834e-09
9.8180000000e+03    9.3768682623e-09
9.8200000000e+03    9.3758961644e-09
9.8220000000e+03    9.3749235907e-09
9.8240000000e+03    9.3739505419e-09
9.8260000000e+03    9.3729770188e-09
9.8280000000e+03    9.3720030223e-09
9.8300000000e+03    9.3710285531e-09
9.8320000000e+03    9.3700536122e-09
9.8340000000e+03    9.3690782003e-09
9.8360000000e+03    9.3681023181e-09
9.8380000000e+03    9.3671259666e-09
9.8400000000e+03    9.3661491466e-09
9.8420000000e+03    9.3651718588e-09
9.8440000000e+03    9.3641941041e-09
9.8460000000e+03    9.3632158832e-09
9.8480000000e+03    9.3622371970e-09
9.8500000000e+03    9.3612580464e-09
9.8520000000e+03    9.3602784320e-09
9.8540000000e+03    9.3592983547e-09
9.8560000000e+03    9.3583178153e-09
9.8580000000e+03    9.3573368147e-09
9.8600000000e+03    9.3563553535e-09
9.8620000000e+03    9.3553734327e-09
9.8640000000e+03    9.3543910530e-09
9.8660000000e+03    9.3534082153e-09
9.8680000000e+03    9.3524249202e-09
9.8700000000e+03    9.3514411687e-09
9.8720000000e+03    9.3504569616e-09
9.8740000000e+03    9.3494722996e-09
9.8760000000e+03    9.3484871835e-09
9.8780000000e+03    9.3475016141e-09
9.8800000000e+03    9.3465155923e-09
9.8820000000e+03    9.3455291188e-09
9.8840000000e+03    9.3445421944e-09
9.8860000000e+03    9.3435548199e-09
9.8880000000e+03    9.3425669961e-09
9.8900000000e+03    9.3415787239e-09
9.8920000000e+03    9.3405900039e-09
9.8940000000e+03    9.3396008371e-09
9.8960000000e+03    9.3386112241e-09
9.8980000000e+03    9.3376211658e-09
9.9000000000e+03    9.3366306629e-09
9.9020000000e+03    9.3356397164e-09
9.9040000000e+03    9.3346483268e-09
9.9060000000e+03    9.3336564951e-09
9.9080000000e+03    9.3326642220e-09
9.9100000000e+03    9.3316715083e-09
9.9120000000e+03    9.3306783549e-09
9.9140000000e+03    9.3296847624e-09
9.9160000000e+03    9.3286907316e-09
9.9180000000e+03    9.3276962634e-09
9.9200000000e+03    9.3267013586e-09
9.9220000000e+03    9.3257060179e-09
9.9240000000e+03    9.3247102420e-09
9.9260000000e+03    9.3237140319e-09
9.9280000000e+03    9.3227173882e-09
9.9300000000e+03    9.3217203117e-09
9.9320000000e+03    9.3207228033e-09
9.9340000000e+03    9.3197248637e-09
9.9360000000e+03    9.3187264936e-09
9.9380000000e+03    9.3177276939e-09
9.9400000000e+03    9.3167284654e-09
9.9420000000e+03    9.3157288087e-09
9.9440000000e+03    9.3147287248e-09
9.9460000000e+03    9.3137282143e-09
9.9480000000e+03    9.3127272780e-09
9.9500000000e+03    9.3117259167e-09
9.9520000000e+03    9.3107241313e-09
9.9540000000e+03    9.3097219223e-09
9.9560000000e+03    9.3087192907e-09
9.9580000000e+03    9.3077162372e-09
9.9600000000e+03    9.3067127626e-09
9.9620000000e+03    9.3057088675e-09
9.9640000000e+03    9.3047045529e-09
9.9660000000e+03    9.3036998195e-09
9.9680000000e+03    9.3026946680e-09
9.9700000000e+03    9.3016890992e-09
9.9720000000e+03    9.3006831138e-09
9.9740000000e+03    9.2996767127e-09
9.9760000000e+03    9.2986698966e-09
9.9780000000e+03    9.2976626663e-09
9.9800000000e+03    9.2966550225e-09
9.9820000000e+03    9.2956469659e-09
9.9840000000e+03    9.2946384975e-09
9.9860000000e+03    9.2936296178e-09
9.9880000000e+03    9.2926203277e-09
9.9900000000e+03    9.2916106279e-09
9.9920000000e+03    9.2906005193e-09
9.9940000000e+03    9.2895900024e-09
9.9960000000e+03    9.2885790782e-09
9.9980000000e+03    9.2875677474e-09
1.0000000000e+04    9.2865560106e-09
1.0002000000e+04    9.2855438688e-09
1.0004000000e+04    9.2845312758e-09
1.0006000000e+04    9.2835183259e-09
1.0008000000e+04    9.2825049731e-09
1.0010000000e+04    9.2814912182e-09
1.0012000000e+04    9.2804770620e-09
1.0014000000e+04    9.2794625052e-09
1.0016000000e+04    9.2784475485e-09
1.0018000000e+04    9.2774321927e-09
1.0020000000e+04    9.2764164386e-09
1.0022000000e+04    9.2754002868e-09
1.0024000000e+04    9.2743837382e-09
1.0026000000e+04    9.2733667935e-09
1.0028000000e+04    9.2723494534e-09
1.0030000000e+04    9.2713317187e-09
1.0032000000e+04    9.2703135901e-09
1.0034000000e+04    9.2692950684e-09
1.0036000000e+04    9.2682761543e-09
1.0038000000e+04    9.2672568486e-09
1.0040000000e+04    9.2662371520e-09
1.0042000000e+04    9.2652170652e-09
1.0044000000e+04    9.2641965891e-09
1.0046000000e+04    9.2631757242e-09
1.0048000000e+04    9.2621544714e-09
1.0050000000e+04    9.2611328314e-09
1.0052000000e+04    9.2601108050e-09
1.0054000000e+04    9.2590883929e-09
1.0056000000e+04    9.2580655958e-09
1.0058000000e+04    9.2570424144e-09
1.0060000000e+04    9.2560188496e-09
1.0062000000e+04    9.2549949019e-09
1.0064000000e+04    9.2539705723e-09
1.0066000000e+04    9.2529458613e-09
1.0068000000e+04    9.2519207698e-09
1.0070000000e+04    9.2508952984e-09
1.0072000000e+04    9.2498694480e-09
1.0074000000e+04    9.2488432192e-09
1.0076000000e+04    9.2478166127e-09
1.0078000000e+04    9.2467896293e-09
1.0080000000e+04    9.2457622698e-09
1.0082000000e+04    9.2447345348e-09
1.0084000000e+04    9.2437064251e-09
1.0086000000e+04    9.2426779414e-09
1.0088000000e+04    9.2416490844e-09
1.0090000000e+04    9.2406198549e-09
1.0092000000e+04    9.2395902536e-09
1.0094000000e+04    9.2385602811e-09
1.0096000000e+04    9.2375299384e-09
1.0098000000e+04    9.2364992259e-09
1.0100000000e+04    9.2354681446e-09
1.0102000000e+04    9.2344366951e-09
1.0104000000e+04    9.2334048781e-09
1.0106000000e+04    9.2323726943e-09
1.0108000000e+04    9.2313401445e-09
1.0110000000e+04    9.2303072294e-09
1.0112000000e+04    9.2292739497e-09
1.0114000000e+04    9.2282403061e-09
1.0116000000e+04    9.2272062994e-09
1.0118000000e+04    9.2261719302e-09
1.0120000000e+04    9.2251371994e-09
1.0122000000e+04    9.2241021075e-09
1.0124000000e+04    9.2230666553e-09
1.0126000000e+04    9.2220308435e-09
1.0128000000e+04    9.2209946729e-09
1.0130000000e+04    9.2199581441e-09
1.0132000000e+04    9.2189212578e-09
1.0134000000e+04    9.2178840149e-09
1.0136000000e+04    9.2168464159e-09
1.0138000000e+04    9.2158084616e-09
1.0140000000e+04    9.2147701528e-09
1.0142000000e+04    9.2137314900e-09
1.0144000000e+04    9.2126924741e-09
1.0146000000e+04    9.2116531057e-09
1.0148000000e+04    9.2106133855e-09
1.0150000000e+04    9.2095733143e-09
1.0152000000e+04    9.2085328928e-09
1.0154000000e+04    9.2074921216e-09
1.0156000000e+04    9.2064510014e-09
1.0158000000e+04    9.2054095330e-09
1.0160000000e+04    9.2043677171e-09
1.0162000000e+04    9.2033255544e-09
1.0164000000e+04    9.2022830455e-09
1.0166000000e+04    9.2012401912e-09
1.0168000000e+04    9.2001969922e-09
1.0170000000e+04    9.1991534492e-09
1.0172000000e+04    9.1981095628e-09
1.0174000000e+04    9.1970653338e-09
1.0176000000e+04    9.1960207629e-09
1.0178000000e+04    9.1949758508e-09
1.0180000000e+04    9.1939192048e-09
1.0182000000e+04    9.1928735364e-09
1.0184000000e+04    9.1918274398e-09
1.0186000000e+04    9.1907809158e-09
1.0188000000e+04    9.1897339651e-09
1.0190000000e+04    9.1886865886e-09
1.0192000000e+04    9.1876387871e-09
1.0194000000e+04    9.1865905615e-09
1.0196000000e+04    9.1855419125e-09
1.0198000000e+04    9.1844928410e-09
1.0200000000e+04    9.1834433477e-09
1.0202000000e+04    9.1823934336e-09
1.0204000000e+04    9.1813430993e-09
1.0206000000e+04    9.1802923458e-09
1.0208000000e+04    9.1792411738e-09
1.0210000000e+04    9.1781895842e-09
1.0212000000e+04    9.1771375777e-09
1.0214000000e+04    9.1760851551e-09
1.0216000000e+04    9.1750323174e-09
1.0218000000e+04    9.1739790652e-09
1.0220000000e+04    9.1729253993e-09
1.0222000000e+04    9.1718713207e-09
1.0224000000e+04    9.1708168301e-09
1.0226000000e+04    9.1697619282e-09
1.0228000000e+04    9.1687066160e-09
1.0230000000e+04    9.1676508941e-09
1.0232000000e+04    9.1665947634e-09
1.0234000000e+04    9.1655382248e-09
1.0236000000e+04    9.1644812789e-09
1.0238000000e+04    9.1634239266e-09
1.0240000000e+04    9.1623661686e-09
1.0242000000e+04    9.1613080059e-09
1.0244000000e+04    9.1602494391e-09
1.0246000000e+04    9.1591904691e-09
1.0248000000e+04    9.1581310966e-09
1.0250000000e+04    9.1570713225e-09
1.0252000000e+04    9.1560111475e-09
1.0254000000e+04    9.1549505725e-09
1.0256000000e+04    9.1538895982e-09
1.0258000000e+04    9.1528282253e-09
1.0260000000e+04    9.1517664548e-09
1.0262000000e+04    9.1507042873e-09
1.0264000000e+04    9.1496417237e-09
1.0266000000e+04    9.1485787647e-09
1.0268000000e+04    9.1475154111e-09
1.0270000000e+04    9.1464516638e-09
1.0272000000e+04    9.1453875234e-09
1.0274000000e+04    9.1443229908e-09
1.0276000000e+04    9.1432580667e-09
1.0278000000e+04    9.1421927520e-09
1.0280000000e+04    9.1411270473e-09
1.0282000000e+04    9.1400609535e-09
1.0284000000e+04    9.1389944714e-09
1.0286000000e+04    9.1379276017e-09
1.0288000000e+04    9.1368603452e-09
1.0290000000e+04    9.1357927026e-09
1.0292000000e+04    9.1347246748e-09
1.0294000000e+04    9.1336562625e-09
1.0296000000e+04    9.1325874665e-09
1.0298000000e+04    9.1315182875e-09
1.0300000000e+04    9.1304487264e-09
1.0302000000e+04    9.1293787838e-09
1.0304000000e+04    9.1283084605e-09
1.0306000000e+04    9.1272377574e-09
1.0308000000e+04    9.1261666752e-09
1.0310000000e+04    9.1250952146e-09
1.0312000000e+04    9.1240233763e-09
1.0314000000e+04    9.1229511613e-09
1.0316000000e+04    9.1218785702e-09
1.0318000000e+04    9.1208056037e-09
1.0320000000e+04    9.1197322627e-09
1.0322000000e+04    9.1186585479e-09
1.0324000000e+04    9.1175844600e-09
1.0326000000e+04    9.1165099999e-09
1.0328000000e+04    9.1154351682e-09
1.0330000000e+04    9.1143599657e-09
1.0332000000e+04    9.1132843932e-09
1.0334000000e+04    9.1122084514e-09
1.0336000000e+04    9.1111321411e-09
1.0338000000e+04    9.1100554631e-09
1.0340000000e+04    9.1089784180e-09
1.0342000000e+04    9.1079010066e-09
1.0344000000e+04    9.1068232297e-09
1.0346000000e+04    9.1057450880e-09
1.0348000000e+04    9.1046665822e-09
1.0350000000e+04    9.1035877132e-09
1.0352000000e+04    9.1025084817e-09
1.0354000000e+04    9.1014288883e-09
1.0356000000e+04    9.1003489339e-09
1.0358000000e+04    9.0992686191e-09
1.0360000000e+04    9.0981879448e-09
1.0362000000e+04    9.0971069116e-09
1.0364000000e+04    9.0960255203e-09
1.0366000000e+04    9.0949437717e-09
1.0368000000e+04    9.0938616665e-09
1.0370000000e+04    9.0927792053e-09
1.0372000000e+04    9.0916963890e-09
1.0374000000e+04    9.0906132183e-09
1.0376000000e+04    9.0895296939e-09
1.0378000000e+04    9.0884458166e-09
1.0380000000e+04    9.0873615870e-09
1.0382000000e+04    9.0862770059e-09
1.0384000000e+04    9.0851920741e-09
1.0386000000e+04    9.0841067923e-09
1.0388000000e+04    9.0830211611e-09
1.0390000000e+04    9.0819351814e-09
1.0392000000e+04    9.0808488538e-09
1.0394000000e+04    9.0797621791e-09
1.0396000000e+04    9.0786751581e-09
1.0398000000e+04    9.0775877913e-09
1.0400000000e+04    9.0765000796e-09
1.0402000000e+04    9.0754120237e-09
1.0404000000e+04    9.0743236243e-09
1.0406000000e+04    9.0732348821e-09
1.0408000000e+04    9.0721457978e-09
1.0410000000e+04    9.0710563722e-09
1.0412000000e+04    9.0699666060e-09
1.0414000000e+04    9.0688764998e-09
1.0416000000e+04    9.0677860545e-09
1.0418000000e+04    9.0666952707e-09
1.0420000000e+04    9.0656041492e-09
1.0422000000e+04    9.0645126906e-09
1.0424000000e+04    9.0634208957e-09
1.0426000000e+04    9.0623287651e-09
1.0428000000e+04    9.0612362997e-09
1.0430000000e+04    9.0601435000e-09
1.0432000000e+04    9.0590503669e-09
1.0434000000e+04    9.0579569010e-09
1.0436000000e+04    9.0568631030e-09
1.0438000000e+04    9.0557689737e-09
1.0440000000e+04    9.0546745137e-09
1.0442000000e+04    9.0535797238e-09
1.0444000000e+04    9.0524822246e-09
1.0446000000e+04    9.0513867736e-09
1.0448000000e+04    9.0502909947e-09
1.0450000000e+04    9.0491948886e-09
1.0452000000e+04    9.0480984561e-09
1.0454000000e+04    9.0470016978e-09
1.0456000000e+04    9.0459046144e-09
1.0458000000e+04    9.0448072065e-09
1.0460000000e+04    9.0437094750e-09
1.0462000000e+04    9.0426114205e-09
1.0464000000e+04    9.0415130437e-09
1.0466000000e+04    9.0404143453e-09
1.0468000000e+04    9.0393153260e-09
1.0470000000e+04    9.0382159865e-09
1.0472000000e+04    9.0371163274e-09
1.0474000000e+04    9.0360163495e-09
1.0476000000e+04    9.0349160534e-09
1.0478000000e+04    9.0338154399e-09
1.0480000000e+04    9.0327145096e-09
1.0482000000e+04    9.0316132632e-09
1.0484000000e+04    9.0305117014e-09
1.0486000000e+04    9.0294098249e-09
1.0488000000e+04    9.0283076344e-09
1.0490000000e+04    9.0272051305e-09
1.0492000000e+04    9.0261023140e-09
1.0494000000e+04    9.0249991855e-09
1.0496000000e+04    9.0238957457e-09
1.0498000000e+04    9.0227919954e-09
1.0500000000e+04    9.0216879350e-09
1.0502000000e+04    9.0205835655e-09
1.0504000000e+04    9.0194788873e-09
1.0506000000e+04    9.0183739013e-09
1.0508000000e+04    9.0172686080e-09
1.0510000000e+04    9.0161630083e-09
1.0512000000e+04    9.0150571026e-09
1.0514000000e+04    9.0139508918e-09
1.0516000000e+04    9.0128443764e-09
1.0518000000e+04    9.0117375572e-09
1.0520000000e+04    9.0106304349e-09
1.0522000000e+04    9.0095230101e-09
1.0524000000e+04    9.0084152834e-09
1.0526000000e+04    9.0073072556e-09
1.0528000000e+04    9.0061989273e-09
1.0530000000e+04    9.0050902992e-09
1.0532000000e+04    9.0039371972e-09
1.0534000000e+04    9.0028276227e-09
1.0536000000e+04    9.0017174278e-09
1.0538000000e+04    9.0006066136e-09
1.0540000000e+04    8.9994951813e-09
1.0542000000e+04    8.9983831319e-09
1.0544000000e+04    8.9972704665e-09
1.0546000000e+04    8.9961571863e-09
1.0548000000e+04    8.9950432924e-09
1.0550000000e+04    8.9939287858e-09
1.0552000000e+04    8.9928136676e-09
1.0554000000e+04    8.9916979390e-09
1.0556000000e+04    8.9905816011e-09
1.0558000000e+04    8.9894646549e-09
1.0560000000e+04    8.9883471015e-09
1.0562000000e+04    8.9872289420e-09
1.0564000000e+04    8.9861101775e-09
1.0566000000e+04    8.9849908091e-09
1.0568000000e+04    8.9838708379e-09
1.0570000000e+04    8.9827502649e-09
1.0572000000e+04    8.9816290912e-09
1.0574000000e+04    8.9805073179e-09
1.0576000000e+04    8.9793849461e-09
1.0578000000e+04    8.9782619768e-09
1.0580000000e+04    8.9771384111e-09
1.0582000000e+04    8.9760142501e-09
1.0584000000e+04    8.9748894949e-09
1.0586000000e+04    8.9737641464e-09
1.0588000000e+04    8.9726382059e-09
1.0590000000e+04    8.9715116742e-09
1.0592000000e+04    8.9703845526e-09
1.0594000000e+04    8.9692568420e-09
1.0596000000e+04    8.9681285435e-09
1.0598000000e+04    8.9669996582e-09
1.0600000000e+04    8.9658701871e-09
1.0602000000e+04    8.9647401312e-09
1.0604000000e+04    8.9636094917e-09
1.0606000000e+04    8.9624782695e-09
1.0608000000e+04    8.9613464657e-09
1.0610000000e+04    8.9602140813e-09
1.0612000000e+04    8.9590811174e-09
1.0614000000e+04    8.9579474320e-09
1.0616000000e+04    8.9568133128e-09
1.0618000000e+04    8.9556786177e-09
1.0620000000e+04    8.9545433476e-09
1.0622000000e+04    8.9534075037e-09
1.0624000000e+04    8.9522710869e-09
1.0626000000e+04    8.9511340983e-09
1.0628000000e+04    8.9499965389e-09
1.0630000000e+04    8.9488584098e-09
1.0632000000e+04    8.9477197118e-09
1.0634000000e+04    8.9465804462e-09
1.0636000000e+04    8.9454406138e-09
1.0638000000e+04    8.9443002157e-09
1.0640000000e+04    8.9431592529e-09
1.0642000000e+04    8.9420177265e-09
1.0644000000e+04    8.9408756374e-09
1.0646000000e+04    8.9397329866e-09
1.0648000000e+04    8.9385897752e-09
1.0650000000e+04    8.9374492545e-09
1.0652000000e+04    8.9363049459e-09
1.0654000000e+04    8.9351601029e-09
1.0656000000e+04    8.9340147265e-09
1.0658000000e+04    8.9328688177e-09
1.0660000000e+04    8.9317223775e-09
1.0662000000e+04    8.9305754069e-09
1.0664000000e+04    8.9294279068e-09
1.0666000000e+04    8.9282798781e-09
1.0668000000e+04    8.9271313220e-09
1.0670000000e+04    8.9259822393e-09
1.0672000000e+04    8.9248326311e-09
1.0674000000e+04    8.9236824983e-09
1.0676000000e+04    8.9225318418e-09
1.0678000000e+04    8.9213806627e-09
1.0680000000e+04    8.9202289618e-09
1.0682000000e+04    8.9190767403e-09
1.0684000000e+04    8.9179239989e-09
1.0686000000e+04    8.9167707388e-09
1.0688000000e+04    8.9156169608e-09
1.0690000000e+04    8.9144626659e-09
1.0692000000e+04    8.9133078550e-09
1.0694000000e+04    8.9121525292e-09
1.0696000000e+04    8.9109966894e-09
1.0698000000e+04    8.9097887386e-09
1.0700000000e+04    8.9086320490e-09
1.0702000000e+04    8.9074750140e-09
1.0704000000e+04    8.9063176343e-09
1.0706000000e+04    8.9051599107e-09
1.0708000000e+04    8.9040018439e-09
1.0710000000e+04    8.9028434345e-09
1.0712000000e+04    8.9016846833e-09
1.0714000000e+04    8.9005255909e-09
1.0716000000e+04    8.8993661581e-09
1.0718000000e+04    8.8982063855e-09
1.0720000000e+04    8.8970462738e-09
1.0722000000e+04    8.8958858237e-09
1.0724000000e+04    8.8947250359e-09
1.0726000000e+04    8.8935639112e-09
1.0728000000e+04    8.8924024501e-09
1.0730000000e+04    8.8912406534e-09
1.0732000000e+04    8.8900785217e-09
1.0734000000e+04    8.8889160557e-09
1.0736000000e+04    8.8877532562e-09
1.0738000000e+04    8.8865901238e-09
1.0740000000e+04    8.8854266591e-09
1.0742000000e+04    8.8842628630e-09
1.0744000000e+04    8.8830987359e-09
1.0746000000e+04    8.8819342787e-09
1.0748000000e+04    8.8807694919e-09
1.0750000000e+04    8.8796043763e-09
1.0752000000e+04    8.8784389326e-09
1.0754000000e+04    8.8772731613e-09
1.0756000000e+04    8.8761070632e-09
1.0758000000e+04    8.8749406390e-09
1.0760000000e+04    8.8737738893e-09
1.0762000000e+04    8.8726068147e-09
1.0764000000e+04    8.8714394160e-09
1.0766000000e+04    8.8702716939e-09
1.0768000000e+04    8.8691036489e-09
1.0770000000e+04    8.8679352817e-09
1.0772000000e+04    8.8667665931e-09
1.0774000000e+04    8.8655975836e-09
1.0776000000e+04    8.8644282539e-09
1.0778000000e+04    8.8632586047e-09
1.0780000000e+04    8.8620886367e-09
1.0782000000e+04    8.8609183504e-09
1.0784000000e+04    8.8597477466e-09
1.0786000000e+04    8.8585768259e-09
1.0788000000e+04    8.8574055889e-09
1.0790000000e+04    8.8562340364e-09
1.0792000000e+04    8.8550621689e-09
1.0794000000e+04    8.8538899871e-09
1.0796000000e+04    8.8527174917e-09
1.0798000000e+04    8.8515446833e-09
1.0800000000e+04    8.8503715625e-09
1.0802000000e+04    8.8491981300e-09
1.0804000000e+04    8.8480243865e-09
1.0806000000e+04    8.8468503326e-09
1.0808000000e+04    8.8456759688e-09
1.0810000000e+04    8.8445012960e-09
1.0812000000e+04    8.8433263146e-09
1.0814000000e+04    8.8421510254e-09
1.0816000000e+04    8.8409754290e-09
1.0818000000e+04    8.8397995260e-09
1.0820000000e+04    8.8386233170e-09
1.0822000000e+04    8.8374468028e-09
1.0824000000e+04    8.8362699838e-09
1.0826000000e+04    8.8350928609e-09
1.0828000000e+04    8.8339154345e-09
1.0830000000e+04    8.8327377053e-09
1.0832000000e+04    8.8315596740e-09
1.0834000000e+04    8.8303813411e-09
1.0836000000e+04    8.8292027074e-09
1.0838000000e+04    8.8280237734e-09
1.0840000000e+04    8.8268445397e-09
1.0842000000e+04    8.8256650071e-09
1.0844000000e+04    8.8244851760e-09
1.0846000000e+04    8.8233050472e-09
1.0848000000e+04    8.8221246212e-09
1.0850000000e+04    8.8209438987e-09
1.0852000000e+04    8.8197628803e-09
1.0854000000e+04    8.8185815665e-09
1.0856000000e+04    8.8173999581e-09
1.0858000000e+04    8.8162180557e-09
1.0860000000e+04    8.8150358598e-09
1.0862000000e+04    8.8138533711e-09
1.0864000000e+04    8.8126705901e-09
1.0866000000e+04    8.8114875176e-09
1.0868000000e+04    8.8103041541e-09
1.0870000000e+04    8.8091205002e-09
1.0872000000e+04    8.8079365565e-09
1.0874000000e+04    8.8067523237e-09
1.0876000000e+04    8.8055678023e-09
1.0878000000e+04    8.8043829929e-09
1.0880000000e+04    8.8031978962e-09
1.0882000000e+04    8.8020125128e-09
1.0884000000e+04    8.8008268433e-09
1.0886000000e+04    8.7996408882e-09
1.0888000000e+04    8.7984546482e-09
1.0890000000e+04    8.7972681239e-09
1.0892000000e+04    8.7960813158e-09
1.0894000000e+04    8.7948942246e-09
1.0896000000e+04    8.7937068509e-09
1.0898000000e+04    8.7925191953e-09
1.0900000000e+04    8.7913312583e-09
1.0902000000e+04    8.7901430406e-09
1.0904000000e+04    8.7889545427e-09
1.0906000000e+04    8.7877657653e-09
1.0908000000e+04    8.7865767090e-09
1.0910000000e+04    8.7853873742e-09
1.0912000000e+04    8.7841977617e-09
1.0914000000e+04    8.7830078720e-09
1.0916000000e+04    8.7818177057e-09
1.0918000000e+04    8.7806272634e-09
1.0920000000e+04    8.7794353814e-09
1.0922000000e+04    8.7782443946e-09
1.0924000000e+04    8.7770531371e-09
1.0926000000e+04    8.7758616095e-09
1.0928000000e+04    8.7746698124e-09
1.0930000000e+04    8.7734777464e-09
1.0932000000e+04    8.7722854120e-09
1.0934000000e+04    8.7710928099e-09
1.0936000000e+04    8.7698999406e-09
1.0938000000e+04    8.7687068047e-09
1.0940000000e+04    8.7675134027e-09
1.0942000000e+04    8.7663197352e-09
1.0944000000e+04    8.7651258028e-09
1.0946000000e+04    8.7639316061e-09
1.0948000000e+04    8.7627371457e-09
1.0950000000e+04    8.7615424220e-09
1.0952000000e+04    8.7603474357e-09
1.0954000000e+04    8.7591521874e-09
1.0956000000e+04    8.7579566776e-09
1.0958000000e+04    8.7567609068e-09
1.0960000000e+04    8.7555648757e-09
1.0962000000e+04    8.7543685847e-09
1.0964000000e+04    8.7531720345e-09
1.0966000000e+04    8.7519752257e-09
1.0968000000e+04    8.7507781587e-09
1.0970000000e+04    8.7495808342e-09
1.0972000000e+04    8.7483832527e-09
1.0974000000e+04    8.7471854147e-09
1.0976000000e+04    8.7459873209e-09
1.0978000000e+04    8.7447889717e-09
1.0980000000e+04    8.7435903678e-09
1.0982000000e+04    8.7423915096e-09
1.0984000000e+04    8.7411923978e-09
1.0986000000e+04    8.7399930329e-09
1.0988000000e+04    8.7387934154e-09
1.0990000000e+04    8.7375935459e-09
1.0992000000e+04    8.7363934250e-09
1.0994000000e+04    8.7351930532e-09
1.0996000000e+04    8.7339924310e-09
1.0998000000e+04    8.7327915590e-09
1.1000000000e+04    8.7315904378e-09
1.1002000000e+04    8.7303890678e-09
1.1004000000e+04    8.7291874497e-09
1.1006000000e+04    8.7279855840e-09
1.1008000000e+04    8.7267834712e-09
1.1010000000e+04    8.7255811119e-09
1.1012000000e+04    8.7243785066e-09
1.1014000000e+04    8.7231756558e-09
1.1016000000e+04    8.7219725601e-09
1.1018000000e+04    8.7207692201e-09
1.1020000000e+04    8.7195656362e-09
1.1022000000e+04    8.7183618091e-09
1.1024000000e+04    8.7171577392e-09
1.1026000000e+04    8.7159534271e-09
1.1028000000e+04    8.7147488733e-09
1.1030000000e+04    8.7135440784e-09
1.1032000000e+04    8.7123390429e-09
1.1034000000e+04    8.7111337673e-09
1.1036000000e+04    8.7099282521e-09
1.1038000000e+04    8.7087224980e-09
1.1040000000e+04    8.7075165054e-09
1.1042000000e+04    8.7063096630e-09
1.1044000000e+04    8.7051031966e-09
1.1046000000e+04    8.7038964952e-09
1.1048000000e+04    8.7026895593e-09
1.1050000000e+04    8.7014820930e-09
1.1052000000e+04    8.7002746906e-09
1.1054000000e+04    8.6990670563e-09
1.1056000000e+04    8.6978591904e-09
1.1058000000e+04    8.6966510935e-09
1.1060000000e+04    8.6954427661e-09
1.1062000000e+04    8.6942342088e-09
1.1064000000e+04    8.6930254220e-09
1.1066000000e+04    8.6918164062e-09
1.1068000000e+04    8.6906071621e-09
1.1070000000e+04    8.6893976901e-09
1.1072000000e+04    8.6881879907e-09
1.1074000000e+04    8.6869780644e-09
1.1076000000e+04    8.6857679118e-09
1.1078000000e+04    8.6845575334e-09
1.1080000000e+04    8.6833469296e-09
1.1082000000e+04    8.6821361010e-09
1.1084000000e+04    8.6809250481e-09
1.1086000000e+04    8.6797137714e-09
1.1088000000e+04    8.6785022715e-09
1.1090000000e+04    8.6772905487e-09
1.1092000000e+04    8.6760786037e-09
1.1094000000e+04    8.6748664370e-09
1.1096000000e+04    8.6736540490e-09
1.1098000000e+04    8.6724414402e-09
1.1100000000e+04    8.6712286112e-09
1.1102000000e+04    8.6700155625e-09
1.1104000000e+04    8.6688022945e-09
1.1106000000e+04    8.6675888079e-09
1.1108000000e+04    8.6663751030e-09
1.1110000000e+04    8.6651611803e-09
1.1112000000e+04    8.6639479235e-09
1.1114000000e+04    8.6627335664e-09
1.1116000000e+04    8.6615189930e-09
1.1118000000e+04    8.6603042037e-09
1.1120000000e+04    8.6590891992e-09
1.1122000000e+04    8.6578739798e-09
1.1124000000e+04    8.6566585461e-09
1.1126000000e+04    8.6554428986e-09
1.1128000000e+04    8.6542270378e-09
1.1130000000e+04    8.6530109641e-09
1.1132000000e+04    8.6517946781e-09
1.1134000000e+04    8.6505781803e-09
1.1136000000e+04    8.6493614711e-09
1.1138000000e+04    8.6481445510e-09
1.1140000000e+04    8.6469274206e-09
1.1142000000e+04    8.6457100803e-09
1.1144000000e+04    8.6444925306e-09
1.1146000000e+04    8.6432747720e-09
1.1148000000e+04    8.6420568050e-09
1.1150000000e+04    8.6408386301e-09
1.1152000000e+04    8.6396202477e-09
1.1154000000e+04    8.6384016584e-09
1.1156000000e+04    8.6371828627e-09
1.1158000000e+04    8.6359638609e-09
1.1160000000e+04    8.6347446537e-09
1.1162000000e+04    8.6335252414e-09
1.1164000000e+04    8.6323056246e-09
1.1166000000e+04    8.6310858038e-09
1.1168000000e+04    8.6298657794e-09
1.1170000000e+04    8.6286455519e-09
1.1172000000e+04    8.6274251219e-09
1.1174000000e+04    8.6262044897e-09
1.1176000000e+04    8.6249836558e-09
1.1178000000e+04    8.6237626208e-09
1.1180000000e+04    8.6225413851e-09
1.1182000000e+04    8.6213199492e-09
1.1184000000e+04    8.6200983136e-09
1.1186000000e+04    8.6188764787e-09
1.1188000000e+04    8.6176544450e-09
1.1190000000e+04    8.6164322131e-09
1.1192000000e+04    8.6152097832e-09
1.1194000000e+04    8.6139871561e-09
1.1196000000e+04    8.6127643320e-09
1.1198000000e+04    8.6115413115e-09
1.1200000000e+04    8.6103180951e-09
1.1202000000e+04    8.6090946831e-09
1.1204000000e+04    8.6078710762e-09
1.1206000000e+04    8.6066472748e-09
1.1208000000e+04    8.6054232792e-09
1.1210000000e+04    8.6041990901e-09
1.1212000000e+04    8.6029747079e-09
1.1214000000e+04    8.6017501329e-09
1.1216000000e+04    8.6005253658e-09
1.1218000000e+04    8.5993004070e-09
1.1220000000e+04    8.5980752568e-09
1.1222000000e+04    8.5968499159e-09
1.1224000000e+04    8.5956243846e-09
1.1226000000e+04    8.5943986635e-09
1.1228000000e+04    8.5931727529e-09
1.1230000000e+04    8.5919466533e-09
1.1232000000e+04    8.5907203653e-09
1.1234000000e+04    8.5894938892e-09
1.1236000000e+04    8.5882672256e-09
1.1238000000e+04    8.5870403748e-09
1.1240000000e+04    8.5858133374e-09
1.1242000000e+04    8.5845861138e-09
1.1244000000e+04    8.5833587045e-09
1.1246000000e+04    8.5821311098e-09
1.1248000000e+04    8.5809033303e-09
1.1250000000e+04    8.5796753665e-09
1.1252000000e+04    8.5784472187e-09
1.1254000000e+04    8.5772171259e-09
1.1256000000e+04    8.5759886198e-09
1.1258000000e+04    8.5747599364e-09
1.1260000000e+04    8.5735310759e-09
1.1262000000e+04    8.5723020389e-09
1.1264000000e+04    8.5710728258e-09
1.1266000000e+04    8.5698434370e-09
1.1268000000e+04    8.5686138730e-09
1.1270000000e+04    8.5673841342e-09
1.1272000000e+04    8.5661542211e-09
1.1274000000e+04    8.5649241341e-09
1.1276000000e+04    8.5636938737e-09
1.1278000000e+04    8.5624634402e-09
1.1280000000e+04    8.5612328341e-09
1.1282000000e+04    8.5600020559e-09
1.1284000000e+04    8.5587711060e-09
1.1286000000e+04    8.5575399849e-09
1.1288000000e+04    8.5563086929e-09
1.1290000000e+04    8.5550772305e-09
1.1292000000e+04    8.5538455982e-09
1.1294000000e+04    8.5526137964e-09
1.1296000000e+04    8.5513818254e-09
1.1298000000e+04    8.5501496859e-09
1.1300000000e+04    8.5489173781e-09
1.1302000000e+04    8.5476849025e-09
1.1304000000e+04    8.5464522595e-09
1.1306000000e+04    8.5452194497e-09
1.1308000000e+04    8.5439864733e-09
1.1310000000e+04    8.5427533309e-09
1.1312000000e+04    8.5415200229e-09
1.1314000000e+04    8.5402865497e-09
1.1316000000e+04    8.5390529117e-09
1.1318000000e+04    8.5378191093e-09
1.1320000000e+04    8.5365851430e-09
1.1322000000e+04    8.5353510133e-09
1.1324000000e+04    8.5341167205e-09
1.1326000000e+04    8.5328822650e-09
1.1328000000e+04    8.5316476473e-09
1.1330000000e+04    8.5304128679e-09
1.1332000000e+04    8.5291779271e-09
1.1334000000e+04    8.5279428253e-09
1.1336000000e+04    8.5267075630e-09
1.1338000000e+04    8.5254721407e-09
1.1340000000e+04    8.5242365586e-09
1.1342000000e+04    8.5230008173e-09
1.1344000000e+04    8.5217649172e-09
1.1346000000e+04    8.5205288587e-09
1.1348000000e+04    8.5192926422e-09
1.1350000000e+04    8.5180562681e-09
1.1352000000e+04    8.5168197368e-09
1.1354000000e+04    8.5155830489e-09
1.1356000000e+04    8.5143462046e-09
1.1358000000e+04    8.5131092044e-09
1.1360000000e+04    8.5118720487e-09
1.1362000000e+04    8.5106347380e-09
1.1364000000e+04    8.5093972726e-09
1.1366000000e+04    8.5081596529e-09
1.1368000000e+04    8.5069218795e-09
1.1370000000e+04    8.5056839526e-09
1.1372000000e+04    8.5044458728e-09
1.1374000000e+04    8.5032076403e-09
1.1376000000e+04    8.5019692557e-09
1.1378000000e+04    8.5007307194e-09
1.1380000000e+04    8.4994920316e-09
1.1382000000e+04    8.4982531930e-09
1.1384000000e+04    8.4970142038e-09
1.1386000000e+04    8.4957750645e-09
1.1388000000e+04    8.4945357755e-09
1.1390000000e+04    8.4932963372e-09
1.1392000000e+04    8.4920567500e-09
1.1394000000e+04    8.4908170143e-09
1.1396000000e+04    8.4895771305e-09
1.1398000000e+04    8.4883370990e-09
1.1400000000e+04    8.4870969203e-09
1.1402000000e+04    8.4858565947e-09
1.1404000000e+04    8.4846161227e-09
1.1406000000e+04    8.4833755046e-09
1.1408000000e+04    8.4821347409e-09
1.1410000000e+04    8.4808938319e-09
1.1412000000e+04    8.4796527780e-09
1.1414000000e+04    8.4784115798e-09
1.1416000000e+04    8.4771702374e-09
1.1418000000e+04    8.4759287515e-09
1.1420000000e+04    8.4746871223e-09
1.1422000000e+04    8.4734453502e-09
1.1424000000e+04    8.4722034358e-09
1.1426000000e+04    8.4709613792e-09
1.1428000000e+04    8.4697191811e-09
1.1430000000e+04    8.4684768417e-09
1.1432000000e+04    8.4672343614e-09
1.1434000000e+04    8.4659917407e-09
1.1436000000e+04    8.4647489799e-09
1.1438000000e+04    8.4635060795e-09
1.1440000000e+04    8.4622630398e-09
1.1442000000e+04    8.4610198613e-09
1.1444000000e+04    8.4597765442e-09
1.1446000000e+04    8.4585330891e-09
1.1448000000e+04    8.4572894963e-09
1.1450000000e+04    8.4560457662e-09
1.1452000000e+04    8.4548018992e-09
1.1454000000e+04    8.4535578957e-09
1.1456000000e+04    8.4523137561e-09
1.1458000000e+04    8.4510694808e-09
1.1460000000e+04    8.4498250701e-09
1.1462000000e+04    8.4485805244e-09
1.1464000000e+04    8.4473358442e-09
1.1466000000e+04    8.4460910299e-09
1.1468000000e+04    8.4448460817e-09
1.1470000000e+04    8.4436010002e-09
1.1472000000e+04    8.4423557856e-09
1.1474000000e+04    8.4411104384e-09
1.1476000000e+04    8.4398649590e-09
1.1478000000e+04    8.4386193478e-09
1.1480000000e+04    8.4373736051e-09
1.1482000000e+04    8.4361277313e-09
1.1484000000e+04    8.4348817268e-09
1.1486000000e+04    8.4336356451e-09
1.1488000000e+04    8.4323893806e-09
1.1490000000e+04    8.4311429870e-09
1.1492000000e+04    8.4298964645e-09
1.1494000000e+04    8.4286498136e-09
1.1496000000e+04    8.4274030346e-09
1.1498000000e+04    8.4261561279e-09
1.1500000000e+04    8.4249090939e-09
1.1502000000e+04    8.4236619330e-09
1.1504000000e+04    8.4224146455e-09
1.1506000000e+04    8.4211672318e-09
1.1508000000e+04    8.4199196924e-09
1.1510000000e+04    8.4186720275e-09
1.1512000000e+04    8.4174242376e-09
1.1514000000e+04    8.4161763230e-09
1.1516000000e+04    8.4149282841e-09
1.1518000000e+04    8.4136801213e-09
1.1520000000e+04    8.4124318350e-09
1.1522000000e+04    8.4111834255e-09
1.1524000000e+04    8.4099348933e-09
1.1526000000e+04    8.4086862386e-09
1.1528000000e+04    8.4074374619e-09
1.1530000000e+04    8.4061885635e-09
1.1532000000e+04    8.4049395438e-09
1.1534000000e+04    8.4036904032e-09
1.1536000000e+04    8.4024411420e-09
1.1538000000e+04    8.4011917607e-09
1.1540000000e+04    8.3999422595e-09
1.1542000000e+04    8.3986926389e-09
1.1544000000e+04    8.3974428993e-09
1.1546000000e+04    8.3961930409e-09
1.1548000000e+04    8.3949430642e-09
1.1550000000e+04    8.3936929696e-09
1.1552000000e+04    8.3924427574e-09
1.1554000000e+04    8.3911924279e-09
1.1556000000e+04    8.3899419815e-09
1.1558000000e+04    8.3886914187e-09
1.1560000000e+04    8.3874407398e-09
1.1562000000e+04    8.3861899450e-09
1.1564000000e+04    8.3849390349e-09
1.1566000000e+04    8.3836880098e-09
1.1568000000e+04    8.3824368700e-09
1.1570000000e+04    8.3811856158e-09
1.1572000000e+04    8.3799342478e-09
1.1574000000e+04    8.3786827661e-09
1.1576000000e+04    8.3774311713e-09
1.1578000000e+04    8.3761794635e-09
1.1580000000e+04    8.3749276433e-09
1.1582000000e+04    8.3736757110e-09
1.1584000000e+04    8.3724236669e-09
1.1586000000e+04    8.3711715113e-09
1.1588000000e+04    8.3699192447e-09
1.1590000000e+04    8.3686668675e-09
1.1592000000e+04    8.3674143799e-09
1.1594000000e+04    8.3661617823e-09
1.1596000000e+04    8.3649090751e-09
1.1598000000e+04    8.3636562586e-09
1.1600000000e+04    8.3624033332e-09
1.1602000000e+04    8.3611502993e-09
1.1604000000e+04    8.3598971572e-09
1.1606000000e+04    8.3586439073e-09
1.1608000000e+04    8.3573905498e-09
1.1610000000e+04    8.3561370853e-09
1.1612000000e+04    8.3548835140e-09
1.1614000000e+04    8.3536298362e-09
1.1616000000e+04    8.3523760524e-09
1.1618000000e+04    8.3511221629e-09
1.1620000000e+04    8.3498681680e-09
1.1622000000e+04    8.3486140681e-09
1.1624000000e+04    8.3473598636e-09
1.1626000000e+04    8.3461055548e-09
1.1628000000e+04    8.3448511420e-09
1.1630000000e+04    8.3435966256e-09
1.1632000000e+04    8.3423420059e-09
1.1634000000e+04    8.3410872834e-09
1.1636000000e+04    8.3398324583e-09
1.1638000000e+04    8.3385775309e-09
1.1640000000e+04    8.3373225018e-09
1.1642000000e+04    8.3360673711e-09
1.1644000000e+04    8.3348121392e-09
1.1646000000e+04    8.3335568066e-09
1.1648000000e+04    8.3323013735e-09
1.1650000000e+04    8.3310458402e-09
1.1652000000e+04    8.3297902072e-09
1.1654000000e+04    8.3285344747e-09
1.1656000000e+04    8.3272786432e-09
1.1658000000e+04    8.3260227129e-09
1.1660000000e+04    8.3247666842e-09
1.1662000000e+04    8.3235105574e-09
1.1664000000e+04    8.3222543330e-09
1.1666000000e+04    8.3209980111e-09
1.1668000000e+04    8.3197415923e-09
1.1670000000e+04    8.3184850767e-09
1.1672000000e+04    8.3172261122e-09
1.1674000000e+04    8.3159694095e-09
1.1676000000e+04    8.3146966002e-09
1.1678000000e+04    8.3134356571e-09
1.1680000000e+04    8.3121787875e-09
1.1682000000e+04    8.3109218728e-09
1.1684000000e+04    8.3096649132e-09
1.1686000000e+04    8.3084079088e-09
1.1688000000e+04    8.3071508601e-09
1.1690000000e+04    8.3058937672e-09
1.1692000000e+04    8.3046366305e-09
1.1694000000e+04    8.3033794501e-09
1.1696000000e+04    8.3021222264e-09
1.1698000000e+04    8.3008649597e-09
1.1700000000e+04    8.2996076501e-09
1.1702000000e+04    8.2983502981e-09
1.1704000000e+04    8.2970929037e-09
1.1706000000e+04    8.2958354673e-09
1.1708000000e+04    8.2945779892e-09
1.1710000000e+04    8.2933204697e-09
1.1712000000e+04    8.2920629089e-09
1.1714000000e+04    8.2908053072e-09
1.1716000000e+04    8.2895476648e-09
1.1718000000e+04    8.2882899819e-09
1.1720000000e+04    8.2870322590e-09
1.1722000000e+04    8.2857744961e-09
1.1724000000e+04    8.2845166936e-09
1.1726000000e+04    8.2832588517e-09
1.1728000000e+04    8.2820009707e-09
1.1730000000e+04    8.2807430509e-09
1.1732000000e+04    8.2794850925e-09
1.1734000000e+04    8.2782270958e-09
1.1736000000e+04    8.2769690610e-09
1.1738000000e+04    8.2757109884e-09
1.1740000000e+04    8.2744528783e-09
1.1742000000e+04    8.2731947309e-09
1.1744000000e+04    8.2719365465e-09
1.1746000000e+04    8.2706783253e-09
1.1748000000e+04    8.2694200676e-09
1.1750000000e+04    8.2681617737e-09
1.1752000000e+04    8.2669034438e-09
1.1754000000e+04    8.2656450781e-09
1.1756000000e+04    8.2643866770e-09
1.1758000000e+04    8.2631282406e-09
1.1760000000e+04    8.2618697693e-09
1.1762000000e+04    8.2606112633e-09
1.1764000000e+04    8.2593527229e-09
1.1766000000e+04    8.2580941482e-09
1.1768000000e+04    8.2568355397e-09
1.1770000000e+04    8.2555768974e-09
1.1772000000e+04    8.2543182217e-09
1.1774000000e+04    8.2530595129e-09
1.1776000000e+04    8.2518007711e-09
1.1778000000e+04    8.2505419967e-09
1.1780000000e+04    8.2492831898e-09
1.1782000000e+04    8.2480243508e-09
1.1784000000e+04    8.2467654799e-09
1.1786000000e+04    8.2455065774e-09
1.1788000000e+04    8.2442476435e-09
1.1790000000e+04    8.2429886784e-09
1.1792000000e+04    8.2417296824e-09
1.1794000000e+04    8.2404706558e-09
1.1796000000e+04    8.2392115987e-09
1.1798000000e+04    8.2379525116e-09
1.1800000000e+04    8.2366933945e-09
1.1802000000e+04    8.2354342479e-09
1.1804000000e+04    8.2341750718e-09
1.1806000000e+04    8.2329158666e-09
1.1808000000e+04    8.2316566325e-09
1.1810000000e+04    8.2303973697e-09
1.1812000000e+04    8.2291380786e-09
1.1814000000e+04    8.2278787593e-09
1.1816000000e+04    8.2266194121e-09
1.1818000000e+04    8.2253600373e-09
1.1820000000e+04    8.2241006350e-09
1.1822000000e+04    8.2228412057e-09
1.1824000000e+04    8.2215817494e-09
1.1826000000e+04    8.2203222664e-09
1.1828000000e+04    8.2190627570e-09
1.1830000000e+04    8.2178032215e-09
1.1832000000e+04    8.2165436600e-09
1.1834000000e+04    8.2152840729e-09
1.1836000000e+04    8.2140207820e-09
1.1838000000e+04    8.2127611549e-09
1.1840000000e+04    8.2115015126e-09
1.1842000000e+04    8.2102418552e-09
1.1844000000e+04    8.2089821830e-09
1.1846000000e+04    8.2077224962e-09
1.1848000000e+04    8.2064627951e-09
1.1850000000e+04    8.2052030798e-09
1.1852000000e+04    8.2039433506e-09
1.1854000000e+04    8.2026836077e-09
1.1856000000e+04    8.2014238514e-09
1.1858000000e+04    8.2001640819e-09
1.1860000000e+04    8.1989042994e-09
1.1862000000e+04    8.1976445042e-09
1.1864000000e+04    8.1963846964e-09
1.1866000000e+04    8.1951248763e-09
1.1868000000e+04    8.1938650441e-09
1.1870000000e+04    8.1926052001e-09
1.1872000000e+04    8.1913453445e-09
1.1874000000e+04    8.1900854774e-09
1.1876000000e+04    8.1888255992e-09
1.1878000000e+04    8.1875657101e-09
1.1880000000e+04    8.1863058102e-09
1.1882000000e+04    8.1850458999e-09
1.1884000000e+04    8.1837859793e-09
1.1886000000e+04    8.1825260487e-09
1.1888000000e+04    8.1812661082e-09
1.1890000000e+04    8.1800061582e-09
1.1892000000e+04    8.1787461988e-09
1.1894000000e+04    8.1774862302e-09
1.1896000000e+04    8.1762262527e-09
1.1898000000e+04    8.1749662666e-09
1.1900000000e+04    8.1737062719e-09
1.1902000000e+04    8.1724462690e-09
1.1904000000e+04    8.1711862581e-09
1.1906000000e+04    8.1699262394e-09
1.1908000000e+04    8.1686662131e-09
1.1910000000e+04    8.1674061795e-09
1.1912000000e+04    8.1661461387e-09
1.1914000000e+04    8.1648860910e-09
1.1916000000e+04    8.1636260365e-09
1.1918000000e+04    8.1623659757e-09
1.1920000000e+04    8.1611059085e-09
1.1922000000e+04    8.1598458353e-09
1.1924000000e+04    8.1585857563e-09
1.1926000000e+04    8.1573256718e-09
1.1928000000e+04    8.1560655818e-09
1.1930000000e+04    8.1548054867e-09
1.1932000000e+04    8.1535453866e-09
1.1934000000e+04    8.1522852818e-09
1.1936000000e+04    8.1510251725e-09
1.1938000000e+04    8.1497650590e-09
1.1940000000e+04    8.1485049413e-09
1.1942000000e+04    8.1472448198e-09
1.1944000000e+04    8.1459846976e-09
1.1946000000e+04    8.1447245690e-09
1.1948000000e+04    8.1434644373e-09
1.1950000000e+04    8.1422043026e-09
1.1952000000e+04    8.1409441651e-09
1.1954000000e+04    8.1396840250e-09
1.1956000000e+04    8.1384238827e-09
1.1958000000e+04    8.1371637382e-09
1.1960000000e+04    8.1359035918e-09
1.1962000000e+04    8.1346434437e-09
1.1964000000e+04    8.1333832941e-09
1.1966000000e+04    8.1321231433e-09
1.1968000000e+04    8.1308629914e-09
1.1970000000e+04    8.1296028387e-09
1.1972000000e+04    8.1283426854e-09
1.1974000000e+04    8.1270825316e-09
1.1976000000e+04    8.1258223777e-09
1.1978000000e+04    8.1245622238e-09
1.1980000000e+04    8.1233020701e-09
1.1982000000e+04    8.1220419168e-09
1.1984000000e+04    8.1207817643e-09
1.1986000000e+04    8.1195216125e-09
1.1988000000e+04    8.1182614619e-09
1.1990000000e+04    8.1170013125e-09
1.1992000000e+04    8.1157411647e-09
1.1994000000e+04    8.1144810185e-09
1.1996000000e+04    8.1132208743e-09
1.1998000000e+04    8.1119607322e-09
1.2000000000e+04    8.1107005924e-09
1.2002000000e+04    8.1094404552e-09
1.2004000000e+04    8.1081803208e-09
1.2006000000e+04    8.1069201893e-09
1.2008000000e+04    8.1056600610e-09
1.2010000000e+04    8.1043999361e-09
1.2012000000e+04    8.1031398147e-09
1.2014000000e+04    8.1018796972e-09
1.2016000000e+04    8.1006195837e-09
1.2018000000e+04    8.0993594744e-09
1.2020000000e+04    8.0980993695e-09
1.2022000000e+04    8.0968392692e-09
1.2024000000e+04    8.0955791738e-09
1.2026000000e+04    8.0943163996e-09
1.2028000000e+04    8.0930563208e-09
1.2030000000e+04    8.0917962542e-09
1.2032000000e+04    8.0905362001e-09
1.2034000000e+04    8.0892761588e-09
1.2036000000e+04    8.0880161302e-09
1.2038000000e+04    8.0867561148e-09
1.2040000000e+04    8.0854961126e-09
1.2042000000e+04    8.0842361239e-09
1.2044000000e+04    8.0829761488e-09
1.2046000000e+04    8.0817161876e-09
1.2048000000e+04    8.0804562404e-09
1.2050000000e+04    8.0791963074e-09
1.2052000000e+04    8.0779363889e-09
1.2054000000e+04    8.0766764850e-09
1.2056000000e+04    8.0754165960e-09
1.2058000000e+04    8.0741567219e-09
1.2060000000e+04    8.0728968631e-09
1.2062000000e+04    8.0716370196e-09
1.2064000000e+04    8.0703771918e-09
1.2066000000e+04    8.0691173797e-09
1.2068000000e+04    8.0678575836e-09
1.2070000000e+04    8.0666250490e-09
1.2072000000e+04    8.0653652290e-09
1.2074000000e+04    8.0641053568e-09
1.2076000000e+04    8.0628454325e-09
1.2078000000e+04    8.0615854563e-09
1.2080000000e+04    8.0603254286e-09
1.2082000000e+04    8.0590653496e-09
1.2084000000e+04    8.0578052194e-09
1.2086000000e+04    8.0565450384e-09
1.2088000000e+04    8.0552848067e-09
1.2090000000e+04    8.0540245246e-09
1.2092000000e+04    8.0527641924e-09
1.2094000000e+04    8.0515038102e-09
1.2096000000e+04    8.0502433784e-09
1.2098000000e+04    8.0489828971e-09
1.2100000000e+04    8.0477223665e-09
1.2102000000e+04    8.0464617870e-09
1.2104000000e+04    8.0452011588e-09
1.2106000000e+04    8.0439404820e-09
1.2108000000e+04    8.0426797569e-09
1.2110000000e+04    8.0414189838e-09
1.2112000000e+04    8.0401581628e-09
1.2114000000e+04    8.0388972943e-09
1.2116000000e+04    8.0376363784e-09
1.2118000000e+04    8.0363754155e-09
1.2120000000e+04    8.0351144056e-09
1.2122000000e+04    8.0338533490e-09
1.2124000000e+04    8.0325922461e-09
1.2126000000e+04    8.0313310970e-09
1.2128000000e+04    8.0300699019e-09
1.2130000000e+04    8.0288086610e-09
1.2132000000e+04    8.0275473747e-09
1.2134000000e+04    8.0262860432e-09
1.2136000000e+04    8.0250246665e-09
1.2138000000e+04    8.0237632451e-09
1.2140000000e+04    8.0225017791e-09
1.2142000000e+04    8.0212402688e-09
1.2144000000e+04    8.0199757290e-09
1.2146000000e+04    8.0187141378e-09
1.2148000000e+04    8.0174525104e-09
1.2150000000e+04    8.0161908470e-09
1.2152000000e+04    8.0149291478e-09
1.2154000000e+04    8.0136674131e-09
1.2156000000e+04    8.0124056431e-09
1.2158000000e+04    8.0111438379e-09
1.2160000000e+04    8.0098819978e-09
1.2162000000e+04    8.0086201231e-09
1.2164000000e+04    8.0073582139e-09
1.2166000000e+04    8.0060962704e-09
1.2168000000e+04    8.0048342929e-09
1.2170000000e+04    8.0035722816e-09
1.2172000000e+04    8.0023102367e-09
1.2174000000e+04    8.0010481584e-09
1.2176000000e+04    7.9997860470e-09
1.2178000000e+04    7.9985239026e-09
1.2180000000e+04    7.9972617255e-09
1.2182000000e+04    7.9959995159e-09
1.2184000000e+04    7.9947372740e-09
1.2186000000e+04    7.9934749999e-09
1.2188000000e+04    7.9922126941e-09
1.2190000000e+04    7.9909503565e-09
1.2192000000e+04    7.9896879875e-09
1.2194000000e+04    7.9884255873e-09
1.2196000000e+04    7.9871631561e-09
1.2198000000e+04    7.9859006941e-09
1.2200000000e+04    7.9846382014e-09
1.2202000000e+04    7.9833756785e-09
1.2204000000e+04    7.9821131253e-09
1.2206000000e+04    7.9808505422e-09
1.2208000000e+04    7.9795879294e-09
1.2210000000e+04    7.9783252870e-09
1.2212000000e+04    7.9770626153e-09
1.2214000000e+04    7.9757999146e-09
1.2216000000e+04    7.9745371849e-09
1.2218000000e+04    7.9732744266e-09
1.2220000000e+04    7.9720116397e-09
1.2222000000e+04    7.9707488247e-09
1.2224000000e+04    7.9694859816e-09
1.2226000000e+04    7.9682231106e-09
1.2228000000e+04    7.9669602121e-09
1.2230000000e+04    7.9656972861e-09
1.2232000000e+04    7.9644343329e-09
1.2234000000e+04    7.9631713527e-09
1.2236000000e+04    7.9619083457e-09
1.2238000000e+04    7.9606453122e-09
1.2240000000e+04    7.9593822522e-09
1.2242000000e+04    7.9581191662e-09
1.2244000000e+04    7.9568560541e-09
1.2246000000e+04    7.9555929163e-09
1.2248000000e+04    7.9543297530e-09
1.2250000000e+04    7.9530665644e-09
1.2252000000e+04    7.9518033506e-09
1.2254000000e+04    7.9505401119e-09
1.2256000000e+04    7.9492768486e-09
1.2258000000e+04    7.9480135607e-09
1.2260000000e+04    7.9467502485e-09
1.2262000000e+04    7.9454869122e-09
1.2264000000e+04    7.9442235521e-09
1.2266000000e+04    7.9429601682e-09
1.2268000000e+04    7.9416967609e-09
1.2270000000e+04    7.9404333304e-09
1.2272000000e+04    7.9391698768e-09
1.2274000000e+04    7.9379064003e-09
1.2276000000e+04    7.9366429012e-09
1.2278000000e+04    7.9353793796e-09
1.2280000000e+04    7.9341158358e-09
1.2282000000e+04    7.9328522699e-09
1.2284000000e+04    7.9315886823e-09
1.2286000000e+04    7.9303250729e-09
1.2288000000e+04    7.9290614422e-09
1.2290000000e+04    7.9277977902e-09
1.2292000000e+04    7.9265341173e-09
1.2294000000e+04    7.9252704235e-09
1.2296000000e+04    7.9240067091e-09
1.2298000000e+04    7.9227429742e-09
1.2300000000e+04    7.9214792192e-09
1.2302000000e+04    7.9202154442e-09
1.2304000000e+04    7.9189516493e-09
1.2306000000e+04    7.9176878349e-09
1.2308000000e+04    7.9164240010e-09
1.2310000000e+04    7.9151601479e-09
1.2312000000e+04    7.9138962759e-09
1.2314000000e+04    7.9126323850e-09
1.2316000000e+04    7.9113684755e-09
1.2318000000e+04    7.9101045477e-09
1.2320000000e+04    7.9088406016e-09
1.2322000000e+04    7.9075766375e-09
1.2324000000e+04    7.9063126556e-09
1.2326000000e+04    7.9050486562e-09
1.2328000000e+04    7.9037846393e-09
1.2330000000e+04    7.9025206052e-09
1.2332000000e+04    7.9012565541e-09
1.2334000000e+04    7.8999924862e-09
1.2336000000e+04    7.8987284017e-09
1.2338000000e+04    7.8974643008e-09
1.2340000000e+04    7.8962001836e-09
1.2342000000e+04    7.8949360505e-09
1.2344000000e+04    7.8936719015e-09
1.2346000000e+04    7.8924077369e-09
1.2348000000e+04    7.8911435568e-09
1.2350000000e+04    7.8898793616e-09
1.2352000000e+04    7.8886151513e-09
1.2354000000e+04    7.8873509262e-09
1.2356000000e+04    7.8860866864e-09
1.2358000000e+04    7.8848224322e-09
1.2360000000e+04    7.8835581637e-09
1.2362000000e+04    7.8822938812e-09
1.2364000000e+04    7.8810295848e-09
1.2366000000e+04    7.8797652748e-09
1.2368000000e+04    7.8785009513e-09
1.2370000000e+04    7.8772366145e-09
1.2372000000e+04    7.8759722646e-09
1.2374000000e+04    7.8747079019e-09
1.2376000000e+04    7.8734435264e-09
1.2378000000e+04    7.8721791385e-09
1.2380000000e+04    7.8709147383e-09
1.2382000000e+04    7.8696503259e-09
1.2384000000e+04    7.8683859016e-09
1.2386000000e+04    7.8671214656e-09
1.2388000000e+04    7.8658570181e-09
1.2390000000e+04    7.8645925592e-09
1.2392000000e+04    7.8633280891e-09
1.2394000000e+04    7.8620636082e-09
1.2396000000e+04    7.8607991164e-09
1.2398000000e+04    7.8595346141e-09
1.2400000000e+04    7.8582701013e-09
1.2402000000e+04    7.8570055784e-09
1.2404000000e+04    7.8557410455e-09
1.2406000000e+04    7.8544765028e-09
1.2408000000e+04    7.8532119505e-09
1.2410000000e+04    7.8519473887e-09
1.2412000000e+04    7.8506828177e-09
1.2414000000e+04    7.8494182376e-09
1.2416000000e+04    7.8481536487e-09
1.2418000000e+04    7.8468890511e-09
1.2420000000e+04    7.8456244450e-09
1.2422000000e+04    7.8443598307e-09
1.2424000000e+04    7.8430952082e-09
1.2426000000e+04    7.8418305778e-09
1.2428000000e+04    7.8405659397e-09
1.2430000000e+04    7.8393012940e-09
1.2432000000e+04    7.8380366410e-09
1.2434000000e+04    7.8367719809e-09
1.2436000000e+04    7.8355073137e-09
1.2438000000e+04    7.8342426398e-09
1.2440000000e+04    7.8329779592e-09
1.2442000000e+04    7.8317132723e-09
1.2444000000e+04    7.8304485791e-09
1.2446000000e+04    7.8291838799e-09
1.2448000000e+04    7.8279191748e-09
1.2450000000e+04    7.8266544640e-09
1.2452000000e+04    7.8253897478e-09
1.2454000000e+04    7.8241250263e-09
1.2456000000e+04    7.8228602996e-09
1.2458000000e+04    7.8215955681e-09
1.2460000000e+04    7.8203308317e-09
1.2462000000e+04    7.8190660909e-09
1.2464000000e+04    7.8178013456e-09
1.2466000000e+04    7.8165365962e-09
1.2468000000e+04    7.8152718427e-09
1.2470000000e+04    7.8140101449e-09
1.2472000000e+04    7.8127453823e-09
1.2474000000e+04    7.8114806160e-09
1.2476000000e+04    7.8102158462e-09
1.2478000000e+04    7.8089510731e-09
1.2480000000e+04    7.8076862969e-09
1.2482000000e+04    7.8064215177e-09
1.2484000000e+04    7.8051567357e-09
1.2486000000e+04    7.8038919511e-09
1.2488000000e+04    7.8027326306e-09
1.2490000000e+04    7.8014674892e-09
1.2492000000e+04    7.8002020967e-09
1.2494000000e+04    7.7989364532e-09
1.2496000000e+04    7.7976705593e-09
1.2498000000e+04    7.7964044152e-09
1.2500000000e+04    7.7951380213e-09
1.2502000000e+04    7.7938713779e-09
1.2504000000e+04    7.7926044854e-09
1.2506000000e+04    7.7913373441e-09
1.2508000000e+04    7.7900699544e-09
1.2510000000e+04    7.7888023165e-09
1.2512000000e+04    7.7875344309e-09
1.2514000000e+04    7.7862662979e-09
1.2516000000e+04    7.7849979178e-09
1.2518000000e+04    7.7837292910e-09
1.2520000000e+04    7.7824604178e-09
1.2522000000e+04    7.7811912986e-09
1.2524000000e+04    7.7799219336e-09
1.2526000000e+04    7.7786523233e-09
1.2528000000e+04    7.7773824679e-09
1.2530000000e+04    7.7761123678e-09
1.2532000000e+04    7.7748420235e-09
1.2534000000e+04    7.7735714350e-09
1.2536000000e+04    7.7723006030e-09
1.2538000000e+04    7.7710295276e-09
1.2540000000e+04    7.7697582092e-09
1.2542000000e+04    7.7684866481e-09
1.2544000000e+04    7.7672148448e-09
1.2546000000e+04    7.7659427995e-09
1.2548000000e+04    7.7646705125e-09
1.2550000000e+04    7.7633979842e-09
1.2552000000e+04    7.7621252150e-09
1.2554000000e+04    7.7608522051e-09
1.2556000000e+04    7.7595789550e-09
1.2558000000e+04    7.7583054649e-09
1.2560000000e+04    7.7570317352e-09
1.2562000000e+04    7.7557577662e-09
1.2564000000e+04    7.7544835582e-09
1.2566000000e+04    7.7532091117e-09
1.2568000000e+04    7.7519344269e-09
1.2570000000e+04    7.7506595041e-09
1.2572000000e+04    7.7493843438e-09
1.2574000000e+04    7.7481089461e-09
1.2576000000e+04    7.7468333115e-09
1.2578000000e+04    7.7455574404e-09
1.2580000000e+04    7.7442813329e-09
1.2582000000e+04    7.7430049896e-09
1.2584000000e+04    7.7417284106e-09
1.2586000000e+04    7.7404516676e-09
1.2588000000e+04    7.7391746191e-09
1.2590000000e+04    7.7378973364e-09
1.2592000000e+04    7.7366198198e-09
1.2594000000e+04    7.7353420695e-09
1.2596000000e+04    7.7340640230e-09
1.2598000000e+04    7.7327858066e-09
1.2600000000e+04    7.7315073576e-09
1.2602000000e+04    7.7302286763e-09
1.2604000000e+04    7.7289497631e-09
1.2606000000e+04    7.7276706183e-09
1.2608000000e+04    7.7263912422e-09
1.2610000000e+04    7.7251116352e-09
1.2612000000e+04    7.7238317976e-09
1.2614000000e+04    7.7225517297e-09
1.2616000000e+04    7.7212714319e-09
1.2618000000e+04    7.7199909044e-09
1.2620000000e+04    7.7187101477e-09
1.2622000000e+04    7.7174291620e-09
1.2624000000e+04    7.7161479477e-09
1.2626000000e+04    7.7148665050e-09
1.2628000000e+04    7.7135848344e-09
1.2630000000e+04    7.7123029361e-09
1.2632000000e+04    7.7110208105e-09
1.2634000000e+04    7.7097384578e-09
1.2636000000e+04    7.7084558785e-09
1.2638000000e+04    7.7071730729e-09
1.2640000000e+04    7.7058900412e-09
1.2642000000e+04    7.7046067839e-09
1.2644000000e+04    7.7033233011e-09
1.2646000000e+04    7.7020395933e-09
1.2648000000e+04    7.7007556608e-09
1.2650000000e+04    7.6994715039e-09
1.2652000000e+04    7.6981871229e-09
1.2654000000e+04    7.6969025182e-09
1.2656000000e+04    7.6956176900e-09
1.2658000000e+04    7.6943326387e-09
1.2660000000e+04    7.6930473647e-09
1.2662000000e+04    7.6917618681e-09
1.2664000000e+04    7.6904761495e-09
1.2666000000e+04    7.6891902090e-09
1.2668000000e+04    7.6879040471e-09
1.2670000000e+04    7.6866176639e-09
1.2672000000e+04    7.6853310599e-09
1.2674000000e+04    7.6840442354e-09
1.2676000000e+04    7.6827571907e-09
1.2678000000e+04    7.6814699261e-09
1.2680000000e+04    7.6801824419e-09
1.2682000000e+04    7.6788947385e-09
1.2684000000e+04    7.6776068162e-09
1.2686000000e+04    7.6763234873e-09
1.2688000000e+04    7.6750351712e-09
1.2690000000e+04    7.6737466613e-09
1.2692000000e+04    7.6724579579e-09
1.2694000000e+04    7.6711690614e-09
1.2696000000e+04    7.6698799719e-09
1.2698000000e+04    7.6685906899e-09
1.2700000000e+04    7.6673012157e-09
1.2702000000e+04    7.6660115494e-09
1.2704000000e+04    7.6647216915e-09
1.2706000000e+04    7.6634316423e-09
1.2708000000e+04    7.6621414020e-09
1.2710000000e+04    7.6608509709e-09
1.2712000000e+04    7.6595603494e-09
1.2714000000e+04    7.6582695377e-09
1.2716000000e+04    7.6569785362e-09
1.2718000000e+04    7.6556873452e-09
1.2720000000e+04    7.6543959649e-09
1.2722000000e+04    7.6531043956e-09
1.2724000000e+04    7.6518126378e-09
1.2726000000e+04    7.6505206916e-09
1.2728000000e+04    7.6492285574e-09
1.2730000000e+04    7.6479362354e-09
1.2732000000e+04    7.6466437260e-09
1.2734000000e+04    7.6453510295e-09
1.2736000000e+04    7.6440581461e-09
1.2738000000e+04    7.6427650763e-09
1.2740000000e+04    7.6414718201e-09
1.2742000000e+04    7.6401783781e-09
1.2744000000e+04    7.6388814198e-09
1.2746000000e+04    7.6375876133e-09
1.2748000000e+04    7.6362936294e-09
1.2750000000e+04    7.6349994682e-09
1.2752000000e+04    7.6337051302e-09
1.2754000000e+04    7.6324106155e-09
1.2756000000e+04    7.6311159245e-09
1.2758000000e+04    7.6298210575e-09
1.2760000000e+04    7.6285260147e-09
1.2762000000e+04    7.6272307964e-09
1.2764000000e+04    7.6259354030e-09
1.2766000000e+04    7.6246398347e-09
1.2768000000e+04    7.6233440918e-09
1.2770000000e+04    7.6220481746e-09
1.2772000000e+04    7.6207520833e-09
1.2774000000e+04    7.6194558183e-09
1.2776000000e+04    7.6181593799e-09
1.2778000000e+04    7.6168627683e-09
1.2780000000e+04    7.6155659839e-09
1.2782000000e+04    7.6142690268e-09
1.2784000000e+04    7.6129718975e-09
1.2786000000e+04    7.6116745962e-09
1.2788000000e+04    7.6103771231e-09
1.2790000000e+04    7.6090794786e-09
1.2792000000e+04    7.6077816629e-09
1.2794000000e+04    7.6064836764e-09
1.2796000000e+04    7.6051855192e-09
1.2798000000e+04    7.6038871918e-09
1.2800000000e+04    7.6025886944e-09
1.2802000000e+04    7.6012900272e-09
1.2804000000e+04    7.5999911906e-09
1.2806000000e+04    7.5986921848e-09
1.2808000000e+04    7.5973930102e-09
1.2810000000e+04    7.5960936670e-09
1.2812000000e+04    7.5947941554e-09
1.2814000000e+04    7.5934944759e-09
1.2816000000e+04    7.5921946285e-09
1.2818000000e+04    7.5908946138e-09
1.2820000000e+04    7.5895944319e-09
1.2822000000e+04    7.5882940830e-09
1.2824000000e+04    7.5869935676e-09
1.2826000000e+04    7.5856928858e-09
1.2828000000e+04    7.5843920380e-09
1.2830000000e+04    7.5830910245e-09
1.2832000000e+04    7.5817898454e-09
1.2834000000e+04    7.5804885012e-09
1.2836000000e+04    7.5791869921e-09
1.2838000000e+04    7.5778853183e-09
1.2840000000e+04    7.5765834801e-09
1.2842000000e+04    7.5752814779e-09
1.2844000000e+04    7.5739793119e-09
1.2846000000e+04    7.5726769824e-09
1.2848000000e+04    7.5713744897e-09
1.2850000000e+04    7.5700718340e-09
1.2852000000e+04    7.5687690157e-09
1.2854000000e+04    7.5674660350e-09
1.2856000000e+04    7.5661628921e-09
1.2858000000e+04    7.5648595874e-09
1.2860000000e+04    7.5635561212e-09
1.2862000000e+04    7.5622524932e-09
1.2864000000e+04    7.5609487047e-09
1.2866000000e+04    7.5596447555e-09
1.2868000000e+04    7.5583406459e-09
1.2870000000e+04    7.5570363761e-09
1.2872000000e+04    7.5557319465e-09
1.2874000000e+04    7.5544273572e-09
1.2876000000e+04    7.5531226087e-09
1.2878000000e+04    7.5518177011e-09
1.2880000000e+04    7.5505126347e-09
1.2882000000e+04    7.5492074098e-09
1.2884000000e+04    7.5479020268e-09
1.2886000000e+04    7.5465964858e-09
1.2888000000e+04    7.5452907871e-09
1.2890000000e+04    7.5439849311e-09
1.2892000000e+04    7.5426789180e-09
1.2894000000e+04    7.5413727480e-09
1.2896000000e+04    7.5400664215e-09
1.2898000000e+04    7.5387599387e-09
1.2900000000e+04    7.5374532999e-09
1.2902000000e+04    7.5361465054e-09
1.2904000000e+04    7.5348395555e-09
1.2906000000e+04    7.5335324504e-09
1.2908000000e+04    7.5322251904e-09
1.2910000000e+04    7.5309177757e-09
1.2912000000e+04    7.5296102067e-09
1.2914000000e+04    7.5283024837e-09
1.2916000000e+04    7.5269946068e-09
1.2918000000e+04    7.5256865764e-09
1.2920000000e+04    7.5243783928e-09
1.2922000000e+04    7.5230700562e-09
1.2924000000e+04    7.5217615669e-09
1.2926000000e+04    7.5204529251e-09
1.2928000000e+04    7.5191441312e-09
1.2930000000e+04    7.5178351855e-09
1.2932000000e+04    7.5165260881e-09
1.2934000000e+04    7.5152168393e-09
1.2936000000e+04    7.5139074396e-09
1.2938000000e+04    7.5125978890e-09
1.2940000000e+04    7.5112881879e-09
1.2942000000e+04    7.5099783365e-09
1.2944000000e+04    7.5086683352e-09
1.2946000000e+04    7.5073581841e-09
1.2948000000e+04    7.5060481639e-09
1.2950000000e+04    7.5047377167e-09
1.2952000000e+04    7.5034271220e-09
1.2954000000e+04    7.5021163799e-09
1.2956000000e+04    7.5008054909e-09
1.2958000000e+04    7.4994944551e-09
1.2960000000e+04    7.4981832729e-09
1.2962000000e+04    7.4968719445e-09
1.2964000000e+04    7.4955604701e-09
1.2966000000e+04    7.4942488501e-09
1.2968000000e+04    7.4929370847e-09
1.2970000000e+04    7.4916251742e-09
1.2972000000e+04    7.4903131188e-09
1.2974000000e+04    7.4890009189e-09
1.2976000000e+04    7.4876885746e-09
1.2978000000e+04    7.4863760863e-09
1.2980000000e+04    7.4850634542e-09
1.2982000000e+04    7.4837506787e-09
1.2984000000e+04    7.4824377598e-09
1.2986000000e+04    7.4811246980e-09
1.2988000000e+04    7.4798114935e-09
1.2990000000e+04    7.4784981465e-09
1.2992000000e+04    7.4771846573e-09
1.2994000000e+04    7.4758710263e-09
1.2996000000e+04    7.4745572536e-09
1.2998000000e+04    7.4732433395e-09
1.3000000000e+04    7.4719292843e-09
1.3002000000e+04    7.4706150882e-09
1.3004000000e+04    7.4693007516e-09
1.3006000000e+04    7.4679862747e-09
1.3008000000e+04    7.4666716577e-09
1.3010000000e+04    7.4653569009e-09
1.3012000000e+04    7.4640420046e-09
1.3014000000e+04    7.4627269690e-09
1.3016000000e+04    7.4614117945e-09
1.3018000000e+04    7.4600964812e-09
1.3020000000e+04    7.4587810294e-09
1.3022000000e+04    7.4574654395e-09
1.3024000000e+04    7.4561497116e-09
1.3026000000e+04    7.4548338460e-09
1.3028000000e+04    7.4535178430e-09
1.3030000000e+04    7.4522017029e-09
1.3032000000e+04    7.4508854259e-09
1.3034000000e+04    7.4495690122e-09
1.3036000000e+04    7.4482524622e-09
1.3038000000e+04    7.4469357761e-09
1.3040000000e+04    7.4456189542e-09
1.3042000000e+04    7.4443019967e-09
1.3044000000e+04    7.4429849039e-09
1.3046000000e+04    7.4416676760e-09
1.3048000000e+04    7.4403503134e-09
1.3050000000e+04    7.4390328162e-09
1.3052000000e+04    7.4377151848e-09
1.3054000000e+04    7.4363974193e-09
1.3056000000e+04    7.4350795201e-09
1.3058000000e+04    7.4337614874e-09
1.3060000000e+04    7.4324433215e-09
1.3062000000e+04    7.4311250227e-09
1.3064000000e+04    7.4298065911e-09
1.3066000000e+04    7.4284880271e-09
1.3068000000e+04    7.4271693309e-09
1.3070000000e+04    7.4258505028e-09
1.3072000000e+04    7.4245315430e-09
1.3074000000e+04    7.4232124518e-09
1.3076000000e+04    7.4218932295e-09
1.3078000000e+04    7.4205738763e-09
1.3080000000e+04    7.4192543925e-09
1.3082000000e+04    7.4179347783e-09
1.3084000000e+04    7.4166150339e-09
1.3086000000e+04    7.4152951598e-09
1.3088000000e+04    7.4139751560e-09
1.3090000000e+04    7.4126550229e-09
1.3092000000e+04    7.4113347607e-09
1.3094000000e+04    7.4100145494e-09
1.3096000000e+04    7.4086940312e-09
1.3098000000e+04    7.4073733855e-09
1.3100000000e+04    7.4060526126e-09
1.3102000000e+04    7.4047318231e-09
1.3104000000e+04    7.4034107972e-09
1.3106000000e+04    7.4020896454e-09
1.3108000000e+04    7.4007683680e-09
1.3110000000e+04    7.3994469651e-09
1.3112000000e+04    7.3981254371e-09
1.3114000000e+04    7.3968037842e-09
1.3116000000e+04    7.3954820067e-09
1.3118000000e+04    7.3941601048e-09
1.3120000000e+04    7.3928380787e-09
1.3122000000e+04    7.3915159288e-09
1.3124000000e+04    7.3901936552e-09
1.3126000000e+04    7.3888712583e-09
1.3128000000e+04    7.3875487383e-09
1.3130000000e+04    7.3862260954e-09
1.3132000000e+04    7.3849033299e-09
1.3134000000e+04    7.3835804420e-09
1.3136000000e+04    7.3822574320e-09
1.3138000000e+04    7.3809343002e-09
1.3140000000e+04    7.3796110468e-09
1.3142000000e+04    7.3782876721e-09
1.3144000000e+04    7.3769641762e-09
1.3146000000e+04    7.3756405595e-09
1.3148000000e+04    7.3743168222e-09
1.3150000000e+04    7.3729929646e-09
1.3152000000e+04    7.3716689869e-09
1.3154000000e+04    7.3703448893e-09
1.3156000000e+04    7.3690206722e-09
1.3158000000e+04    7.3676963358e-09
1.3160000000e+04    7.3663718802e-09
1.3162000000e+04    7.3650473058e-09
1.3164000000e+04    7.3637226129e-09
1.3166000000e+04    7.3623978016e-09
1.3168000000e+04    7.3610728722e-09
1.3170000000e+04    7.3597478250e-09
1.3172000000e+04    7.3584226603e-09
1.3174000000e+04    7.3570973782e-09
1.3176000000e+04    7.3557719790e-09
1.3178000000e+04    7.3544464629e-09
1.3180000000e+04    7.3531208303e-09
1.3182000000e+04    7.3517950814e-09
1.3184000000e+04    7.3504692164e-09
1.3186000000e+04    7.3491432355e-09
1.3188000000e+04    7.3478171391e-09
1.3190000000e+04    7.3464909273e-09
1.3192000000e+04    7.3451646004e-09
1.3194000000e+04    7.3438381587e-09
1.3196000000e+04    7.3425116023e-09
1.3198000000e+04    7.3411849317e-09
1.3200000000e+04    7.3398581469e-09
1.3202000000e+04    7.3385312482e-09
1.3204000000e+04    7.3372042360e-09
1.3206000000e+04    7.3358771104e-09
1.3208000000e+04    7.3345498717e-09
1.3210000000e+04    7.3332225201e-09
1.3212000000e+04    7.3318950559e-09
1.3214000000e+04    7.3305674794e-09
1.3216000000e+04    7.3292397907e-09
1.3218000000e+04    7.3279119901e-09
1.3220000000e+04    7.3265840779e-09
1.3222000000e+04    7.3252560542e-09
1.3224000000e+04    7.3239279195e-09
1.3226000000e+04    7.3225996738e-09
1.3228000000e+04    7.3212713175e-09
1.3230000000e+04    7.3199428508e-09
1.3232000000e+04    7.3186142739e-09
1.3234000000e+04    7.3172855871e-09
1.3236000000e+04    7.3159567906e-09
1.3238000000e+04    7.3146278847e-09
1.3240000000e+04    7.3132988696e-09
1.3242000000e+04    7.3119697455e-09
1.3244000000e+04    7.3106405128e-09
1.3246000000e+04    7.3093111716e-09
1.3248000000e+04    7.3079817222e-09
1.3250000000e+04    7.3066521648e-09
1.3252000000e+04    7.3053224996e-09
1.3254000000e+04    7.3039927270e-09
1.3256000000e+04    7.3026628472e-09
1.3258000000e+04    7.3013328603e-09
1.3260000000e+04    7.3000027667e-09
1.3262000000e+04    7.2986725666e-09
1.3264000000e+04    7.2973422602e-09
1.3266000000e+04    7.2960118478e-09
1.3268000000e+04    7.2946813296e-09
1.3270000000e+04    7.2933507058e-09
1.3272000000e+04    7.2920199767e-09
1.3274000000e+04    7.2906891426e-09
1.3276000000e+04    7.2893582036e-09
1.3278000000e+04    7.2880271601e-09
1.3280000000e+04    7.2866960122e-09
1.3282000000e+04    7.2853647602e-09
1.3284000000e+04    7.2840334044e-09
1.3286000000e+04    7.2827019449e-09
1.3288000000e+04    7.2813703821e-09
1.3290000000e+04    7.2800387161e-09
1.3292000000e+04    7.2787069472e-09
1.3294000000e+04    7.2773750756e-09
1.3296000000e+04    7.2760431016e-09
1.3298000000e+04    7.2747110255e-09
1.3300000000e+04    7.2733788474e-09
1.3302000000e+04    7.2720465676e-09
1.3304000000e+04    7.2707141863e-09
1.3306000000e+04    7.2693817038e-09
1.3308000000e+04    7.2680491203e-09
1.3310000000e+04    7.2667164360e-09
1.3312000000e+04    7.2653836512e-09
1.3314000000e+04    7.2640507662e-09
1.3316000000e+04    7.2627177811e-09
1.3318000000e+04    7.2613846962e-09
1.3320000000e+04    7.2600515118e-09
1.3322000000e+04    7.2587182280e-09
1.3324000000e+04    7.2573848452e-09
1.3326000000e+04    7.2560513634e-09
1.3328000000e+04    7.2547177831e-09
1.3330000000e+04    7.2533841044e-09
1.3332000000e+04    7.2520503276e-09
1.3334000000e+04    7.2507164528e-09
1.3336000000e+04    7.2493824804e-09
1.3338000000e+04    7.2480484105e-09
1.3340000000e+04    7.2467142435e-09
1.3342000000e+04    7.2453799794e-09
1.3344000000e+04    7.2440459745e-09
1.3346000000e+04    7.2427115201e-09
1.3348000000e+04    7.2413769711e-09
1.3350000000e+04    7.2400423278e-09
1.3352000000e+04    7.2387075902e-09
1.3354000000e+04    7.2373727587e-09
1.3356000000e+04    7.2360378335e-09
1.3358000000e+04    7.2347028148e-09
1.3360000000e+04    7.2333677029e-09
1.3362000000e+04    7.2320324980e-09
1.3364000000e+04    7.2306972002e-09
1.3366000000e+04    7.2293618100e-09
1.3368000000e+04    7.2280263274e-09
1.3370000000e+04    7.2266907528e-09
1.3372000000e+04    7.2253550863e-09
1.3374000000e+04    7.2240193282e-09
1.3376000000e+04    7.2226834787e-09
1.3378000000e+04    7.2213475381e-09
1.3380000000e+04    7.2200115066e-09
1.3382000000e+04    7.2186753843e-09
1.3384000000e+04    7.2173391716e-09
1.3386000000e+04    7.2160028687e-09
1.3388000000e+04    7.2146664758e-09
1.3390000000e+04    7.2133299931e-09
1.3392000000e+04    7.2119934209e-09
1.3394000000e+04    7.2106567594e-09
1.3396000000e+04    7.2093200088e-09
1.3398000000e+04    7.2079831693e-09
1.3400000000e+04    7.2066462413e-09
1.3402000000e+04    7.2053092249e-09
1.3404000000e+04    7.2039721203e-09
1.3406000000e+04    7.2026349278e-09
1.3408000000e+04    7.2012976476e-09
1.3410000000e+04    7.1999602799e-09
1.3412000000e+04    7.1986228250e-09
1.3414000000e+04    7.1972852830e-09
1.3416000000e+04    7.1959476543e-09
1.3418000000e+04    7.1946067730e-09
1.3420000000e+04    7.1932689759e-09
1.3422000000e+04    7.1919310992e-09
1.3424000000e+04    7.1905931431e-09
1.3426000000e+04    7.1892551078e-09
1.3428000000e+04    7.1879169936e-09
1.3430000000e+04    7.1865788006e-09
1.3432000000e+04    7.1852405290e-09
1.3434000000e+04    7.1839021792e-09
1.3436000000e+04    7.1825637513e-09
1.3438000000e+04    7.1812252455e-09
1.3440000000e+04    7.1798866621e-09
1.3442000000e+04    7.1785480012e-09
1.3444000000e+04    7.1772092631e-09
1.3446000000e+04    7.1758704481e-09
1.3448000000e+04    7.1745315562e-09
1.3450000000e+04    7.1731925878e-09
1.3452000000e+04    7.1718535431e-09
1.3454000000e+04    7.1705144222e-09
1.3456000000e+04    7.1691752255e-09
1.3458000000e+04    7.1678359531e-09
1.3460000000e+04    7.1664966052e-09
1.3462000000e+04    7.1651571820e-09
1.3464000000e+04    7.1638176838e-09
1.3466000000e+04    7.1624781108e-09
1.3468000000e+04    7.1611384632e-09
1.3470000000e+04    7.1597987413e-09
1.3472000000e+04    7.1584589451e-09
1.3474000000e+04    7.1571190750e-09
1.3476000000e+04    7.1557791312e-09
1.3478000000e+04    7.1544391139e-09
1.3480000000e+04    7.1530990233e-09
1.3482000000e+04    7.1517588596e-09
1.3484000000e+04    7.1504186230e-09
1.3486000000e+04    7.1490783137e-09
1.3488000000e+04    7.1477379321e-09
1.3490000000e+04    7.1463974782e-09
1.3492000000e+04    7.1450569523e-09
1.3494000000e+04    7.1437163546e-09
1.3496000000e+04    7.1423756853e-09
1.3498000000e+04    7.1410349447e-09
1.3500000000e+04    7.1396941330e-09
1.3502000000e+04    7.1383532503e-09
1.3504000000e+04    7.1370122968e-09
1.3506000000e+04    7.1356712729e-09
1.3508000000e+04    7.1343301787e-09
1.3510000000e+04    7.1329890144e-09
1.3512000000e+04    7.1316477803e-09
1.3514000000e+04    7.1303064765e-09
1.3516000000e+04    7.1289651032e-09
1.3518000000e+04    7.1276236608e-09
1.3520000000e+04    7.1262821493e-09
1.3522000000e+04    7.1249405690e-09
1.3524000000e+04    7.1235989202e-09
1.3526000000e+04    7.1222572030e-09
1.3528000000e+04    7.1209154176e-09
1.3530000000e+04    7.1195735643e-09
1.3532000000e+04    7.1182062074e-09
1.3534000000e+04    7.1168642770e-09
1.3536000000e+04    7.1155223304e-09
1.3538000000e+04    7.1141803678e-09
1.3540000000e+04    7.1128383893e-09
1.3542000000e+04    7.1114963950e-09
1.3544000000e+04    7.1101543852e-09
1.3546000000e+04    7.1088123599e-09
1.3548000000e+04    7.1074703193e-09
1.3550000000e+04    7.1061282635e-09
1.3552000000e+04    7.1047861928e-09
1.3554000000e+04    7.1034441072e-09
1.3556000000e+04    7.1021020069e-09
1.3558000000e+04    7.1007598921e-09
1.3560000000e+04    7.0994177630e-09
1.3562000000e+04    7.0980756195e-09
1.3564000000e+04    7.0967334620e-09
1.3566000000e+04    7.0953912906e-09
1.3568000000e+04    7.0940491054e-09
1.3570000000e+04    7.0927069065e-09
1.3572000000e+04    7.0913646942e-09
1.3574000000e+04    7.0900224685e-09
1.3576000000e+04    7.0886791555e-09
1.3578000000e+04    7.0873369068e-09
1.3580000000e+04    7.0859946473e-09
1.3582000000e+04    7.0846523773e-09
1.3584000000e+04    7.0833100969e-09
1.3586000000e+04    7.0819678061e-09
1.3588000000e+04    7.0806255052e-09
1.3590000000e+04    7.0792831943e-09
1.3592000000e+04    7.0779408735e-09
1.3594000000e+04    7.0765985430e-09
1.3596000000e+04    7.0752562030e-09
1.3598000000e+04    7.0739138536e-09
1.3600000000e+04    7.0725714948e-09
1.3602000000e+04    7.0712291270e-09
1.3604000000e+04    7.0698867502e-09
1.3606000000e+04    7.0685443645e-09
1.3608000000e+04    7.0672019702e-09
1.3610000000e+04    7.0658595673e-09
1.3612000000e+04    7.0645171561e-09
1.3614000000e+04    7.0631747366e-09
1.3616000000e+04    7.0618323090e-09
1.3618000000e+04    7.0604898735e-09
1.3620000000e+04    7.0591474301e-09
1.3622000000e+04    7.0578049791e-09
1.3624000000e+04    7.0564625206e-09
1.3626000000e+04    7.0551200547e-09
1.3628000000e+04    7.0537775815e-09
1.3630000000e+04    7.0524351013e-09
1.3632000000e+04    7.0510926142e-09
1.3634000000e+04    7.0497501202e-09
1.3636000000e+04    7.0484076197e-09
1.3638000000e+04    7.0470651126e-09
1.3640000000e+04    7.0457225992e-09
1.3642000000e+04    7.0443800795e-09
1.3644000000e+04    7.0430375538e-09
1.3646000000e+04    7.0416950222e-09
1.3648000000e+04    7.0403524848e-09
1.3650000000e+04    7.0390099417e-09
1.3652000000e+04    7.0376673932e-09
1.3654000000e+04    7.0363248393e-09
1.3656000000e+04    7.0349822802e-09
1.3658000000e+04    7.0336397161e-09
1.3660000000e+04    7.0322971471e-09
1.3662000000e+04    7.0309545733e-09
1.3664000000e+04    7.0296119948e-09
1.3666000000e+04    7.0282694119e-09
1.3668000000e+04    7.0269268246e-09
1.3670000000e+04    7.0255842332e-09
1.3672000000e+04    7.0242416377e-09
1.3674000000e+04    7.0228990383e-09
1.3676000000e+04    7.0215564351e-09
1.3678000000e+04    7.0202138283e-09
1.3680000000e+04    7.0188712180e-09
1.3682000000e+04    7.0175286044e-09
1.3684000000e+04    7.0161859876e-09
1.3686000000e+04    7.0148433678e-09
1.3688000000e+04    7.0135007450e-09
1.3690000000e+04    7.0121581195e-09
1.3692000000e+04    7.0108154913e-09
1.3694000000e+04    7.0094728607e-09
1.3696000000e+04    7.0081302277e-09
1.3698000000e+04    7.0067875926e-09
1.3700000000e+04    7.0054449553e-09
1.3702000000e+04    7.0041023162e-09
1.3704000000e+04    7.0027596753e-09
1.3706000000e+04    7.0014170328e-09
1.3708000000e+04    7.0000743887e-09
1.3710000000e+04    6.9987317434e-09
1.3712000000e+04    6.9973890968e-09
1.3714000000e+04    6.9960464492e-09
1.3716000000e+04    6.9947038006e-09
1.3718000000e+04    6.9933611513e-09
1.3720000000e+04    6.9920185013e-09
1.3722000000e+04    6.9906758509e-09
1.3724000000e+04    6.9893332001e-09
1.3726000000e+04    6.9879905490e-09
1.3728000000e+04    6.9866478979e-09
1.3730000000e+04    6.9853052469e-09
1.3732000000e+04    6.9839625960e-09
1.3734000000e+04    6.9826199455e-09
1.3736000000e+04    6.9812772955e-09
1.3738000000e+04    6.9799346461e-09
1.3740000000e+04    6.9785919975e-09
1.3742000000e+04    6.9772493498e-09
1.3744000000e+04    6.9759067032e-09
1.3746000000e+04    6.9745640577e-09
1.3748000000e+04    6.9732214136e-09
1.3750000000e+04    6.9718787709e-09
1.3752000000e+04    6.9705361299e-09
1.3754000000e+04    6.9691934905e-09
1.3756000000e+04    6.9678508531e-09
1.3758000000e+04    6.9665082177e-09
1.3760000000e+04    6.9651655845e-09
1.3762000000e+04    6.9638229536e-09
1.3764000000e+04    6.9624803251e-09
1.3766000000e+04    6.9611376992e-09
1.3768000000e+04    6.9597950760e-09
1.3770000000e+04    6.9584524557e-09
1.3772000000e+04    6.9571098383e-09
1.3774000000e+04    6.9557672242e-09
1.3776000000e+04    6.9544246133e-09
1.3778000000e+04    6.9530820058e-09
1.3780000000e+04    6.9517394018e-09
1.3782000000e+04    6.9503968016e-09
1.3784000000e+04    6.9490542052e-09
1.3786000000e+04    6.9477116127e-09
1.3788000000e+04    6.9463690244e-09
1.3790000000e+04    6.9450264403e-09
1.3792000000e+04    6.9436838606e-09
1.3794000000e+04    6.9423412854e-09
1.3796000000e+04    6.9409987149e-09
1.3798000000e+04    6.9396561492e-09
1.3800000000e+04    6.9383135029e-09
1.3802000000e+04    6.9369709470e-09
1.3804000000e+04    6.9356283964e-09
1.3806000000e+04    6.9342858512e-09
1.3808000000e+04    6.9329433114e-09
1.3810000000e+04    6.9316007772e-09
1.3812000000e+04    6.9302582488e-09
1.3814000000e+04    6.9289157263e-09
1.3816000000e+04    6.9275732098e-09
1.3818000000e+04    6.9262306995e-09
1.3820000000e+04    6.9248881955e-09
1.3822000000e+04    6.9235456979e-09
1.3824000000e+04    6.9222032069e-09
1.3826000000e+04    6.9208607226e-09
1.3828000000e+04    6.9195182452e-09
1.3830000000e+04    6.9181757747e-09
1.3832000000e+04    6.9168333114e-09
1.3834000000e+04    6.9154908553e-09
1.3836000000e+04    6.9141484066e-09
1.3838000000e+04    6.9128059654e-09
1.3840000000e+04    6.9114639363e-09
1.3842000000e+04    6.9101215124e-09
1.3844000000e+04    6.9087802551e-09
1.3846000000e+04    6.9074378576e-09
1.3848000000e+04    6.9060954748e-09
1.3850000000e+04    6.9047531070e-09
1.3852000000e+04    6.9034107543e-09
1.3854000000e+04    6.9020684168e-09
1.3856000000e+04    6.9007260946e-09
1.3858000000e+04    6.8993837879e-09
1.3860000000e+04    6.8980414968e-09
1.3862000000e+04    6.8966992214e-09
1.3864000000e+04    6.8953569618e-09
1.3866000000e+04    6.8940147183e-09
1.3868000000e+04    6.8926724909e-09
1.3870000000e+04    6.8913302797e-09
1.3872000000e+04    6.8899880850e-09
1.3874000000e+04    6.8886459067e-09
1.3876000000e+04    6.8873037451e-09
1.3878000000e+04    6.8859616002e-09
1.3880000000e+04    6.8846194723e-09
1.3882000000e+04    6.8832773614e-09
1.3884000000e+04    6.8819352677e-09
1.3886000000e+04    6.8805931912e-09
1.3888000000e+04    6.8792511322e-09
1.3890000000e+04    6.8779090908e-09
1.3892000000e+04    6.8765670670e-09
1.3894000000e+04    6.8752250611e-09
1.3896000000e+04    6.8738830731e-09
1.3898000000e+04    6.8725411031e-09
1.3900000000e+04    6.8711991514e-09
1.3902000000e+04    6.8698572180e-09
1.3904000000e+04    6.8685153031e-09
1.3906000000e+04    6.8671734068e-09
1.3908000000e+04    6.8658315292e-09
1.3910000000e+04    6.8644836028e-09
1.3912000000e+04    6.8631417567e-09
1.3914000000e+04    6.8617999297e-09
1.3916000000e+04    6.8604581219e-09
1.3918000000e+04    6.8591163334e-09
1.3920000000e+04    6.8577745643e-09
1.3922000000e+04    6.8564328147e-09
1.3924000000e+04    6.8550910848e-09
1.3926000000e+04    6.8537493747e-09
1.3928000000e+04    6.8524076845e-09
1.3930000000e+04    6.8510660144e-09
1.3932000000e+04    6.8497243645e-09
1.3934000000e+04    6.8483827348e-09
1.3936000000e+04    6.8470411256e-09
1.3938000000e+04    6.8456995370e-09
1.3940000000e+04    6.8443579690e-09
1.3942000000e+04    6.8430164218e-09
1.3944000000e+04    6.8416799483e-09
1.3946000000e+04    6.8403384405e-09
1.3948000000e+04    6.8389969537e-09
1.3950000000e+04    6.8376554878e-09
1.3952000000e+04    6.8363140430e-09
1.3954000000e+04    6.8349726195e-09
1.3956000000e+04    6.8336312174e-09
1.3958000000e+04    6.8322898368e-09
1.3960000000e+04    6.8309484778e-09
1.3962000000e+04    6.8296071405e-09
1.3964000000e+04    6.8282658252e-09
1.3966000000e+04    6.8269245318e-09
1.3968000000e+04    6.8255832605e-09
1.3970000000e+04    6.8242420115e-09
1.3972000000e+04    6.8229007849e-09
1.3974000000e+04    6.8215595808e-09
1.3976000000e+04    6.8202183993e-09
1.3978000000e+04    6.8188772406e-09
1.3980000000e+04    6.8175361047e-09
1.3982000000e+04    6.8161949918e-09
1.3984000000e+04    6.8148539021e-09
1.3986000000e+04    6.8135128356e-09
1.3988000000e+04    6.8121717925e-09
1.3990000000e+04    6.8108307729e-09
1.3992000000e+04    6.8094897769e-09
1.3994000000e+04    6.8081488047e-09
1.3996000000e+04    6.8068078563e-09
1.3998000000e+04    6.8054669319e-09
1.4000000000e+04    6.8041260316e-09
1.4002000000e+04    6.8027851556e-09
1.4004000000e+04    6.8014443040e-09
1.4006000000e+04    6.8001034768e-09
1.4008000000e+04    6.7987626743e-09
1.4010000000e+04    6.7974218964e-09
1.4012000000e+04    6.7960811435e-09
1.4014000000e+04    6.7947404155e-09
1.4016000000e+04    6.7933997127e-09
1.4018000000e+04    6.7920590350e-09
1.4020000000e+04    6.7907183828e-09
1.4022000000e+04    6.7893777560e-09
1.4024000000e+04    6.7880371548e-09
1.4026000000e+04    6.7866965793e-09
1.4028000000e+04    6.7853560297e-09
1.4030000000e+04    6.7840155060e-09
1.4032000000e+04    6.7826750085e-09
1.4034000000e+04    6.7813348155e-09
1.4036000000e+04    6.7799943718e-09
1.4038000000e+04    6.7786539557e-09
1.4040000000e+04    6.7773135674e-09
1.4042000000e+04    6.7759732069e-09
1.4044000000e+04    6.7746328744e-09
1.4046000000e+04    6.7732925700e-09
1.4048000000e+04    6.7719522938e-09
1.4050000000e+04    6.7706120460e-09
1.4052000000e+04    6.7692718266e-09
1.4054000000e+04    6.7679316358e-09
1.4056000000e+04    6.7665914736e-09
1.4058000000e+04    6.7652513403e-09
1.4060000000e+04    6.7639112360e-09
1.4062000000e+04    6.7625711607e-09
1.4064000000e+04    6.7612311146e-09
1.4066000000e+04    6.7598910978e-09
1.4068000000e+04    6.7585511104e-09
1.4070000000e+04    6.7572111526e-09
1.4072000000e+04    6.7558712244e-09
1.4074000000e+04    6.7545313261e-09
1.4076000000e+04    6.7531914576e-09
1.4078000000e+04    6.7518516192e-09
1.4080000000e+04    6.7505118109e-09
1.4082000000e+04    6.7491720329e-09
1.4084000000e+04    6.7478322853e-09
1.4086000000e+04    6.7464925682e-09
1.4088000000e+04    6.7451528817e-09
1.4090000000e+04    6.7438132260e-09
1.4092000000e+04    6.7424736011e-09
1.4094000000e+04    6.7411340073e-09
1.4096000000e+04    6.7397944445e-09
1.4098000000e+04    6.7384549130e-09
1.4100000000e+04    6.7371154128e-09
1.4102000000e+04    6.7357759441e-09
1.4104000000e+04    6.7344365070e-09
1.4106000000e+04    6.7330971016e-09
1.4108000000e+04    6.7317577281e-09
1.4110000000e+04    6.7304183864e-09
1.4112000000e+04    6.7290790769e-09
1.4114000000e+04    6.7277397995e-09
1.4116000000e+04    6.7264005545e-09
1.4118000000e+04    6.7250613418e-09
1.4120000000e+04    6.7237221617e-09
1.4122000000e+04    6.7223830143e-09
1.4124000000e+04    6.7210438997e-09
1.4126000000e+04    6.7197048179e-09
1.4128000000e+04    6.7183657692e-09
1.4130000000e+04    6.7170267536e-09
1.4132000000e+04    6.7156877712e-09
1.4134000000e+04    6.7143488223e-09
1.4136000000e+04    6.7130099068e-09
1.4138000000e+04    6.7116710250e-09
1.4140000000e+04    6.7103321768e-09
1.4142000000e+04    6.7089933625e-09
1.4144000000e+04    6.7076545822e-09
1.4146000000e+04    6.7063158360e-09
1.4148000000e+04    6.7049771240e-09
1.4150000000e+04    6.7036384462e-09
1.4152000000e+04    6.7022998030e-09
1.4154000000e+04    6.7009611943e-09
1.4156000000e+04    6.6996226202e-09
1.4158000000e+04    6.6982840809e-09
1.4160000000e+04    6.6969455766e-09
1.4162000000e+04    6.6956071073e-09
1.4164000000e+04    6.6942686731e-09
1.4166000000e+04    6.6929302742e-09
1.4168000000e+04    6.6915919106e-09
1.4170000000e+04    6.6902535826e-09
1.4172000000e+04    6.6889152901e-09
1.4174000000e+04    6.6875770334e-09
1.4176000000e+04    6.6862388125e-09
1.4178000000e+04    6.6849006276e-09
1.4180000000e+04    6.6835624788e-09
1.4182000000e+04    6.6822243661e-09
1.4184000000e+04    6.6808862898e-09
1.4186000000e+04    6.6795482499e-09
1.4188000000e+04    6.6782102466e-09
1.4190000000e+04    6.6768722799e-09
1.4192000000e+04    6.6755343500e-09
1.4194000000e+04    6.6741964570e-09
1.4196000000e+04    6.6728582557e-09
1.4198000000e+04    6.6715204365e-09
1.4200000000e+04    6.6701826545e-09
1.4202000000e+04    6.6688449099e-09
1.4204000000e+04    6.6675072027e-09
1.4206000000e+04    6.6661695331e-09
1.4208000000e+04    6.6648319013e-09
1.4210000000e+04    6.6634943072e-09
1.4212000000e+04    6.6621567511e-09
1.4214000000e+04    6.6608192330e-09
1.4216000000e+04    6.6594817531e-09
1.4218000000e+04    6.6581443115e-09
1.4220000000e+04    6.6568069082e-09
1.4222000000e+04    6.6554695435e-09
1.4224000000e+04    6.6541322174e-09
1.4226000000e+04    6.6527949300e-09
1.4228000000e+04    6.6514576815e-09
1.4230000000e+04    6.6501204719e-09
1.4232000000e+04    6.6487833015e-09
1.4234000000e+04    6.6474461702e-09
1.4236000000e+04    6.6461090782e-09
1.4238000000e+04    6.6447720257e-09
1.4240000000e+04    6.6434350127e-09
1.4242000000e+04    6.6420980394e-09
1.4244000000e+04    6.6407611058e-09
1.4246000000e+04    6.6394242121e-09
1.4248000000e+04    6.6380873584e-09
1.4250000000e+04    6.6367505449e-09
1.4252000000e+04    6.6354137715e-09
1.4254000000e+04    6.6340770385e-09
1.4256000000e+04    6.6327403459e-09
1.4258000000e+04    6.6314036940e-09
1.4260000000e+04    6.6300673547e-09
1.4262000000e+04    6.6287307856e-09
1.4264000000e+04    6.6273942585e-09
1.4266000000e+04    6.6260577735e-09
1.4268000000e+04    6.6247213307e-09
1.4270000000e+04    6.6233849303e-09
1.4272000000e+04    6.6220485723e-09
1.4274000000e+04    6.6207122568e-09
1.4276000000e+04    6.6193759841e-09
1.4278000000e+04    6.6180397541e-09
1.4280000000e+04    6.6167035670e-09
1.4282000000e+04    6.6153674229e-09
1.4284000000e+04    6.6140313219e-09
1.4286000000e+04    6.6126952642e-09
1.4288000000e+04    6.6113592498e-09
1.4290000000e+04    6.6100232789e-09
1.4292000000e+04    6.6086873515e-09
1.4294000000e+04    6.6073514678e-09
1.4296000000e+04    6.6060156279e-09
1.4298000000e+04    6.6046798319e-09
1.4300000000e+04    6.6033440799e-09
1.4302000000e+04    6.6020083721e-09
1.4304000000e+04    6.6006727085e-09
1.4306000000e+04    6.5993370892e-09
1.4308000000e+04    6.5980015144e-09
1.4310000000e+04    6.5966659842e-09
1.4312000000e+04    6.5953304986e-09
1.4314000000e+04    6.5939950579e-09
1.4316000000e+04    6.5926596620e-09
1.4318000000e+04    6.5913243112e-09
1.4320000000e+04    6.5899890055e-09
1.4322000000e+04    6.5886537450e-09
1.4324000000e+04    6.5873185299e-09
1.4326000000e+04    6.5859833603e-09
1.4328000000e+04    6.5846482362e-09
1.4330000000e+04    6.5833131578e-09
1.4332000000e+04    6.5819781252e-09
1.4334000000e+04    6.5806431385e-09
1.4336000000e+04    6.5793081978e-09
1.4338000000e+04    6.5779733032e-09
1.4340000000e+04    6.5766384549e-09
1.4342000000e+04    6.5753036529e-09
1.4344000000e+04    6.5739688973e-09
1.4346000000e+04    6.5726341884e-09
1.4348000000e+04    6.5712995261e-09
1.4350000000e+04    6.5699649106e-09
1.4352000000e+04    6.5686303419e-09
1.4354000000e+04    6.5672958203e-09
1.4356000000e+04    6.5659611257e-09
1.4358000000e+04    6.5646266982e-09
1.4360000000e+04    6.5632923181e-09
1.4362000000e+04    6.5619579854e-09
1.4364000000e+04    6.5606237002e-09
1.4366000000e+04    6.5592893285e-09
1.4368000000e+04    6.5579551387e-09
1.4370000000e+04    6.5566209967e-09
1.4372000000e+04    6.5552869027e-09
1.4374000000e+04    6.5539528567e-09
1.4376000000e+04    6.5526188590e-09
1.4378000000e+04    6.5512849096e-09
1.4380000000e+04    6.5499510086e-09
1.4382000000e+04    6.5486171562e-09
1.4384000000e+04    6.5472833524e-09
1.4386000000e+04    6.5459495973e-09
1.4388000000e+04    6.5446158911e-09
1.4390000000e+04    6.5432822338e-09
1.4392000000e+04    6.5419486256e-09
1.4394000000e+04    6.5406150666e-09
1.4396000000e+04    6.5392815569e-09
1.4398000000e+04    6.5379480965e-09
1.4400000000e+04    6.5366151308e-09
1.4402000000e+04    6.5352817720e-09
1.4404000000e+04    6.5339484646e-09
1.4406000000e+04    6.5326152089e-09
1.4408000000e+04    6.5312820048e-09
1.4410000000e+04    6.5299488525e-09
1.4412000000e+04    6.5286157520e-09
1.4414000000e+04    6.5272827036e-09
1.4416000000e+04    6.5259497072e-09
1.4418000000e+04    6.5246167631e-09
1.4420000000e+04    6.5232838713e-09
1.4422000000e+04    6.5219510318e-09
1.4424000000e+04    6.5206182450e-09
1.4426000000e+04    6.5192855107e-09
1.4428000000e+04    6.5179528292e-09
1.4430000000e+04    6.5166202005e-09
1.4432000000e+04    6.5152876248e-09
1.4434000000e+04    6.5139551021e-09
1.4436000000e+04    6.5126226325e-09
1.4438000000e+04    6.5112902163e-09
1.4440000000e+04    6.5099578534e-09
1.4442000000e+04    6.5086255440e-09
1.4444000000e+04    6.5072932882e-09
1.4446000000e+04    6.5059610860e-09
1.4448000000e+04    6.5046289377e-09
1.4450000000e+04    6.5032968432e-09
1.4452000000e+04    6.5019648028e-09
1.4454000000e+04    6.5006328164e-09
1.4456000000e+04    6.4993008843e-09
1.4458000000e+04    6.4979690065e-09
1.4460000000e+04    6.4966371831e-09
1.4462000000e+04    6.4953054143e-09
1.4464000000e+04    6.4939737000e-09
1.4466000000e+04    6.4926420406e-09
1.4468000000e+04    6.4913104359e-09
1.4470000000e+04    6.4899788862e-09
1.4472000000e+04    6.4886473916e-09
1.4474000000e+04    6.4873159521e-09
1.4476000000e+04    6.4859845679e-09
1.4478000000e+04    6.4846532390e-09
1.4480000000e+04    6.4833219656e-09
1.4482000000e+04    6.4819907478e-09
1.4484000000e+04    6.4806595856e-09
1.4486000000e+04    6.4793284793e-09
1.4488000000e+04    6.4779974288e-09
1.4490000000e+04    6.4766664343e-09
1.4492000000e+04    6.4753354959e-09
1.4494000000e+04    6.4740046137e-09
1.4496000000e+04    6.4726737878e-09
1.4498000000e+04    6.4713430183e-09
1.4500000000e+04    6.4700123054e-09
1.4502000000e+04    6.4686816490e-09
1.4504000000e+04    6.4673510493e-09
1.4506000000e+04    6.4660205065e-09
1.4508000000e+04    6.4646900206e-09
1.4510000000e+04    6.4633595917e-09
1.4512000000e+04    6.4620292199e-09
1.4514000000e+04    6.4606989054e-09
1.4516000000e+04    6.4593686482e-09
1.4518000000e+04    6.4580384485e-09
1.4520000000e+04    6.4567083062e-09
1.4522000000e+04    6.4553782217e-09
1.4524000000e+04    6.4540481948e-09
1.4526000000e+04    6.4527182259e-09
1.4528000000e+04    6.4513883148e-09
1.4530000000e+04    6.4500584619e-09
1.4532000000e+04    6.4487286670e-09
1.4534000000e+04    6.4473989305e-09
1.4536000000e+04    6.4460692523e-09
1.4538000000e+04    6.4447396325e-09
1.4540000000e+04    6.4434100714e-09
1.4542000000e+04    6.4420805689e-09
1.4544000000e+04    6.4407511251e-09
1.4546000000e+04    6.4394217403e-09
1.4548000000e+04    6.4380924144e-09
1.4550000000e+04    6.4367631476e-09
1.4552000000e+04    6.4354339399e-09
1.4554000000e+04    6.4341047916e-09
1.4556000000e+04    6.4327757026e-09
1.4558000000e+04    6.4314466731e-09
1.4560000000e+04    6.4301177032e-09
1.4562000000e+04    6.4287887930e-09
1.4564000000e+04    6.4274599426e-09
1.4566000000e+04    6.4261311520e-09
1.4568000000e+04    6.4248024214e-09
1.4570000000e+04    6.4234737510e-09
1.4572000000e+04    6.4221451407e-09
1.4574000000e+04    6.4208165907e-09
1.4576000000e+04    6.4194881011e-09
1.4578000000e+04    6.4181596720e-09
1.4580000000e+04    6.4168313035e-09
1.4582000000e+04    6.4155029957e-09
1.4584000000e+04    6.4141747487e-09
1.4586000000e+04    6.4128465626e-09
1.4588000000e+04    6.4115184375e-09
1.4590000000e+04    6.4101903735e-09
1.4592000000e+04    6.4088623707e-09
1.4594000000e+04    6.4075344291e-09
1.4596000000e+04    6.4062065490e-09
1.4598000000e+04    6.4048787304e-09
1.4600000000e+04    6.4035509734e-09
1.4602000000e+04    6.4022232781e-09
1.4604000000e+04    6.4008956446e-09
1.4606000000e+04    6.3995680729e-09
1.4608000000e+04    6.3982405633e-09
1.4610000000e+04    6.3969131158e-09
1.4612000000e+04    6.3955857305e-09
1.4614000000e+04    6.3942584075e-09
1.4616000000e+04    6.3929311468e-09
1.4618000000e+04    6.3916039487e-09
1.4620000000e+04    6.3902768132e-09
1.4622000000e+04    6.3889497404e-09
1.4624000000e+04    6.3876227303e-09
1.4626000000e+04    6.3862957832e-09
1.4628000000e+04    6.3849688991e-09
1.4630000000e+04    6.3836416374e-09
1.4632000000e+04    6.3823148792e-09
1.4634000000e+04    6.3809881842e-09
1.4636000000e+04    6.3796615526e-09
1.4638000000e+04    6.3783349845e-09
1.4640000000e+04    6.3770084799e-09
1.4642000000e+04    6.3756820391e-09
1.4644000000e+04    6.3743556620e-09
1.4646000000e+04    6.3730293488e-09
1.4648000000e+04    6.3717030996e-09
1.4650000000e+04    6.3703769145e-09
1.4652000000e+04    6.3690507935e-09
1.4654000000e+04    6.3677247368e-09
1.4656000000e+04    6.3663987445e-09
1.4658000000e+04    6.3650728166e-09
1.4660000000e+04    6.3637469533e-09
1.4662000000e+04    6.3624211547e-09
1.4664000000e+04    6.3610954209e-09
1.4666000000e+04    6.3597697518e-09
1.4668000000e+04    6.3584441478e-09
1.4670000000e+04    6.3571186088e-09
1.4672000000e+04    6.3557931350e-09
1.4674000000e+04    6.3544677264e-09
1.4676000000e+04    6.3531423831e-09
1.4678000000e+04    6.3518171053e-09
1.4680000000e+04    6.3504918931e-09
1.4682000000e+04    6.3491667465e-09
1.4684000000e+04    6.3478416656e-09
1.4686000000e+04    6.3465166505e-09
1.4688000000e+04    6.3451917014e-09
1.4690000000e+04    6.3438668183e-09
1.4692000000e+04    6.3425420013e-09
1.4694000000e+04    6.3412172506e-09
1.4696000000e+04    6.3398925662e-09
1.4698000000e+04    6.3385679481e-09
1.4700000000e+04    6.3372433966e-09
1.4702000000e+04    6.3359189117e-09
1.4704000000e+04    6.3345944935e-09
1.4706000000e+04    6.3332701421e-09
1.4708000000e+04    6.3319458576e-09
1.4710000000e+04    6.3306216401e-09
1.4712000000e+04    6.3292974897e-09
1.4714000000e+04    6.3279734065e-09
1.4716000000e+04    6.3266493905e-09
1.4718000000e+04    6.3253254420e-09
1.4720000000e+04    6.3240015609e-09
1.4722000000e+04    6.3226777473e-09
1.4724000000e+04    6.3213540015e-09
1.4726000000e+04    6.3200303233e-09
1.4728000000e+04    6.3187067131e-09
1.4730000000e+04    6.3173831708e-09
1.4732000000e+04    6.3160596965e-09
1.4734000000e+04    6.3147362904e-09
1.4736000000e+04    6.3134129525e-09
1.4738000000e+04    6.3120896830e-09
1.4740000000e+04    6.3107664819e-09
1.4742000000e+04    6.3094433493e-09
1.4744000000e+04    6.3081202853e-09
1.4746000000e+04    6.3067972900e-09
1.4748000000e+04    6.3054743636e-09
1.4750000000e+04    6.3041515060e-09
1.4752000000e+04    6.3028287175e-09
1.4754000000e+04    6.3015059980e-09
1.4756000000e+04    6.3001833478e-09
1.4758000000e+04    6.2988607668e-09
1.4760000000e+04    6.2975382552e-09
1.4762000000e+04    6.2962158130e-09
1.4764000000e+04    6.2948934404e-09
1.4766000000e+04    6.2935711375e-09
1.4768000000e+04    6.2922489044e-09
1.4770000000e+04    6.2909267410e-09
1.4772000000e+04    6.2896046477e-09
1.4774000000e+04    6.2882826243e-09
1.4776000000e+04    6.2869606711e-09
1.4778000000e+04    6.2856387881e-09
1.4780000000e+04    6.2843169755e-09
1.4782000000e+04    6.2829952332e-09
1.4784000000e+04    6.2816735615e-09
1.4786000000e+04    6.2803519603e-09
1.4788000000e+04    6.2790304299e-09
1.4790000000e+04    6.2777089702e-09
1.4792000000e+04    6.2763875814e-09
1.4794000000e+04    6.2750662636e-09
1.4796000000e+04    6.2737450169e-09
1.4798000000e+04    6.2724238413e-09
1.4800000000e+04    6.2711027369e-09
1.4802000000e+04    6.2697817040e-09
1.4804000000e+04    6.2684607424e-09
1.4806000000e+04    6.2671398524e-09
1.4808000000e+04    6.2658190340e-09
1.4810000000e+04    6.2644982873e-09
1.4812000000e+04    6.2631776124e-09
1.4814000000e+04    6.2618570095e-09
1.4816000000e+04    6.2605364785e-09
1.4818000000e+04    6.2592160196e-09
1.4820000000e+04    6.2578956329e-09
1.4822000000e+04    6.2565753185e-09
1.4824000000e+04    6.2552550765e-09
1.4826000000e+04    6.2539349069e-09
1.4828000000e+04    6.2526148098e-09
1.4830000000e+04    6.2512947854e-09
1.4832000000e+04    6.2499748337e-09
1.4834000000e+04    6.2486549549e-09
1.4836000000e+04    6.2473351490e-09
1.4838000000e+04    6.2460154161e-09
1.4840000000e+04    6.2446957562e-09
1.4842000000e+04    6.2433761696e-09
1.4844000000e+04    6.2420566563e-09
1.4846000000e+04    6.2407372163e-09
1.4848000000e+04    6.2394178498e-09
1.4850000000e+04    6.2380985569e-09
1.4852000000e+04    6.2367793376e-09
1.4854000000e+04    6.2354601921e-09
1.4856000000e+04    6.2341411204e-09
1.4858000000e+04    6.2328221226e-09
1.4860000000e+04    6.2315031989e-09
1.4862000000e+04    6.2301843492e-09
1.4864000000e+04    6.2288655738e-09
1.4866000000e+04    6.2275468726e-09
1.4868000000e+04    6.2262282458e-09
1.4870000000e+04    6.2249096935e-09
1.4872000000e+04    6.2235912158e-09
1.4874000000e+04    6.2222728127e-09
1.4876000000e+04    6.2209544843e-09
1.4878000000e+04    6.2196362308e-09
1.4880000000e+04    6.2183180522e-09
1.4882000000e+04    6.2169999486e-09
1.4884000000e+04    6.2156819202e-09
1.4886000000e+04    6.2143639669e-09
1.4888000000e+04    6.2130460889e-09
1.4890000000e+04    6.2117282863e-09
1.4892000000e+04    6.2104105591e-09
1.4894000000e+04    6.2090929075e-09
1.4896000000e+04    6.2077753316e-09
1.4898000000e+04    6.2064578314e-09
1.4900000000e+04    6.2051404070e-09
1.4902000000e+04    6.2038230585e-09
1.4904000000e+04    6.2025057860e-09
1.4906000000e+04    6.2011885897e-09
1.4908000000e+04    6.1998714695e-09
1.4910000000e+04    6.1985544255e-09
1.4912000000e+04    6.1972374580e-09
1.4914000000e+04    6.1959205669e-09
1.4916000000e+04    6.1946037523e-09
1.4918000000e+04    6.1932870144e-09
1.4920000000e+04    6.1919703532e-09
1.4922000000e+04    6.1906537687e-09
1.4924000000e+04    6.1893372612e-09
1.4926000000e+04    6.1880208307e-09
1.4928000000e+04    6.1867044773e-09
1.4930000000e+04    6.1853882010e-09
1.4932000000e+04    6.1840720019e-09
1.4934000000e+04    6.1827558802e-09
1.4936000000e+04    6.1814398360e-09
1.4938000000e+04    6.1801238692e-09
1.4940000000e+04    6.1788079801e-09
1.4942000000e+04    6.1774921686e-09
1.4944000000e+04    6.1761764350e-09
1.4946000000e+04    6.1748607792e-09
1.4948000000e+04    6.1735452014e-09
1.4950000000e+04    6.1722297016e-09
1.4952000000e+04    6.1709142799e-09
1.4954000000e+04    6.1695989365e-09
1.4956000000e+04    6.1682836714e-09
1.4958000000e+04    6.1669684847e-09
1.4960000000e+04    6.1656533764e-09
1.4962000000e+04    6.1643383468e-09
1.4964000000e+04    6.1630233958e-09
1.4966000000e+04    6.1617085236e-09
1.4968000000e+04    6.1603937301e-09
1.4970000000e+04    6.1590790157e-09
1.4972000000e+04    6.1577643802e-09
1.4974000000e+04    6.1564498238e-09
1.4976000000e+04    6.1551353466e-09
1.4978000000e+04    6.1538209487e-09
1.4980000000e+04    6.1525066302e-09
1.4982000000e+04    6.1511923911e-09
1.4984000000e+04    6.1498782315e-09
1.4986000000e+04    6.1485641516e-09
1.4988000000e+04    6.1472501513e-09
1.4990000000e+04    6.1459362309e-09
1.4992000000e+04    6.1446223903e-09
1.4994000000e+04    6.1433086297e-09
1.4996000000e+04    6.1419949492e-09
1.4998000000e+04    6.1406813488e-09
1.5000000000e+04    6.1393678286e-09
1.5002000000e+04    6.1380543888e-09
1.5004000000e+04    6.1367410293e-09
1.5006000000e+04    6.1354277504e-09
1.5008000000e+04    6.1341145520e-09
1.5010000000e+04    6.1328014342e-09
1.5012000000e+04    6.1314883972e-09
1.5014000000e+04    6.1301754411e-09
1.5016000000e+04    6.1288625658e-09
1.5018000000e+04    6.1275497716e-09
1.5020000000e+04    6.1262370584e-09
1.5022000000e+04    6.1249244264e-09
1.5024000000e+04    6.1236118757e-09
1.5026000000e+04    6.1222994063e-09
1.5028000000e+04    6.1209870184e-09
1.5030000000e+04    6.1196747119e-09
1.5032000000e+04    6.1183624871e-09
1.5034000000e+04    6.1170503439e-09
1.5036000000e+04    6.1157382826e-09
1.5038000000e+04    6.1144263098e-09
1.5040000000e+04    6.1131144122e-09
1.5042000000e+04    6.1118025966e-09
1.5044000000e+04    6.1104908632e-09
1.5046000000e+04    6.1091792119e-09
1.5048000000e+04    6.1078676430e-09
1.5050000000e+04    6.1065561564e-09
1.5052000000e+04    6.1052447522e-09
1.5054000000e+04    6.1039334306e-09
1.5056000000e+04    6.1026221916e-09
1.5058000000e+04    6.1013110353e-09
1.5060000000e+04    6.0999999617e-09
1.5062000000e+04    6.0986889711e-09
1.5064000000e+04    6.0973780634e-09
1.5066000000e+04    6.0960672388e-09
1.5068000000e+04    6.0947564972e-09
1.5070000000e+04    6.0934458389e-09
1.5072000000e+04    6.0921352639e-09
1.5074000000e+04    6.0908247723e-09
1.5076000000e+04    6.0895143641e-09
1.5078000000e+04    6.0882040394e-09
1.5080000000e+04    6.0868937984e-09
1.5082000000e+04    6.0855836411e-09
1.5084000000e+04    6.0842735676e-09
1.5086000000e+04    6.0829635780e-09
1.5088000000e+04    6.0816536723e-09
1.5090000000e+04    6.0803438507e-09
1.5092000000e+04    6.0790341132e-09
1.5094000000e+04    6.0777244599e-09
1.5096000000e+04    6.0764148909e-09
1.5098000000e+04    6.0751054063e-09
1.5100000000e+04    6.0737960062e-09
1.5102000000e+04    6.0724866905e-09
1.5104000000e+04    6.0711774596e-09
1.5106000000e+04    6.0698683133e-09
1.5108000000e+04    6.0685592518e-09
1.5110000000e+04    6.0672502752e-09
1.5112000000e+04    6.0659418176e-09
1.5114000000e+04    6.0646330134e-09
1.5116000000e+04    6.0633242959e-09
1.5118000000e+04    6.0620156651e-09
1.5120000000e+04    6.0607071211e-09
1.5122000000e+04    6.0593986641e-09
1.5124000000e+04    6.0580902940e-09
1.5126000000e+04    6.0567820110e-09
1.5128000000e+04    6.0554738152e-09
1.5130000000e+04    6.0541657066e-09
1.5132000000e+04    6.0528576853e-09
1.5134000000e+04    6.0515497514e-09
1.5136000000e+04    6.0502419049e-09
1.5138000000e+04    6.0489341461e-09
1.5140000000e+04    6.0476264748e-09
1.5142000000e+04    6.0463188913e-09
1.5144000000e+04    6.0450113956e-09
1.5146000000e+04    6.0437039878e-09
1.5148000000e+04    6.0423966679e-09
1.5150000000e+04    6.0410894361e-09
1.5152000000e+04    6.0397822924e-09
1.5154000000e+04    6.0384752369e-09
1.5156000000e+04    6.0371682696e-09
1.5158000000e+04    6.0358613908e-09
1.5160000000e+04    6.0345546003e-09
1.5162000000e+04    6.0332478985e-09
1.5164000000e+04    6.0319412852e-09
1.5166000000e+04    6.0306347605e-09
1.5168000000e+04    6.0293283247e-09
1.5170000000e+04    6.0280219777e-09
1.5172000000e+04    6.0267157196e-09
1.5174000000e+04    6.0254095505e-09
1.5176000000e+04    6.0241029659e-09
1.5178000000e+04    6.0227969746e-09
1.5180000000e+04    6.0214896050e-09
1.5182000000e+04    6.0201837908e-09
1.5184000000e+04    6.0188780661e-09
1.5186000000e+04    6.0175724308e-09
1.5188000000e+04    6.0162668850e-09
1.5190000000e+04    6.0149614289e-09
1.5192000000e+04    6.0136560624e-09
1.5194000000e+04    6.0123507858e-09
1.5196000000e+04    6.0110455990e-09
1.5198000000e+04    6.0097405021e-09
1.5200000000e+04    6.0084354952e-09
1.5202000000e+04    6.0071305784e-09
1.5204000000e+04    6.0058257518e-09
1.5206000000e+04    6.0045210154e-09
1.5208000000e+04    6.0032163694e-09
1.5210000000e+04    6.0019118137e-09
1.5212000000e+04    6.0006073485e-09
1.5214000000e+04    5.9993029739e-09
1.5216000000e+04    5.9979986899e-09
1.5218000000e+04    5.9966944967e-09
1.5220000000e+04    5.9953903942e-09
1.5222000000e+04    5.9940863826e-09
1.5224000000e+04    5.9927824619e-09
1.5226000000e+04    5.9914786323e-09
1.5228000000e+04    5.9901748938e-09
1.5230000000e+04    5.9888712464e-09
1.5232000000e+04    5.9875676903e-09
1.5234000000e+04    5.9862642255e-09
1.5236000000e+04    5.9849608522e-09
1.5238000000e+04    5.9836575703e-09
1.5240000000e+04    5.9823543800e-09
1.5242000000e+04    5.9810512813e-09
1.5244000000e+04    5.9797482744e-09
1.5246000000e+04    5.9784453592e-09
1.5248000000e+04    5.9771425360e-09
1.5250000000e+04    5.9758398046e-09
1.5252000000e+04    5.9745371654e-09
1.5254000000e+04    5.9732346182e-09
1.5256000000e+04    5.9719321632e-09
1.5258000000e+04    5.9706298004e-09
1.5260000000e+04    5.9693275300e-09
1.5262000000e+04    5.9680253520e-09
1.5264000000e+04    5.9667232665e-09
1.5266000000e+04    5.9654212735e-09
1.5268000000e+04    5.9641193732e-09
1.5270000000e+04    5.9628175656e-09
1.5272000000e+04    5.9615158507e-09
1.5274000000e+04    5.9602142288e-09
1.5276000000e+04    5.9589126998e-09
1.5278000000e+04    5.9576112638e-09
1.5280000000e+04    5.9563099209e-09
1.5282000000e+04    5.9550086712e-09
1.5284000000e+04    5.9537075147e-09
1.5286000000e+04    5.9524064515e-09
1.5288000000e+04    5.9511054818e-09
1.5290000000e+04    5.9498046055e-09
1.5292000000e+04    5.9485038227e-09
1.5294000000e+04    5.9472031336e-09
1.5296000000e+04    5.9459025382e-09
1.5298000000e+04    5.9446020366e-09
1.5300000000e+04    5.9433016288e-09
1.5302000000e+04    5.9420013149e-09
1.5304000000e+04    5.9407010951e-09
1.5306000000e+04    5.9394009693e-09
1.5308000000e+04    5.9381009377e-09
1.5310000000e+04    5.9368010003e-09
1.5312000000e+04    5.9355011572e-09
1.5314000000e+04    5.9342014084e-09
1.5316000000e+04    5.9329017541e-09
1.5318000000e+04    5.9316021944e-09
1.5320000000e+04    5.9303027292e-09
1.5322000000e+04    5.9290033588e-09
1.5324000000e+04    5.9277040830e-09
1.5326000000e+04    5.9264049021e-09
1.5328000000e+04    5.9251058161e-09
1.5330000000e+04    5.9238068251e-09
1.5332000000e+04    5.9225079291e-09
1.5334000000e+04    5.9212091282e-09
1.5336000000e+04    5.9199104225e-09
1.5338000000e+04    5.9186118121e-09
1.5340000000e+04    5.9173132971e-09
1.5342000000e+04    5.9160148774e-09
1.5344000000e+04    5.9147165533e-09
1.5346000000e+04    5.9134183247e-09
1.5348000000e+04    5.9121201917e-09
1.5350000000e+04    5.9108221545e-09
1.5352000000e+04    5.9095242130e-09
1.5354000000e+04    5.9082263674e-09
1.5356000000e+04    5.9069286177e-09
1.5358000000e+04    5.9056309641e-09
1.5360000000e+04    5.9043334065e-09
1.5362000000e+04    5.9030359450e-09
1.5364000000e+04    5.9017385798e-09
1.5366000000e+04    5.9004413109e-09
1.5368000000e+04    5.8991441384e-09
1.5370000000e+04    5.8978470623e-09
1.5372000000e+04    5.8965500827e-09
1.5374000000e+04    5.8952531998e-09
1.5376000000e+04    5.8939564135e-09
1.5378000000e+04    5.8926597239e-09
1.5380000000e+04    5.8913631311e-09
1.5382000000e+04    5.8900666352e-09
1.5384000000e+04    5.8887702363e-09
1.5386000000e+04    5.8874739344e-09
1.5388000000e+04    5.8861773766e-09
1.5390000000e+04    5.8848812687e-09
1.5392000000e+04    5.8835852579e-09
1.5394000000e+04    5.8822893445e-09
1.5396000000e+04    5.8809935285e-09
1.5398000000e+04    5.8796978100e-09
1.5400000000e+04    5.8784021889e-09
1.5402000000e+04    5.8771066655e-09
1.5404000000e+04    5.8758112397e-09
1.5406000000e+04    5.8745159117e-09
1.5408000000e+04    5.8732206815e-09
1.5410000000e+04    5.8719255492e-09
1.5412000000e+04    5.8706305149e-09
1.5414000000e+04    5.8693355786e-09
1.5416000000e+04    5.8680407404e-09
1.5418000000e+04    5.8667460003e-09
1.5420000000e+04    5.8654513585e-09
1.5422000000e+04    5.8641568151e-09
1.5424000000e+04    5.8628623700e-09
1.5426000000e+04    5.8615680234e-09
1.5428000000e+04    5.8602737753e-09
1.5430000000e+04    5.8589796258e-09
1.5432000000e+04    5.8576855750e-09
1.5434000000e+04    5.8563916229e-09
1.5436000000e+04    5.8550977697e-09
1.5438000000e+04    5.8538040153e-09
1.5440000000e+04    5.8525103599e-09
1.5442000000e+04    5.8512168036e-09
1.5444000000e+04    5.8499233463e-09
1.5446000000e+04    5.8486299882e-09
1.5448000000e+04    5.8473367293e-09
1.5450000000e+04    5.8460435697e-09
1.5452000000e+04    5.8447505096e-09
1.5454000000e+04    5.8434575488e-09
1.5456000000e+04    5.8421646876e-09
1.5458000000e+04    5.8408719260e-09
1.5460000000e+04    5.8395792641e-09
1.5462000000e+04    5.8382867019e-09
1.5464000000e+04    5.8369942394e-09
1.5466000000e+04    5.8357018769e-09
1.5468000000e+04    5.8344096143e-09
1.5470000000e+04    5.8331174517e-09
1.5472000000e+04    5.8318253892e-09
1.5474000000e+04    5.8305334268e-09
1.5476000000e+04    5.8292415647e-09
1.5478000000e+04    5.8279498029e-09
1.5480000000e+04    5.8266581414e-09
1.5482000000e+04    5.8253665803e-09
1.5484000000e+04    5.8240751198e-09
1.5486000000e+04    5.8227837598e-09
1.5488000000e+04    5.8214925004e-09
1.5490000000e+04    5.8202013418e-09
1.5492000000e+04    5.8189102839e-09
1.5494000000e+04    5.8176193269e-09
1.5496000000e+04    5.8163284708e-09
1.5498000000e+04    5.8150377157e-09
1.5500000000e+04    5.8137132236e-09
1.5502000000e+04    5.8124227087e-09
1.5504000000e+04    5.8111323468e-09
1.5506000000e+04    5.8098421379e-09
1.5508000000e+04    5.8085520821e-09
1.5510000000e+04    5.8072621794e-09
1.5512000000e+04    5.8059724297e-09
1.5514000000e+04    5.8046828332e-09
1.5516000000e+04    5.8033933897e-09
1.5518000000e+04    5.8021040994e-09
1.5520000000e+04    5.8008149622e-09
1.5522000000e+04    5.7995259782e-09
1.5524000000e+04    5.7982371474e-09
1.5526000000e+04    5.7969484697e-09
1.5528000000e+04    5.7956599453e-09
1.5530000000e+04    5.7943715741e-09
1.5532000000e+04    5.7930833561e-09
1.5534000000e+04    5.7917952914e-09
1.5536000000e+04    5.7905073800e-09
1.5538000000e+04    5.7892196218e-09
1.5540000000e+04    5.7879320169e-09
1.5542000000e+04    5.7866445654e-09
1.5544000000e+04    5.7853572672e-09
1.5546000000e+04    5.7840701223e-09
1.5548000000e+04    5.7827831308e-09
1.5550000000e+04    5.7814962927e-09
1.5552000000e+04    5.7802096080e-09
1.5554000000e+04    5.7789230766e-09
1.5556000000e+04    5.7776366987e-09
1.5558000000e+04    5.7763504743e-09
1.5560000000e+04    5.7750644033e-09
1.5562000000e+04    5.7737784858e-09
1.5564000000e+04    5.7724927217e-09
1.5566000000e+04    5.7712071112e-09
1.5568000000e+04    5.7699216541e-09
1.5570000000e+04    5.7686363507e-09
1.5572000000e+04    5.7673512007e-09
1.5574000000e+04    5.7660662043e-09
1.5576000000e+04    5.7647813615e-09
1.5578000000e+04    5.7634966723e-09
1.5580000000e+04    5.7622121367e-09
1.5582000000e+04    5.7609277547e-09
1.5584000000e+04    5.7596435264e-09
1.5586000000e+04    5.7583594517e-09
1.5588000000e+04    5.7570755306e-09
1.5590000000e+04    5.7557917633e-09
1.5592000000e+04    5.7544684831e-09
1.5594000000e+04    5.7531850745e-09
1.5596000000e+04    5.7519018796e-09
1.5598000000e+04    5.7506188985e-09
1.5600000000e+04    5.7493361311e-09
1.5602000000e+04    5.7480535772e-09
1.5604000000e+04    5.7467712370e-09
1.5606000000e+04    5.7454891103e-09
1.5608000000e+04    5.7442071971e-09
1.5610000000e+04    5.7429254974e-09
1.5612000000e+04    5.7416440110e-09
1.5614000000e+04    5.7403627380e-09
1.5616000000e+04    5.7390816783e-09
1.5618000000e+04    5.7378008319e-09
1.5620000000e+04    5.7365201987e-09
1.5622000000e+04    5.7352397787e-09
1.5624000000e+04    5.7339595718e-09
1.5626000000e+04    5.7326795779e-09
1.5628000000e+04    5.7313997972e-09
1.5630000000e+04    5.7301202294e-09
1.5632000000e+04    5.7288408745e-09
1.5634000000e+04    5.7275617326e-09
1.5636000000e+04    5.7262824602e-09
1.5638000000e+04    5.7250037436e-09
1.5640000000e+04    5.7237252398e-09
1.5642000000e+04    5.7224469487e-09
1.5644000000e+04    5.7211688702e-09
1.5646000000e+04    5.7198910044e-09
1.5648000000e+04    5.7186133512e-09
1.5650000000e+04    5.7173359105e-09
1.5652000000e+04    5.7160586823e-09
1.5654000000e+04    5.7147816665e-09
1.5656000000e+04    5.7135048631e-09
1.5658000000e+04    5.7122282721e-09
1.5660000000e+04    5.7109518934e-09
1.5662000000e+04    5.7096757270e-09
1.5664000000e+04    5.7083997727e-09
1.5666000000e+04    5.7071240307e-09
1.5668000000e+04    5.7058485008e-09
1.5670000000e+04    5.7045731829e-09
1.5672000000e+04    5.7032980771e-09
1.5674000000e+04    5.7020231833e-09
1.5676000000e+04    5.7007485014e-09
1.5678000000e+04    5.6994740315e-09
1.5680000000e+04    5.6981997734e-09
1.5682000000e+04    5.6969257271e-09
1.5684000000e+04    5.6956518926e-09
1.5686000000e+04    5.6943782698e-09
1.5688000000e+04    5.6931048587e-09
1.5690000000e+04    5.6918316593e-09
1.5692000000e+04    5.6905586714e-09
1.5694000000e+04    5.6892858950e-09
1.5696000000e+04    5.6880133302e-09
1.5698000000e+04    5.6867409768e-09
1.5700000000e+04    5.6854688349e-09
1.5702000000e+04    5.6841969043e-09
1.5704000000e+04    5.6829251850e-09
1.5706000000e+04    5.6816536770e-09
1.5708000000e+04    5.6803823803e-09
1.5710000000e+04    5.6791112947e-09
1.5712000000e+04    5.6778404203e-09
1.5714000000e+04    5.6765697570e-09
1.5716000000e+04    5.6752993047e-09
1.5718000000e+04    5.6740290635e-09
1.5720000000e+04    5.6727590332e-09
1.5722000000e+04    5.6714892138e-09
1.5724000000e+04    5.6702196054e-09
1.5726000000e+04    5.6689502077e-09
1.5728000000e+04    5.6676810209e-09
1.5730000000e+04    5.6664120448e-09
1.5732000000e+04    5.6651432794e-09
1.5734000000e+04    5.6638747247e-09
1.5736000000e+04    5.6626063805e-09
1.5738000000e+04    5.6613382470e-09
1.5740000000e+04    5.6600703240e-09
1.5742000000e+04    5.6588026114e-09
1.5744000000e+04    5.6575351094e-09
1.5746000000e+04    5.6562678177e-09
1.5748000000e+04    5.6550007363e-09
1.5750000000e+04    5.6537338653e-09
1.5752000000e+04    5.6524672045e-09
1.5754000000e+04    5.6512007539e-09
1.5756000000e+04    5.6499345136e-09
1.5758000000e+04    5.6486684833e-09
1.5760000000e+04    5.6474026631e-09
1.5762000000e+04    5.6461370530e-09
1.5764000000e+04    5.6448716529e-09
1.5766000000e+04    5.6436064628e-09
1.5768000000e+04    5.6423414825e-09
1.5770000000e+04    5.6410767122e-09
1.5772000000e+04    5.6398121516e-09
1.5774000000e+04    5.6385478009e-09
1.5776000000e+04    5.6372836599e-09
1.5778000000e+04    5.6360197285e-09
1.5780000000e+04    5.6347560069e-09
1.5782000000e+04    5.6334924948e-09
1.5784000000e+04    5.6322291923e-09
1.5786000000e+04    5.6309660993e-09
1.5788000000e+04    5.6297032159e-09
1.5790000000e+04    5.6284399847e-09
1.5792000000e+04    5.6271775196e-09
1.5794000000e+04    5.6259152638e-09
1.5796000000e+04    5.6246532172e-09
1.5798000000e+04    5.6233913800e-09
1.5800000000e+04    5.6221297519e-09
1.5802000000e+04    5.6208683331e-09
1.5804000000e+04    5.6196071233e-09
1.5806000000e+04    5.6183461227e-09
1.5808000000e+04    5.6170853310e-09
1.5810000000e+04    5.6158247484e-09
1.5812000000e+04    5.6145643747e-09
1.5814000000e+04    5.6133042100e-09
1.5816000000e+04    5.6120442541e-09
1.5818000000e+04    5.6107845070e-09
1.5820000000e+04    5.6095249687e-09
1.5822000000e+04    5.6082656392e-09
1.5824000000e+04    5.6070065183e-09
1.5826000000e+04    5.6057476061e-09
1.5828000000e+04    5.6044889026e-09
1.5830000000e+04    5.6032304075e-09
1.5832000000e+04    5.6019721210e-09
1.5834000000e+04    5.6007140430e-09
1.5836000000e+04    5.5994561734e-09
1.5838000000e+04    5.5981985123e-09
1.5840000000e+04    5.5969410594e-09
1.5842000000e+04    5.5956838149e-09
1.5844000000e+04    5.5944267786e-09
1.5846000000e+04    5.5931699506e-09
1.5848000000e+04    5.5919133307e-09
1.5850000000e+04    5.5906569190e-09
1.5852000000e+04    5.5894007154e-09
1.5854000000e+04    5.5881447198e-09
1.5856000000e+04    5.5868889323e-09
1.5858000000e+04    5.5856333527e-09
1.5860000000e+04    5.5843779810e-09
1.5862000000e+04    5.5831228172e-09
1.5864000000e+04    5.5818678613e-09
1.5866000000e+04    5.5806131131e-09
1.5868000000e+04    5.5793585727e-09
1.5870000000e+04    5.5781042400e-09
1.5872000000e+04    5.5768501150e-09
1.5874000000e+04    5.5755961976e-09
1.5876000000e+04    5.5743424878e-09
1.5878000000e+04    5.5730889855e-09
1.5880000000e+04    5.5718356908e-09
1.5882000000e+04    5.5705826035e-09
1.5884000000e+04    5.5693297236e-09
1.5886000000e+04    5.5680770510e-09
1.5888000000e+04    5.5668245858e-09
1.5890000000e+04    5.5655723279e-09
1.5892000000e+04    5.5643202773e-09
1.5894000000e+04    5.5630684338e-09
1.5896000000e+04    5.5618167975e-09
1.5898000000e+04    5.5605653683e-09
1.5900000000e+04    5.5593141462e-09
1.5902000000e+04    5.5580631312e-09
1.5904000000e+04    5.5568123231e-09
1.5906000000e+04    5.5555617220e-09
1.5908000000e+04    5.5543113277e-09
1.5910000000e+04    5.5530611404e-09
1.5912000000e+04    5.5518115227e-09
1.5914000000e+04    5.5505617510e-09
1.5916000000e+04    5.5493121873e-09
1.5918000000e+04    5.5480628313e-09
1.5920000000e+04    5.5468136832e-09
1.5922000000e+04    5.5455647429e-09
1.5924000000e+04    5.5443160103e-09
1.5926000000e+04    5.5430674854e-09
1.5928000000e+04    5.5418191681e-09
1.5930000000e+04    5.5405710585e-09
1.5932000000e+04    5.5393231564e-09
1.5934000000e+04    5.5380754618e-09
1.5936000000e+04    5.5368279747e-09
1.5938000000e+04    5.5355806950e-09
1.5940000000e+04    5.5343336227e-09
1.5942000000e+04    5.5330867578e-09
1.5944000000e+04    5.5318401001e-09
1.5946000000e+04    5.5305936498e-09
1.5948000000e+04    5.5293474066e-09
1.5950000000e+04    5.5281013707e-09
1.5952000000e+04    5.5268555418e-09
1.5954000000e+04    5.5256099201e-09
1.5956000000e+04    5.5243645054e-09
1.5958000000e+04    5.5231192978e-09
1.5960000000e+04    5.5218742971e-09
1.5962000000e+04    5.5206295033e-09
1.5964000000e+04    5.5193849164e-09
1.5966000000e+04    5.5181405364e-09
1.5968000000e+04    5.5168963632e-09
1.5970000000e+04    5.5156523967e-09
1.5972000000e+04    5.5144086369e-09
1.5974000000e+04    5.5131650838e-09
1.5976000000e+04    5.5119217374e-09
1.5978000000e+04    5.5106785975e-09
1.5980000000e+04    5.5094356642e-09
1.5982000000e+04    5.5081929374e-09
1.5984000000e+04    5.5069504171e-09
1.5986000000e+04    5.5057081032e-09
1.5988000000e+04    5.5044659957e-09
1.5990000000e+04    5.5032240945e-09
1.5992000000e+04    5.5019823996e-09
1.5994000000e+04    5.5007409110e-09
1.5996000000e+04    5.4994996286e-09
1.5998000000e+04    5.4982585523e-09
1.6000000000e+04    5.4970176822e-09
1.6002000000e+04    5.4957770182e-09
1.6004000000e+04    5.4945365602e-09
1.6006000000e+04    5.4932963083e-09
1.6008000000e+04    5.4920562623e-09
1.6010000000e+04    5.4908164222e-09
1.6012000000e+04    5.4895767881e-09
1.6014000000e+04    5.4883373597e-09
1.6016000000e+04    5.4870981372e-09
1.6018000000e+04    5.4858591204e-09
1.6020000000e+04    5.4846203093e-09
1.6022000000e+04    5.4833817040e-09
1.6024000000e+04    5.4821433042e-09
1.6026000000e+04    5.4809051101e-09
1.6028000000e+04    5.4796671215e-09
1.6030000000e+04    5.4784293384e-09
1.6032000000e+04    5.4771917607e-09
1.6034000000e+04    5.4759543886e-09
1.6036000000e+04    5.4747172217e-09
1.6038000000e+04    5.4734802603e-09
1.6040000000e+04    5.4722435041e-09
1.6042000000e+04    5.4710069532e-09
1.6044000000e+04    5.4697706076e-09
1.6046000000e+04    5.4685363906e-09
1.6048000000e+04    5.4673004657e-09
1.6050000000e+04    5.4660647520e-09
1.6052000000e+04    5.4648292493e-09
1.6054000000e+04    5.4635939578e-09
1.6056000000e+04    5.4623588772e-09
1.6058000000e+04    5.4611240077e-09
1.6060000000e+04    5.4598893490e-09
1.6062000000e+04    5.4586549013e-09
1.6064000000e+04    5.4574206643e-09
1.6066000000e+04    5.4561866382e-09
1.6068000000e+04    5.4549528229e-09
1.6070000000e+04    5.4537192183e-09
1.6072000000e+04    5.4524858243e-09
1.6074000000e+04    5.4512526409e-09
1.6076000000e+04    5.4500196682e-09
1.6078000000e+04    5.4487869060e-09
1.6080000000e+04    5.4475543543e-09
1.6082000000e+04    5.4463220130e-09
1.6084000000e+04    5.4450898821e-09
1.6086000000e+04    5.4438579617e-09
1.6088000000e+04    5.4426262515e-09
1.6090000000e+04    5.4413947516e-09
1.6092000000e+04    5.4401634620e-09
1.6094000000e+04    5.4389323825e-09
1.6096000000e+04    5.4377015132e-09
1.6098000000e+04    5.4364709518e-09
1.6100000000e+04    5.4352405033e-09
1.6102000000e+04    5.4340102651e-09
1.6104000000e+04    5.4327802372e-09
1.6106000000e+04    5.4315504196e-09
1.6108000000e+04    5.4303208121e-09
1.6110000000e+04    5.4290914148e-09
1.6112000000e+04    5.4278622276e-09
1.6114000000e+04    5.4266332505e-09
1.6116000000e+04    5.4254044834e-09
1.6118000000e+04    5.4241759263e-09
1.6120000000e+04    5.4229475791e-09
1.6122000000e+04    5.4217194418e-09
1.6124000000e+04    5.4204915143e-09
1.6126000000e+04    5.4192637967e-09
1.6128000000e+04    5.4180362889e-09
1.6130000000e+04    5.4168089907e-09
1.6132000000e+04    5.4155312127e-09
1.6134000000e+04    5.4143044511e-09
1.6136000000e+04    5.4130779708e-09
1.6138000000e+04    5.4118517717e-09
1.6140000000e+04    5.4106258537e-09
1.6142000000e+04    5.4094002165e-09
1.6144000000e+04    5.4081748603e-09
1.6146000000e+04    5.4069497847e-09
1.6148000000e+04    5.4057249898e-09
1.6150000000e+04    5.4045004754e-09
1.6152000000e+04    5.4032762413e-09
1.6154000000e+04    5.4020522875e-09
1.6156000000e+04    5.4008286139e-09
1.6158000000e+04    5.3996052204e-09
1.6160000000e+04    5.3983821067e-09
1.6162000000e+04    5.3971592729e-09
1.6164000000e+04    5.3959367188e-09
1.6166000000e+04    5.3947144444e-09
1.6168000000e+04    5.3934924494e-09
1.6170000000e+04    5.3922707337e-09
1.6172000000e+04    5.3910492974e-09
1.6174000000e+04    5.3898281402e-09
1.6176000000e+04    5.3886072620e-09
1.6178000000e+04    5.3873866628e-09
1.6180000000e+04    5.3861663424e-09
1.6182000000e+04    5.3849463007e-09
1.6184000000e+04    5.3837265376e-09
1.6186000000e+04    5.3825070530e-09
1.6188000000e+04    5.3812878467e-09
1.6190000000e+04    5.3800689187e-09
1.6192000000e+04    5.3788502689e-09
1.6194000000e+04    5.3776318971e-09
1.6196000000e+04    5.3764138032e-09
1.6198000000e+04    5.3751959872e-09
1.6200000000e+04    5.3739784489e-09
1.6202000000e+04    5.3727611881e-09
1.6204000000e+04    5.3715442049e-09
1.6206000000e+04    5.3703274990e-09
1.6208000000e+04    5.3691110704e-09
1.6210000000e+04    5.3678949190e-09
1.6212000000e+04    5.3666790446e-09
1.6214000000e+04    5.3654634472e-09
1.6216000000e+04    5.3642481265e-09
1.6218000000e+04    5.3630330826e-09
1.6220000000e+04    5.3618183153e-09
1.6222000000e+04    5.3606038245e-09
1.6224000000e+04    5.3593896101e-09
1.6226000000e+04    5.3581756719e-09
1.6228000000e+04    5.3569620100e-09
1.6230000000e+04    5.3557486240e-09
1.6232000000e+04    5.3545355141e-09
1.6234000000e+04    5.3533226800e-09
1.6236000000e+04    5.3521101216e-09
1.6238000000e+04    5.3508978388e-09
1.6240000000e+04    5.3496858315e-09
1.6242000000e+04    5.3484740997e-09
1.6244000000e+04    5.3472626431e-09
1.6246000000e+04    5.3460514617e-09
1.6248000000e+04    5.3448405554e-09
1.6250000000e+04    5.3436299241e-09
1.6252000000e+04    5.3424195676e-09
1.6254000000e+04    5.3412094859e-09
1.6256000000e+04    5.3399996788e-09
1.6258000000e+04    5.3387901463e-09
1.6260000000e+04    5.3375808882e-09
1.6262000000e+04    5.3363719044e-09
1.6264000000e+04    5.3351631948e-09
1.6266000000e+04    5.3339547593e-09
1.6268000000e+04    5.3327465978e-09
1.6270000000e+04    5.3315387102e-09
1.6272000000e+04    5.3303310964e-09
1.6274000000e+04    5.3291237562e-09
1.6276000000e+04    5.3279166897e-09
1.6278000000e+04    5.3267098965e-09
1.6280000000e+04    5.3255033767e-09
1.6282000000e+04    5.3242971302e-09
1.6284000000e+04    5.3230911567e-09
1.6286000000e+04    5.3218854564e-09
1.6288000000e+04    5.3206800289e-09
1.6290000000e+04    5.3194748742e-09
1.6292000000e+04    5.3182699922e-09
1.6294000000e+04    5.3170653829e-09
1.6296000000e+04    5.3158610460e-09
1.6298000000e+04    5.3146569815e-09
1.6300000000e+04    5.3134531893e-09
1.6302000000e+04    5.3122496692e-09
1.6304000000e+04    5.3110464213e-09
1.6306000000e+04    5.3098434452e-09
1.6308000000e+04    5.3086407410e-09
1.6310000000e+04    5.3074383086e-09
1.6312000000e+04    5.3062361478e-09
1.6314000000e+04    5.3050342585e-09
1.6316000000e+04    5.3038326407e-09
1.6318000000e+04    5.3026312942e-09
1.6320000000e+04    5.3014302188e-09
1.6322000000e+04    5.3002294146e-09
1.6324000000e+04    5.2990288814e-09
1.6326000000e+04    5.2978286191e-09
1.6328000000e+04    5.2966286276e-09
1.6330000000e+04    5.2954289067e-09
1.6332000000e+04    5.2942294565e-09
1.6334000000e+04    5.2930302767e-09
1.6336000000e+04    5.2918313672e-09
1.6338000000e+04    5.2906327281e-09
1.6340000000e+04    5.2894343590e-09
1.6342000000e+04    5.2882362601e-09
1.6344000000e+04    5.2870384311e-09
1.6346000000e+04    5.2858408719e-09
1.6348000000e+04    5.2846435824e-09
1.6350000000e+04    5.2834465626e-09
1.6352000000e+04    5.2822498123e-09
1.6354000000e+04    5.2810533315e-09
1.6356000000e+04    5.2798571199e-09
1.6358000000e+04    5.2786611776e-09
1.6360000000e+04    5.2774655043e-09
1.6362000000e+04    5.2762701001e-09
1.6364000000e+04    5.2750749648e-09
1.6366000000e+04    5.2738800982e-09
1.6368000000e+04    5.2726855004e-09
1.6370000000e+04    5.2714911711e-09
1.6372000000e+04    5.2702971103e-09
1.6374000000e+04    5.2691033179e-09
1.6376000000e+04    5.2679097937e-09
1.6378000000e+04    5.2667165378e-09
1.6380000000e+04    5.2655235498e-09
1.6382000000e+04    5.2643308299e-09
1.6384000000e+04    5.2631383778e-09
1.6386000000e+04    5.2619461935e-09
1.6388000000e+04    5.2607542768e-09
1.6390000000e+04    5.2595626276e-09
1.6392000000e+04    5.2583712459e-09
1.6394000000e+04    5.2571801315e-09
1.6396000000e+04    5.2559892844e-09
1.6398000000e+04    5.2547987044e-09
1.6400000000e+04    5.2536083915e-09
1.6402000000e+04    5.2524183454e-09
1.6404000000e+04    5.2512285662e-09
1.6406000000e+04    5.2500390537e-09
1.6408000000e+04    5.2488498078e-09
1.6410000000e+04    5.2476608285e-09
1.6412000000e+04    5.2464721155e-09
1.6414000000e+04    5.2452836689e-09
1.6416000000e+04    5.2440954884e-09
1.6418000000e+04    5.2429075741e-09
1.6420000000e+04    5.2417199258e-09
1.6422000000e+04    5.2405325433e-09
1.6424000000e+04    5.2393454267e-09
1.6426000000e+04    5.2381585757e-09
1.6428000000e+04    5.2369719904e-09
1.6430000000e+04    5.2357856705e-09
1.6432000000e+04    5.2345996161e-09
1.6434000000e+04    5.2334138269e-09
1.6436000000e+04    5.2322283029e-09
1.6438000000e+04    5.2310430440e-09
1.6440000000e+04    5.2298580500e-09
1.6442000000e+04    5.2286733210e-09
1.6444000000e+04    5.2274888567e-09
1.6446000000e+04    5.2263046571e-09
1.6448000000e+04    5.2251207221e-09
1.6450000000e+04    5.2239370515e-09
1.6452000000e+04    5.2227536453e-09
1.6454000000e+04    5.2215705034e-09
1.6456000000e+04    5.2203876257e-09
1.6458000000e+04    5.2192050120e-09
1.6460000000e+04    5.2180226623e-09
1.6462000000e+04    5.2168405765e-09
1.6464000000e+04    5.2156587544e-09
1.6466000000e+04    5.2144771960e-09
1.6468000000e+04    5.2132959012e-09
1.6470000000e+04    5.2121148698e-09
1.6472000000e+04    5.2109341017e-09
1.6474000000e+04    5.2097535970e-09
1.6476000000e+04    5.2085733691e-09
1.6478000000e+04    5.2073933906e-09
1.6480000000e+04    5.2062136750e-09
1.6482000000e+04    5.2050342223e-09
1.6484000000e+04    5.2038550323e-09
1.6486000000e+04    5.2026761050e-09
1.6488000000e+04    5.2014974403e-09
1.6490000000e+04    5.2003190380e-09
1.6492000000e+04    5.1991408980e-09
1.6494000000e+04    5.1979630204e-09
1.6496000000e+04    5.1967854048e-09
1.6498000000e+04    5.1956080514e-09
1.6500000000e+04    5.1944309599e-09
1.6502000000e+04    5.1932541303e-09
1.6504000000e+04    5.1920775624e-09
1.6506000000e+04    5.1909012562e-09
1.6508000000e+04    5.1897252115e-09
1.6510000000e+04    5.1885494283e-09
1.6512000000e+04    5.1873739065e-09
1.6514000000e+04    5.1861986459e-09
1.6516000000e+04    5.1850236465e-09
1.6518000000e+04    5.1838489082e-09
1.6520000000e+04    5.1826744308e-09
1.6522000000e+04    5.1815002143e-09
1.6524000000e+04    5.1803262586e-09
1.6526000000e+04    5.1791525636e-09
1.6528000000e+04    5.1779791291e-09
1.6530000000e+04    5.1768059550e-09
1.6532000000e+04    5.1756330414e-09
1.6534000000e+04    5.1744603880e-09
1.6536000000e+04    5.1732879948e-09
1.6538000000e+04    5.1721158617e-09
1.6540000000e+04    5.1709439886e-09
1.6542000000e+04    5.1697723753e-09
1.6544000000e+04    5.1686010218e-09
1.6546000000e+04    5.1674299281e-09
1.6548000000e+04    5.1662590938e-09
1.6550000000e+04    5.1650885191e-09
1.6552000000e+04    5.1639182038e-09
1.6554000000e+04    5.1627481478e-09
1.6556000000e+04    5.1615783509e-09
1.6558000000e+04    5.1604088132e-09
1.6560000000e+04    5.1592395345e-09
1.6562000000e+04    5.1580705146e-09
1.6564000000e+04    5.1569017536e-09
1.6566000000e+04    5.1557332513e-09
1.6568000000e+04    5.1545650075e-09
1.6570000000e+04    5.1533964778e-09
1.6572000000e+04    5.1522287505e-09
1.6574000000e+04    5.1510612816e-09
1.6576000000e+04    5.1498940708e-09
1.6578000000e+04    5.1487271182e-09
1.6580000000e+04    5.1475604236e-09
1.6582000000e+04    5.1463939870e-09
1.6584000000e+04    5.1452278081e-09
1.6586000000e+04    5.1440618870e-09
1.6588000000e+04    5.1428962235e-09
1.6590000000e+04    5.1417308176e-09
1.6592000000e+04    5.1405656691e-09
1.6594000000e+04    5.1394007779e-09
1.6596000000e+04    5.1382361440e-09
1.6598000000e+04    5.1370717672e-09
1.6600000000e+04    5.1359076475e-09
1.6602000000e+04    5.1347437848e-09
1.6604000000e+04    5.1335801789e-09
1.6606000000e+04    5.1324168297e-09
1.6608000000e+04    5.1312597162e-09
1.6610000000e+04    5.1300968777e-09
1.6612000000e+04    5.1289342954e-09
1.6614000000e+04    5.1277719692e-09
1.6616000000e+04    5.1266098990e-09
1.6618000000e+04    5.1254480848e-09
1.6620000000e+04    5.1242865264e-09
1.6622000000e+04    5.1231252238e-09
1.6624000000e+04    5.1219641767e-09
1.6626000000e+04    5.1208033853e-09
1.6628000000e+04    5.1196428492e-09
1.6630000000e+04    5.1184825685e-09
1.6632000000e+04    5.1173225431e-09
1.6634000000e+04    5.1161627729e-09
1.6636000000e+04    5.1150032577e-09
1.6638000000e+04    5.1138439974e-09
1.6640000000e+04    5.1126849921e-09
1.6642000000e+04    5.1115262415e-09
1.6644000000e+04    5.1103677457e-09
1.6646000000e+04    5.1092095044e-09
1.6648000000e+04    5.1080515176e-09
1.6650000000e+04    5.1068937852e-09
1.6652000000e+04    5.1057363071e-09
1.6654000000e+04    5.1045790832e-09
1.6656000000e+04    5.1034221135e-09
1.6658000000e+04    5.1022653978e-09
1.6660000000e+04    5.1011089360e-09
1.6662000000e+04    5.0999527280e-09
1.6664000000e+04    5.0987967738e-09
1.6666000000e+04    5.0976410732e-09
1.6668000000e+04    5.0964856262e-09
1.6670000000e+04    5.0953304326e-09
1.6672000000e+04    5.0941754924e-09
1.6674000000e+04    5.0930208054e-09
1.6676000000e+04    5.0918663717e-09
1.6678000000e+04    5.0907121910e-09
1.6680000000e+04    5.0895582633e-09
1.6682000000e+04    5.0884045885e-09
1.6684000000e+04    5.0872511665e-09
1.6686000000e+04    5.0860979972e-09
1.6688000000e+04    5.0849450805e-09
1.6690000000e+04    5.0837924164e-09
1.6692000000e+04    5.0826400046e-09
1.6694000000e+04    5.0814878452e-09
1.6696000000e+04    5.0803359380e-09
1.6698000000e+04    5.0791842830e-09
1.6700000000e+04    5.0780328800e-09
1.6702000000e+04    5.0768817290e-09
1.6704000000e+04    5.0757308299e-09
1.6706000000e+04    5.0745801825e-09
1.6708000000e+04    5.0734297868e-09
1.6710000000e+04    5.0722796427e-09
1.6712000000e+04    5.0711297501e-09
1.6714000000e+04    5.0699801088e-09
1.6716000000e+04    5.0688307189e-09
1.6718000000e+04    5.0676815802e-09
1.6720000000e+04    5.0665326927e-09
1.6722000000e+04    5.0653840561e-09
1.6724000000e+04    5.0642356705e-09
1.6726000000e+04    5.0630875357e-09
1.6728000000e+04    5.0619396517e-09
1.6730000000e+04    5.0607920184e-09
1.6732000000e+04    5.0596446356e-09
1.6734000000e+04    5.0584975033e-09
1.6736000000e+04    5.0573506214e-09
1.6738000000e+04    5.0562039897e-09
1.6740000000e+04    5.0550576083e-09
1.6742000000e+04    5.0539114770e-09
1.6744000000e+04    5.0527655957e-09
1.6746000000e+04    5.0516199643e-09
1.6748000000e+04    5.0504745827e-09
1.6750000000e+04    5.0493294509e-09
1.6752000000e+04    5.0481845688e-09
1.6754000000e+04    5.0470399361e-09
1.6756000000e+04    5.0458955530e-09
1.6758000000e+04    5.0447514192e-09
1.6760000000e+04    5.0436075347e-09
1.6762000000e+04    5.0424638994e-09
1.6764000000e+04    5.0413205132e-09
1.6766000000e+04    5.0401773761e-09
1.6768000000e+04    5.0390344878e-09
1.6770000000e+04    5.0378918483e-09
1.6772000000e+04    5.0367494576e-09
1.6774000000e+04    5.0356073155e-09
1.6776000000e+04    5.0344654220e-09
1.6778000000e+04    5.0333237770e-09
1.6780000000e+04    5.0321823803e-09
1.6782000000e+04    5.0310412319e-09
1.6784000000e+04    5.0299003316e-09
1.6786000000e+04    5.0287596795e-09
1.6788000000e+04    5.0276192754e-09
1.6790000000e+04    5.0264791192e-09
1.6792000000e+04    5.0253392108e-09
1.6794000000e+04    5.0241995502e-09
1.6796000000e+04    5.0230601372e-09
1.6798000000e+04    5.0219209718e-09
1.6800000000e+04    5.0207820538e-09
1.6802000000e+04    5.0196433832e-09
1.6804000000e+04    5.0185049599e-09
1.6806000000e+04    5.0173667838e-09
1.6808000000e+04    5.0162288547e-09
1.6810000000e+04    5.0150911727e-09
1.6812000000e+04    5.0139537377e-09
1.6814000000e+04    5.0128165494e-09
1.6816000000e+04    5.0116796079e-09
1.6818000000e+04    5.0105429131e-09
1.6820000000e+04    5.0094064648e-09
1.6822000000e+04    5.0082702630e-09
1.6824000000e+04    5.0071343076e-09
1.6826000000e+04    5.0059985984e-09
1.6828000000e+04    5.0048631355e-09
1.6830000000e+04    5.0037279187e-09
1.6832000000e+04    5.0025929479e-09
1.6834000000e+04    5.0014582231e-09
1.6836000000e+04    5.0003237441e-09
1.6838000000e+04    4.9991895109e-09
1.6840000000e+04    4.9980555233e-09
1.6842000000e+04    4.9969217813e-09
1.6844000000e+04    4.9957882848e-09
1.6846000000e+04    4.9946550338e-09
1.6848000000e+04    4.9935220280e-09
1.6850000000e+04    4.9923892674e-09
1.6852000000e+04    4.9912567520e-09
1.6854000000e+04    4.9901244817e-09
1.6856000000e+04    4.9889924563e-09
1.6858000000e+04    4.9878606757e-09
1.6860000000e+04    4.9867291400e-09
1.6862000000e+04    4.9855978489e-09
1.6864000000e+04    4.9844668025e-09
1.6866000000e+04    4.9833360005e-09
1.6868000000e+04    4.9822054430e-09
1.6870000000e+04    4.9810751299e-09
1.6872000000e+04    4.9799450609e-09
1.6874000000e+04    4.9788152362e-09
1.6876000000e+04    4.9776856555e-09
1.6878000000e+04    4.9765563188e-09
1.6880000000e+04    4.9754272260e-09
1.6882000000e+04    4.9742983770e-09
1.6884000000e+04    4.9731697718e-09
1.6886000000e+04    4.9720414101e-09
1.6888000000e+04    4.9709132920e-09
1.6890000000e+04    4.9697854174e-09
1.6892000000e+04    4.9686577862e-09
1.6894000000e+04    4.9675303982e-09
1.6896000000e+04    4.9664032534e-09
1.6898000000e+04    4.9652763517e-09
1.6900000000e+04    4.9641496931e-09
1.6902000000e+04    4.9630232774e-09
1.6904000000e+04    4.9618971045e-09
1.6906000000e+04    4.9607711744e-09
1.6908000000e+04    4.9596454870e-09
1.6910000000e+04    4.9585200421e-09
1.6912000000e+04    4.9573948398e-09
1.6914000000e+04    4.9562698798e-09
1.6916000000e+04    4.9551451622e-09
1.6918000000e+04    4.9540206868e-09
1.6920000000e+04    4.9528964536e-09
1.6922000000e+04    4.9517724624e-09
1.6924000000e+04    4.9506487132e-09
1.6926000000e+04    4.9495252059e-09
1.6928000000e+04    4.9484019403e-09
1.6930000000e+04    4.9472789165e-09
1.6932000000e+04    4.9461561344e-09
1.6934000000e+04    4.9450335937e-09
1.6936000000e+04    4.9439112945e-09
1.6938000000e+04    4.9427892367e-09
1.6940000000e+04    4.9416674202e-09
1.6942000000e+04    4.9405458449e-09
1.6944000000e+04    4.9394245106e-09
1.6946000000e+04    4.9383034174e-09
1.6948000000e+04    4.9371825652e-09
1.6950000000e+04    4.9360620775e-09
1.6952000000e+04    4.9349417068e-09
1.6954000000e+04    4.9338215768e-09
1.6956000000e+04    4.9327016873e-09
1.6958000000e+04    4.9315820384e-09
1.6960000000e+04    4.9304626298e-09
1.6962000000e+04    4.9293434616e-09
1.6964000000e+04    4.9282245337e-09
1.6966000000e+04    4.9271058459e-09
1.6968000000e+04    4.9259873981e-09
1.6970000000e+04    4.9248691904e-09
1.6972000000e+04    4.9237512225e-09
1.6974000000e+04    4.9226334945e-09
1.6976000000e+04    4.9215160062e-09
1.6978000000e+04    4.9203987575e-09
1.6980000000e+04    4.9192817485e-09
1.6982000000e+04    4.9181649788e-09
1.6984000000e+04    4.9170484486e-09
1.6986000000e+04    4.9159321577e-09
1.6988000000e+04    4.9148161059e-09
1.6990000000e+04    4.9137002934e-09
1.6992000000e+04    4.9125847198e-09
1.6994000000e+04    4.9114693852e-09
1.6996000000e+04    4.9103542895e-09
1.6998000000e+04    4.9092394326e-09
1.7000000000e+04    4.9081248144e-09
1.7002000000e+04    4.9070104349e-09
1.7004000000e+04    4.9058962938e-09
1.7006000000e+04    4.9047823912e-09
1.7008000000e+04    4.9036687270e-09
1.7010000000e+04    4.9025553011e-09
1.7012000000e+04    4.9014421133e-09
1.7014000000e+04    4.9003291637e-09
1.7016000000e+04    4.8992164521e-09
1.7018000000e+04    4.8981039785e-09
1.7020000000e+04    4.8969917427e-09
1.7022000000e+04    4.8958797447e-09
1.7024000000e+04    4.8947679844e-09
1.7026000000e+04    4.8936564617e-09
1.7028000000e+04    4.8925451765e-09
1.7030000000e+04    4.8914341288e-09
1.7032000000e+04    4.8903233184e-09
1.7034000000e+04    4.8892127453e-09
1.7036000000e+04    4.8881024094e-09
1.7038000000e+04    4.8869923105e-09
1.7040000000e+04    4.8858824488e-09
1.7042000000e+04    4.8847728239e-09
1.7044000000e+04    4.8836634359e-09
1.7046000000e+04    4.8825542847e-09
1.7048000000e+04    4.8814453701e-09
1.7050000000e+04    4.8803366921e-09
1.7052000000e+04    4.8792282507e-09
1.7054000000e+04    4.8781200457e-09
1.7056000000e+04    4.8770120771e-09
1.7058000000e+04    4.8759043447e-09
1.7060000000e+04    4.8747968485e-09
1.7062000000e+04    4.8736895884e-09
1.7064000000e+04    4.8725825643e-09
1.7066000000e+04    4.8714757762e-09
1.7068000000e+04    4.8703692239e-09
1.7070000000e+04    4.8692629074e-09
1.7072000000e+04    4.8681568266e-09
1.7074000000e+04    4.8670509813e-09
1.7076000000e+04    4.8659453716e-09
1.7078000000e+04    4.8648399974e-09
1.7080000000e+04    4.8637348584e-09
1.7082000000e+04    4.8626299548e-09
1.7084000000e+04    4.8615252863e-09
1.7086000000e+04    4.8604208530e-09
1.7088000000e+04    4.8593166547e-09
1.7090000000e+04    4.8582126913e-09
1.7092000000e+04    4.8571089627e-09
1.7094000000e+04    4.8560054690e-09
1.7096000000e+04    4.8549022099e-09
1.7098000000e+04    4.8537991854e-09
1.7100000000e+04    4.8526963955e-09
1.7102000000e+04    4.8515938400e-09
1.7104000000e+04    4.8504915189e-09
1.7106000000e+04    4.8493894321e-09
1.7108000000e+04    4.8482875794e-09
1.7110000000e+04    4.8471859609e-09
1.7112000000e+04    4.8460845764e-09
1.7114000000e+04    4.8449834259e-09
1.7116000000e+04    4.8438825092e-09
1.7118000000e+04    4.8427818263e-09
1.7120000000e+04    4.8416813772e-09
1.7122000000e+04    4.8405811616e-09
1.7124000000e+04    4.8394811796e-09
1.7126000000e+04    4.8383814311e-09
1.7128000000e+04    4.8372819159e-09
1.7130000000e+04    4.8361826341e-09
1.7132000000e+04    4.8350835854e-09
1.7134000000e+04    4.8339847699e-09
1.7136000000e+04    4.8328861874e-09
1.7138000000e+04    4.8317878380e-09
1.7140000000e+04    4.8306897214e-09
1.7142000000e+04    4.8295919008e-09
1.7144000000e+04    4.8284942498e-09
1.7146000000e+04    4.8273968313e-09
1.7148000000e+04    4.8262996454e-09
1.7150000000e+04    4.8252026920e-09
1.7152000000e+04    4.8241059710e-09
1.7154000000e+04    4.8230095120e-09
1.7156000000e+04    4.8219132556e-09
1.7158000000e+04    4.8208172313e-09
1.7160000000e+04    4.8197214390e-09
1.7162000000e+04    4.8186258788e-09
1.7164000000e+04    4.8175305505e-09
1.7166000000e+04    4.8164354540e-09
1.7168000000e+04    4.8153405893e-09
1.7170000000e+04    4.8142459562e-09
1.7172000000e+04    4.8131515547e-09
1.7174000000e+04    4.8120573847e-09
1.7176000000e+04    4.8109634462e-09
1.7178000000e+04    4.8098697390e-09
1.7180000000e+04    4.8087762631e-09
1.7182000000e+04    4.8076830184e-09
1.7184000000e+04    4.8065900047e-09
1.7186000000e+04    4.8054972221e-09
1.7188000000e+04    4.8044046705e-09
1.7190000000e+04    4.8033123497e-09
1.7192000000e+04    4.8022202597e-09
1.7194000000e+04    4.8011284004e-09
1.7196000000e+04    4.8000367717e-09
1.7198000000e+04    4.7989453736e-09
1.7200000000e+04    4.7978542060e-09
1.7202000000e+04    4.7967632687e-09
1.7204000000e+04    4.7956725617e-09
1.7206000000e+04    4.7945820850e-09
1.7208000000e+04    4.7934918384e-09
1.7210000000e+04    4.7924018219e-09
1.7212000000e+04    4.7913120353e-09
1.7214000000e+04    4.7902224787e-09
1.7216000000e+04    4.7891331519e-09
1.7218000000e+04    4.7880440548e-09
1.7220000000e+04    4.7869551874e-09
1.7222000000e+04    4.7858665496e-09
1.7224000000e+04    4.7847781413e-09
1.7226000000e+04    4.7836899625e-09
1.7228000000e+04    4.7826020130e-09
1.7230000000e+04    4.7815142927e-09
1.7232000000e+04    4.7804268017e-09
1.7234000000e+04    4.7793395397e-09
1.7236000000e+04    4.7782525068e-09
1.7238000000e+04    4.7771657029e-09
1.7240000000e+04    4.7760791278e-09
1.7242000000e+04    4.7749927815e-09
1.7244000000e+04    4.7739066640e-09
1.7246000000e+04    4.7728207750e-09
1.7248000000e+04    4.7717351147e-09
1.7250000000e+04    4.7706496828e-09
1.7252000000e+04    4.7695644793e-09
1.7254000000e+04    4.7684795041e-09
1.7256000000e+04    4.7673947572e-09
1.7258000000e+04    4.7663102384e-09
1.7260000000e+04    4.7652259478e-09
1.7262000000e+04    4.7641418851e-09
1.7264000000e+04    4.7630580504e-09
1.7266000000e+04    4.7619744435e-09
1.7268000000e+04    4.7608910644e-09
1.7270000000e+04    4.7598079130e-09
1.7272000000e+04    4.7587249892e-09
1.7274000000e+04    4.7576422929e-09
1.7276000000e+04    4.7565598241e-09
1.7278000000e+04    4.7554775827e-09
1.7280000000e+04    4.7543955685e-09
1.7282000000e+04    4.7533137816e-09
1.7284000000e+04    4.7522322219e-09
1.7286000000e+04    4.7511508892e-09
1.7288000000e+04    4.7500697835e-09
1.7290000000e+04    4.7489889047e-09
1.7292000000e+04    4.7479082528e-09
1.7294000000e+04    4.7468278276e-09
1.7296000000e+04    4.7457476290e-09
1.7298000000e+04    4.7446676571e-09
1.7300000000e+04    4.7435879117e-09
1.7302000000e+04    4.7425083928e-09
1.7304000000e+04    4.7414291002e-09
1.7306000000e+04    4.7403500339e-09
1.7308000000e+04    4.7392711938e-09
1.7310000000e+04    4.7381925798e-09
1.7312000000e+04    4.7371141919e-09
1.7314000000e+04    4.7360360300e-09
1.7316000000e+04    4.7349580940e-09
1.7318000000e+04    4.7338803838e-09
1.7320000000e+04    4.7328028994e-09
1.7322000000e+04    4.7317256406e-09
1.7324000000e+04    4.7306486074e-09
1.7326000000e+04    4.7295717997e-09
1.7328000000e+04    4.7284952175e-09
1.7330000000e+04    4.7274188606e-09
1.7332000000e+04    4.7263427290e-09
1.7334000000e+04    4.7252668226e-09
1.7336000000e+04    4.7241911414e-09
1.7338000000e+04    4.7231156852e-09
1.7340000000e+04    4.7220404539e-09
1.7342000000e+04    4.7209654476e-09
1.7344000000e+04    4.7198906661e-09
1.7346000000e+04    4.7188161093e-09
1.7348000000e+04    4.7177417772e-09
1.7350000000e+04    4.7166676697e-09
1.7352000000e+04    4.7155937867e-09
1.7354000000e+04    4.7145201282e-09
1.7356000000e+04    4.7134466940e-09
1.7358000000e+04    4.7123734841e-09
1.7360000000e+04    4.7113004984e-09
1.7362000000e+04    4.7102277368e-09
1.7364000000e+04    4.7091551993e-09
1.7366000000e+04    4.7080828858e-09
1.7368000000e+04    4.7070107961e-09
1.7370000000e+04    4.7059389303e-09
1.7372000000e+04    4.7048672882e-09
1.7374000000e+04    4.7037958699e-09
1.7376000000e+04    4.7027246751e-09
1.7378000000e+04    4.7016537038e-09
1.7380000000e+04    4.7005829560e-09
1.7382000000e+04    4.6995124315e-09
1.7384000000e+04    4.6984421304e-09
1.7386000000e+04    4.6973720524e-09
1.7388000000e+04    4.6963021976e-09
1.7390000000e+04    4.6952325659e-09
1.7392000000e+04    4.6941631571e-09
1.7394000000e+04    4.6930939713e-09
1.7396000000e+04    4.6920250083e-09
1.7398000000e+04    4.6909562681e-09
1.7400000000e+04    4.6898877505e-09
1.7402000000e+04    4.6888194556e-09
1.7404000000e+04    4.6877513832e-09
1.7406000000e+04    4.6866835332e-09
1.7408000000e+04    4.6856159057e-09
1.7410000000e+04    4.6845485004e-09
1.7412000000e+04    4.6834813174e-09
1.7414000000e+04    4.6824143565e-09
1.7416000000e+04    4.6813476178e-09
1.7418000000e+04    4.6802811010e-09
1.7420000000e+04    4.6792148061e-09
1.7422000000e+04    4.6781487332e-09
1.7424000000e+04    4.6770828819e-09
1.7426000000e+04    4.6760172524e-09
1.7428000000e+04    4.6749518446e-09
1.7430000000e+04    4.6738866583e-09
1.7432000000e+04    4.6728216934e-09
1.7434000000e+04    4.6717569500e-09
1.7436000000e+04    4.6706924279e-09
1.7438000000e+04    4.6696281271e-09
1.7440000000e+04    4.6685640474e-09
1.7442000000e+04    4.6675001888e-09
1.7444000000e+04    4.6664365513e-09
1.7446000000e+04    4.6653726787e-09
1.7448000000e+04    4.6643094826e-09
1.7450000000e+04    4.6632465073e-09
1.7452000000e+04    4.6621837528e-09
1.7454000000e+04    4.6611212189e-09
1.7456000000e+04    4.6600589057e-09
1.7458000000e+04    4.6589968129e-09
1.7460000000e+04    4.6579349405e-09
1.7462000000e+04    4.6568732885e-09
1.7464000000e+04    4.6558118568e-09
1.7466000000e+04    4.6547506453e-09
1.7468000000e+04    4.6536898450e-09
1.7470000000e+04    4.6526290736e-09
1.7472000000e+04    4.6515685221e-09
1.7474000000e+04    4.6505081906e-09
1.7476000000e+04    4.6494480789e-09
1.7478000000e+04    4.6483881869e-09
1.7480000000e+04    4.6473285147e-09
1.7482000000e+04    4.6462690620e-09
1.7484000000e+04    4.6452098289e-09
1.7486000000e+04    4.6441508152e-09
1.7488000000e+04    4.6430920209e-09
1.7490000000e+04    4.6420334459e-09
1.7492000000e+04    4.6409750902e-09
1.7494000000e+04    4.6399169536e-09
1.7496000000e+04    4.6388590361e-09
1.7498000000e+04    4.6378013376e-09
1.7500000000e+04    4.6367438580e-09
1.7502000000e+04    4.6356865973e-09
1.7504000000e+04    4.6346295554e-09
1.7506000000e+04    4.6335727322e-09
1.7508000000e+04    4.6325161277e-09
1.7510000000e+04    4.6314597417e-09
1.7512000000e+04    4.6304035743e-09
1.7514000000e+04    4.6293476252e-09
1.7516000000e+04    4.6282918945e-09
1.7518000000e+04    4.6272363821e-09
1.7520000000e+04    4.6261810879e-09
1.7522000000e+04    4.6251260118e-09
1.7524000000e+04    4.6240711538e-09
1.7526000000e+04    4.6230165137e-09
1.7528000000e+04    4.6219620916e-09
1.7530000000e+04    4.6209078873e-09
1.7532000000e+04    4.6198539007e-09
1.7534000000e+04    4.6188001319e-09
1.7536000000e+04    4.6177465807e-09
1.7538000000e+04    4.6166932470e-09
1.7540000000e+04    4.6156401307e-09
1.7542000000e+04    4.6145872319e-09
1.7544000000e+04    4.6135345504e-09
1.7546000000e+04    4.6124820862e-09
1.7548000000e+04    4.6114298391e-09
1.7550000000e+04    4.6103778092e-09
1.7552000000e+04    4.6093259962e-09
1.7554000000e+04    4.6082744003e-09
1.7556000000e+04    4.6072230212e-09
1.7558000000e+04    4.6061718589e-09
1.7560000000e+04    4.6051209134e-09
1.7562000000e+04    4.6040701845e-09
1.7564000000e+04    4.6030196723e-09
1.7566000000e+04    4.6019693766e-09
1.7568000000e+04    4.6009192973e-09
1.7570000000e+04    4.5998694344e-09
1.7572000000e+04    4.5988197878e-09
1.7574000000e+04    4.5977703574e-09
1.7576000000e+04    4.5967211432e-09
1.7578000000e+04    4.5956721451e-09
1.7580000000e+04    4.5946233630e-09
1.7582000000e+04    4.5935747969e-09
1.7584000000e+04    4.5925264466e-09
1.7586000000e+04    4.5914783121e-09
1.7588000000e+04    4.5904303934e-09
1.7590000000e+04    4.5893826903e-09
1.7592000000e+04    4.5883352028e-09
1.7594000000e+04    4.5872854940e-09
1.7596000000e+04    4.5862384355e-09
1.7598000000e+04    4.5851915923e-09
1.7600000000e+04    4.5841449644e-09
1.7602000000e+04    4.5830985517e-09
1.7604000000e+04    4.5820523541e-09
1.7606000000e+04    4.5810063716e-09
1.7608000000e+04    4.5799606041e-09
1.7610000000e+04    4.5789150514e-09
1.7612000000e+04    4.5778697137e-09
1.7614000000e+04    4.5768245907e-09
1.7616000000e+04    4.5757796824e-09
1.7618000000e+04    4.5747349887e-09
1.7620000000e+04    4.5736905096e-09
1.7622000000e+04    4.5726462450e-09
1.7624000000e+04    4.5716021948e-09
1.7626000000e+04    4.5705583589e-09
1.7628000000e+04    4.5695147373e-09
1.7630000000e+04    4.5684713299e-09
1.7632000000e+04    4.5674281366e-09
1.7634000000e+04    4.5663851574e-09
1.7636000000e+04    4.5653423921e-09
1.7638000000e+04    4.5642998408e-09
1.7640000000e+04    4.5632575033e-09
1.7642000000e+04    4.5622153795e-09
1.7644000000e+04    4.5611734695e-09
1.7646000000e+04    4.5601317731e-09
1.7648000000e+04    4.5590902902e-09
1.7650000000e+04    4.5580488975e-09
1.7652000000e+04    4.5570078414e-09
1.7654000000e+04    4.5559669987e-09
1.7656000000e+04    4.5549263692e-09
1.7658000000e+04    4.5538859529e-09
1.7660000000e+04    4.5528457497e-09
1.7662000000e+04    4.5518057596e-09
1.7664000000e+04    4.5507659824e-09
1.7666000000e+04    4.5497264182e-09
1.7668000000e+04    4.5486870668e-09
1.7670000000e+04    4.5476479282e-09
1.7672000000e+04    4.5466090022e-09
1.7674000000e+04    4.5455702889e-09
1.7676000000e+04    4.5445317882e-09
1.7678000000e+04    4.5434934999e-09
1.7680000000e+04    4.5424554240e-09
1.7682000000e+04    4.5414175605e-09
1.7684000000e+04    4.5403799092e-09
1.7686000000e+04    4.5393424702e-09
1.7688000000e+04    4.5383052432e-09
1.7690000000e+04    4.5372682284e-09
1.7692000000e+04    4.5362314255e-09
1.7694000000e+04    4.5351948345e-09
1.7696000000e+04    4.5341584553e-09
1.7698000000e+04    4.5331222880e-09
1.7700000000e+04    4.5320863323e-09
1.7702000000e+04    4.5310505883e-09
1.7704000000e+04    4.5300150558e-09
1.7706000000e+04    4.5289797348e-09
1.7708000000e+04    4.5279446253e-09
1.7710000000e+04    4.5269097271e-09
1.7712000000e+04    4.5258750401e-09
1.7714000000e+04    4.5248405644e-09
1.7716000000e+04    4.5238062998e-09
1.7718000000e+04    4.5227722463e-09
1.7720000000e+04    4.5217384038e-09
1.7722000000e+04    4.5207047722e-09
1.7724000000e+04    4.5196713515e-09
1.7726000000e+04    4.5186381415e-09
1.7728000000e+04    4.5176051423e-09
1.7730000000e+04    4.5165723537e-09
1.7732000000e+04    4.5155397757e-09
1.7734000000e+04    4.5145074082e-09
1.7736000000e+04    4.5134752511e-09
1.7738000000e+04    4.5124433045e-09
1.7740000000e+04    4.5114115681e-09
1.7742000000e+04    4.5103800419e-09
1.7744000000e+04    4.5093487259e-09
1.7746000000e+04    4.5083176199e-09
1.7748000000e+04    4.5072867240e-09
1.7750000000e+04    4.5062560381e-09
1.7752000000e+04    4.5052255620e-09
1.7754000000e+04    4.5041952957e-09
1.7756000000e+04    4.5031652392e-09
1.7758000000e+04    4.5021353923e-09
1.7760000000e+04    4.5011057550e-09
1.7762000000e+04    4.5000763273e-09
1.7764000000e+04    4.4990471090e-09
1.7766000000e+04    4.4980181001e-09
1.7768000000e+04    4.4969893006e-09
1.7770000000e+04    4.4959607102e-09
1.7772000000e+04    4.4949323291e-09
1.7774000000e+04    4.4939041571e-09
1.7776000000e+04    4.4928761941e-09
1.7778000000e+04    4.4918484401e-09
1.7780000000e+04    4.4908208950e-09
1.7782000000e+04    4.4897935587e-09
1.7784000000e+04    4.4887664312e-09
1.7786000000e+04    4.4877395124e-09
1.7788000000e+04    4.4867128022e-09
1.7790000000e+04    4.4856863006e-09
1.7792000000e+04    4.4846600075e-09
1.7794000000e+04    4.4836339228e-09
1.7796000000e+04    4.4826080464e-09
1.7798000000e+04    4.4815823784e-09
1.7800000000e+04    4.4805569185e-09
1.7802000000e+04    4.4795316668e-09
1.7804000000e+04    4.4785066231e-09
1.7806000000e+04    4.4774817875e-09
1.7808000000e+04    4.4764571598e-09
1.7810000000e+04    4.4754327400e-09
1.7812000000e+04    4.4744085280e-09
1.7814000000e+04    4.4733845237e-09
1.7816000000e+04    4.4723607270e-09
1.7818000000e+04    4.4713371380e-09
1.7820000000e+04    4.4703137565e-09
1.7822000000e+04    4.4692905824e-09
1.7824000000e+04    4.4682676158e-09
1.7826000000e+04    4.4672448564e-09
1.7828000000e+04    4.4662223043e-09
1.7830000000e+04    4.4651999594e-09
1.7832000000e+04    4.4641778216e-09
1.7834000000e+04    4.4631558908e-09
1.7836000000e+04    4.4621341671e-09
1.7838000000e+04    4.4611126502e-09
1.7840000000e+04    4.4600913402e-09
1.7842000000e+04    4.4590702369e-09
1.7844000000e+04    4.4580493404e-09
1.7846000000e+04    4.4570286505e-09
1.7848000000e+04    4.4560081671e-09
1.7850000000e+04    4.4549878903e-09
1.7852000000e+04    4.4539678198e-09
1.7854000000e+04    4.4529479558e-09
1.7856000000e+04    4.4519282980e-09
1.7858000000e+04    4.4509088465e-09
1.7860000000e+04    4.4498896011e-09
1.7862000000e+04    4.4488705618e-09
1.7864000000e+04    4.4478517286e-09
1.7866000000e+04    4.4468331013e-09
1.7868000000e+04    4.4458146798e-09
1.7870000000e+04    4.4447964643e-09
1.7872000000e+04    4.4437784544e-09
1.7874000000e+04    4.4427606502e-09
1.7876000000e+04    4.4417430517e-09
1.7878000000e+04    4.4407256587e-09
1.7880000000e+04    4.4397084712e-09
1.7882000000e+04    4.4386914891e-09
1.7884000000e+04    4.4376747123e-09
1.7886000000e+04    4.4366581408e-09
1.7888000000e+04    4.4356417745e-09
1.7890000000e+04    4.4346256134e-09
1.7892000000e+04    4.4336096573e-09
1.7894000000e+04    4.4325939063e-09
1.7896000000e+04    4.4315783602e-09
1.7898000000e+04    4.4305630189e-09
1.7900000000e+04    4.4295478825e-09
1.7902000000e+04    4.4285329508e-09
1.7904000000e+04    4.4275182238e-09
1.7906000000e+04    4.4265037013e-09
1.7908000000e+04    4.4254893834e-09
1.7910000000e+04    4.4244752700e-09
1.7912000000e+04    4.4234613610e-09
1.7914000000e+04    4.4224476563e-09
1.7916000000e+04    4.4214341559e-09
1.7918000000e+04    4.4204208596e-09
1.7920000000e+04    4.4194077675e-09
1.7922000000e+04    4.4183948795e-09
1.7924000000e+04    4.4173821955e-09
1.7926000000e+04    4.4163697154e-09
1.7928000000e+04    4.4153574391e-09
1.7930000000e+04    4.4143453667e-09
1.7932000000e+04    4.4133334980e-09
1.7934000000e+04    4.4123218329e-09
1.7936000000e+04    4.4113103715e-09
1.7938000000e+04    4.4102991136e-09
1.7940000000e+04    4.4092880591e-09
1.7942000000e+04    4.4082772080e-09
1.7944000000e+04    4.4072665603e-09
1.7946000000e+04    4.4062561158e-09
1.7948000000e+04    4.4052458745e-09
1.7950000000e+04    4.4042358364e-09
1.7952000000e+04    4.4032260013e-09
1.7954000000e+04    4.4022163692e-09
1.7956000000e+04    4.4012069400e-09
1.7958000000e+04    4.4001977137e-09
1.7960000000e+04    4.3991886902e-09
1.7962000000e+04    4.3981798694e-09
1.7964000000e+04    4.3971712513e-09
1.7966000000e+04    4.3961628358e-09
1.7968000000e+04    4.3951546228e-09
1.7970000000e+04    4.3941466122e-09
1.7972000000e+04    4.3931388041e-09
1.7974000000e+04    4.3921311983e-09
1.7976000000e+04    4.3911237948e-09
1.7978000000e+04    4.3901165934e-09
1.7980000000e+04    4.3891095942e-09
1.7982000000e+04    4.3881027971e-09
1.7984000000e+04    4.3870962019e-09
1.7986000000e+04    4.3860898087e-09
1.7988000000e+04    4.3850836173e-09
1.7990000000e+04    4.3840776278e-09
1.7992000000e+04    4.3830718400e-09
1.7994000000e+04    4.3820662538e-09
1.7996000000e+04    4.3810608693e-09
1.7998000000e+04    4.3800556862e-09
1.8000000000e+04    4.3790507047e-09
1.8002000000e+04    4.3780459246e-09
1.8004000000e+04    4.3770413458e-09
1.8006000000e+04    4.3760369682e-09
1.8008000000e+04    4.3750327919e-09
1.8010000000e+04    4.3740288167e-09
1.8012000000e+04    4.3730250426e-09
1.8014000000e+04    4.3720214695e-09
1.8016000000e+04    4.3710180974e-09
1.8018000000e+04    4.3700149261e-09
1.8020000000e+04    4.3690119556e-09
1.8022000000e+04    4.3680091859e-09
1.8024000000e+04    4.3670066168e-09
1.8026000000e+04    4.3660042484e-09
1.8028000000e+04    4.3650020805e-09
1.8030000000e+04    4.3640001131e-09
1.8032000000e+04    4.3629983462e-09
1.8034000000e+04    4.3619967795e-09
1.8036000000e+04    4.3609954132e-09
1.8038000000e+04    4.3599942471e-09
1.8040000000e+04    4.3589932811e-09
1.8042000000e+04    4.3579925152e-09
1.8044000000e+04    4.3569919494e-09
1.8046000000e+04    4.3559915835e-09
1.8048000000e+04    4.3549914175e-09
1.8050000000e+04    4.3539914513e-09
1.8052000000e+04    4.3529916849e-09
1.8054000000e+04    4.3519921182e-09
1.8056000000e+04    4.3509927511e-09
1.8058000000e+04    4.3499935836e-09
1.8060000000e+04    4.3489946156e-09
1.8062000000e+04    4.3479958470e-09
1.8064000000e+04    4.3469972778e-09
1.8066000000e+04    4.3459989080e-09
1.8068000000e+04    4.3450007373e-09
1.8070000000e+04    4.3440027658e-09
1.8072000000e+04    4.3430049935e-09
1.8074000000e+04    4.3420074202e-09
1.8076000000e+04    4.3410100458e-09
1.8078000000e+04    4.3400128704e-09
1.8080000000e+04    4.3390158938e-09
1.8082000000e+04    4.3380191161e-09
1.8084000000e+04    4.3370225370e-09
1.8086000000e+04    4.3360261566e-09
1.8088000000e+04    4.3350299748e-09
1.8090000000e+04    4.3340339915e-09
1.8092000000e+04    4.3330382067e-09
1.8094000000e+04    4.3320426203e-09
1.8096000000e+04    4.3310472322e-09
1.8098000000e+04    4.3300520424e-09
1.8100000000e+04    4.3290570508e-09
1.8102000000e+04    4.3280622573e-09
1.8104000000e+04    4.3270676619e-09
1.8106000000e+04    4.3260732645e-09
1.8108000000e+04    4.3250790650e-09
1.8110000000e+04    4.3240850635e-09
1.8112000000e+04    4.3230912597e-09
1.8114000000e+04    4.3220976537e-09
1.8116000000e+04    4.3211042454e-09
1.8118000000e+04    4.3201110347e-09
1.8120000000e+04    4.3191182806e-09
1.8122000000e+04    4.3181254648e-09
1.8124000000e+04    4.3171347327e-09
1.8126000000e+04    4.3161423110e-09
1.8128000000e+04    4.3151500866e-09
1.8130000000e+04    4.3141580593e-09
1.8132000000e+04    4.3131662291e-09
1.8134000000e+04    4.3121745959e-09
1.8136000000e+04    4.3111831597e-09
1.8138000000e+04    4.3101919204e-09
1.8140000000e+04    4.3092008780e-09
1.8142000000e+04    4.3082100323e-09
1.8144000000e+04    4.3072193833e-09
1.8146000000e+04    4.3062289310e-09
1.8148000000e+04    4.3052386752e-09
1.8150000000e+04    4.3042486160e-09
1.8152000000e+04    4.3032587532e-09
1.8154000000e+04    4.3022690868e-09
1.8156000000e+04    4.3012796167e-09
1.8158000000e+04    4.3002903429e-09
1.8160000000e+04    4.2993012653e-09
1.8162000000e+04    4.2983123838e-09
1.8164000000e+04    4.2973236984e-09
1.8166000000e+04    4.2963352090e-09
1.8168000000e+04    4.2953469155e-09
1.8170000000e+04    4.2943588179e-09
1.8172000000e+04    4.2933709161e-09
1.8174000000e+04    4.2923832101e-09
1.8176000000e+04    4.2913956998e-09
1.8178000000e+04    4.2904083851e-09
1.8180000000e+04    4.2894212659e-09
1.8182000000e+04    4.2884343422e-09
1.8184000000e+04    4.2874476140e-09
1.8186000000e+04    4.2864610811e-09
1.8188000000e+04    4.2854747435e-09
1.8190000000e+04    4.2844886012e-09
1.8192000000e+04    4.2835026541e-09
1.8194000000e+04    4.2825169020e-09
1.8196000000e+04    4.2815313451e-09
1.8198000000e+04    4.2805459831e-09
1.8200000000e+04    4.2795608160e-09
1.8202000000e+04    4.2785758438e-09
1.8204000000e+04    4.2775910663e-09
1.8206000000e+04    4.2766064837e-09
1.8208000000e+04    4.2756220956e-09
1.8210000000e+04    4.2746379022e-09
1.8212000000e+04    4.2736539034e-09
1.8214000000e+04    4.2726700990e-09
1.8216000000e+04    4.2716864890e-09
1.8218000000e+04    4.2707030734e-09
1.8220000000e+04    4.2697198520e-09
1.8222000000e+04    4.2687368249e-09
1.8224000000e+04    4.2677539920e-09
1.8226000000e+04    4.2667713531e-09
1.8228000000e+04    4.2657889083e-09
1.8230000000e+04    4.2648066575e-09
1.8232000000e+04    4.2638246006e-09
1.8234000000e+04    4.2628427375e-09
1.8236000000e+04    4.2618610682e-09
1.8238000000e+04    4.2608795927e-09
1.8240000000e+04    4.2598983107e-09
1.8242000000e+04    4.2589172224e-09
1.8244000000e+04    4.2579363276e-09
1.8246000000e+04    4.2569556263e-09
1.8248000000e+04    4.2559751184e-09
1.8250000000e+04    4.2549948039e-09
1.8252000000e+04    4.2540146826e-09
1.8254000000e+04    4.2530347545e-09
1.8256000000e+04    4.2520550196e-09
1.8258000000e+04    4.2510754778e-09
1.8260000000e+04    4.2500961290e-09
1.8262000000e+04    4.2491169732e-09
1.8264000000e+04    4.2481380103e-09
1.8266000000e+04    4.2471592402e-09
1.8268000000e+04    4.2461806629e-09
1.8270000000e+04    4.2452022784e-09
1.8272000000e+04    4.2442240864e-09
1.8274000000e+04    4.2432460871e-09
1.8276000000e+04    4.2422682803e-09
1.8278000000e+04    4.2412906659e-09
1.8280000000e+04    4.2403132440e-09
1.8282000000e+04    4.2393360144e-09
1.8284000000e+04    4.2383589771e-09
1.8286000000e+04    4.2373821320e-09
1.8288000000e+04    4.2364054790e-09
1.8290000000e+04    4.2354290182e-09
1.8292000000e+04    4.2344527493e-09
1.8294000000e+04    4.2334766725e-09
1.8296000000e+04    4.2325007875e-09
1.8298000000e+04    4.2315250944e-09
1.8300000000e+04    4.2305495930e-09
1.8302000000e+04    4.2295742834e-09
1.8304000000e+04    4.2285991654e-09
1.8306000000e+04    4.2276242390e-09
1.8308000000e+04    4.2266495042e-09
1.8310000000e+04    4.2256749608e-09
1.8312000000e+04    4.2247006088e-09
1.8314000000e+04    4.2237264482e-09
1.8316000000e+04    4.2227524788e-09
1.8318000000e+04    4.2217787007e-09
1.8320000000e+04    4.2208051137e-09
1.8322000000e+04    4.2198317178e-09
1.8324000000e+04    4.2188585129e-09
1.8326000000e+04    4.2178854990e-09
1.8328000000e+04    4.2169126760e-09
1.8330000000e+04    4.2159400439e-09
1.8332000000e+04    4.2149676025e-09
1.8334000000e+04    4.2139953519e-09
1.8336000000e+04    4.2130232919e-09
1.8338000000e+04    4.2120514225e-09
1.8340000000e+04    4.2110797436e-09
1.8342000000e+04    4.2101082553e-09
1.8344000000e+04    4.2091369573e-09
1.8346000000e+04    4.2081658497e-09
1.8348000000e+04    4.2071949323e-09
1.8350000000e+04    4.2062242052e-09
1.8352000000e+04    4.2052536683e-09
1.8354000000e+04    4.2042833215e-09
1.8356000000e+04    4.2033131647e-09
1.8358000000e+04    4.2023431978e-09
1.8360000000e+04    4.2013734209e-09
1.8362000000e+04    4.2004038339e-09
1.8364000000e+04    4.1994344366e-09
1.8366000000e+04    4.1984652291e-09
1.8368000000e+04    4.1974962112e-09
1.8370000000e+04    4.1965273830e-09
1.8372000000e+04    4.1955587443e-09
1.8374000000e+04    4.1945907267e-09
1.8376000000e+04    4.1936224667e-09
1.8378000000e+04    4.1926543961e-09
1.8380000000e+04    4.1916896598e-09
1.8382000000e+04    4.1907219791e-09
1.8384000000e+04    4.1897544950e-09
1.8386000000e+04    4.1887872077e-09
1.8388000000e+04    4.1878201169e-09
1.8390000000e+04    4.1868532226e-09
1.8392000000e+04    4.1858865248e-09
1.8394000000e+04    4.1849200233e-09
1.8396000000e+04    4.1839537182e-09
1.8398000000e+04    4.1829876093e-09
1.8400000000e+04    4.1820216967e-09
1.8402000000e+04    4.1810559802e-09
1.8404000000e+04    4.1800904597e-09
1.8406000000e+04    4.1791251353e-09
1.8408000000e+04    4.1781600067e-09
1.8410000000e+04    4.1771950741e-09
1.8412000000e+04    4.1762303373e-09
1.8414000000e+04    4.1752657962e-09
1.8416000000e+04    4.1743014508e-09
1.8418000000e+04    4.1733373010e-09
1.8420000000e+04    4.1723733468e-09
1.8422000000e+04    4.1714095880e-09
1.8424000000e+04    4.1704460247e-09
1.8426000000e+04    4.1694826568e-09
1.8428000000e+04    4.1685194841e-09
1.8430000000e+04    4.1675565067e-09
1.8432000000e+04    4.1665937244e-09
1.8434000000e+04    4.1656311373e-09
1.8436000000e+04    4.1646687452e-09
1.8438000000e+04    4.1637065480e-09
1.8440000000e+04    4.1627445458e-09
1.8442000000e+04    4.1617827385e-09
1.8444000000e+04    4.1608211259e-09
1.8446000000e+04    4.1598597080e-09
1.8448000000e+04    4.1588984848e-09
1.8450000000e+04    4.1579374562e-09
1.8452000000e+04    4.1569766221e-09
1.8454000000e+04    4.1560159825e-09
1.8456000000e+04    4.1550555373e-09
1.8458000000e+04    4.1540952865e-09
1.8460000000e+04    4.1531352299e-09
1.8462000000e+04    4.1521753675e-09
1.8464000000e+04    4.1512156993e-09
1.8466000000e+04    4.1502562251e-09
1.8468000000e+04    4.1492969450e-09
1.8470000000e+04    4.1483378588e-09
1.8472000000e+04    4.1473789666e-09
1.8474000000e+04    4.1464202681e-09
1.8476000000e+04    4.1454617635e-09
1.8478000000e+04    4.1445034525e-09
1.8480000000e+04    4.1435453352e-09
1.8482000000e+04    4.1425874114e-09
1.8484000000e+04    4.1416296812e-09
1.8486000000e+04    4.1406721444e-09
1.8488000000e+04    4.1397148010e-09
1.8490000000e+04    4.1387632316e-09
1.8492000000e+04    4.1378063026e-09
1.8494000000e+04    4.1368495800e-09
1.8496000000e+04    4.1358930637e-09
1.8498000000e+04    4.1349367537e-09
1.8500000000e+04    4.1339806499e-09
1.8502000000e+04    4.1330247522e-09
1.8504000000e+04    4.1320690606e-09
1.8506000000e+04    4.1311135750e-09
1.8508000000e+04    4.1301582954e-09
1.8510000000e+04    4.1292032216e-09
1.8512000000e+04    4.1282483536e-09
1.8514000000e+04    4.1272936913e-09
1.8516000000e+04    4.1263392346e-09
1.8518000000e+04    4.1253849836e-09
1.8520000000e+04    4.1244309381e-09
1.8522000000e+04    4.1234770980e-09
1.8524000000e+04    4.1225234633e-09
1.8526000000e+04    4.1215700339e-09
1.8528000000e+04    4.1206168098e-09
1.8530000000e+04    4.1196637908e-09
1.8532000000e+04    4.1187109770e-09
1.8534000000e+04    4.1177583682e-09
1.8536000000e+04    4.1168059644e-09
1.8538000000e+04    4.1158537654e-09
1.8540000000e+04    4.1149017713e-09
1.8542000000e+04    4.1139499820e-09
1.8544000000e+04    4.1129983974e-09
1.8546000000e+04    4.1120470174e-09
1.8548000000e+04    4.1110958420e-09
1.8550000000e+04    4.1101448710e-09
1.8552000000e+04    4.1091941045e-09
1.8554000000e+04    4.1082435424e-09
1.8556000000e+04    4.1072931845e-09
1.8558000000e+04    4.1063430309e-09
1.8560000000e+04    4.1053930814e-09
1.8562000000e+04    4.1044433361e-09
1.8564000000e+04    4.1034937947e-09
1.8566000000e+04    4.1025444573e-09
1.8568000000e+04    4.1015953238e-09
1.8570000000e+04    4.1006463941e-09
1.8572000000e+04    4.0996976681e-09
1.8574000000e+04    4.0987491459e-09
1.8576000000e+04    4.0978008272e-09
1.8578000000e+04    4.0968527121e-09
1.8580000000e+04    4.0959048005e-09
1.8582000000e+04    4.0949570923e-09
1.8584000000e+04    4.0940095875e-09
1.8586000000e+04    4.0930622859e-09
1.8588000000e+04    4.0921151875e-09
1.8590000000e+04    4.0911682923e-09
1.8592000000e+04    4.0902216002e-09
1.8594000000e+04    4.0892751111e-09
1.8596000000e+04    4.0883288249e-09
1.8598000000e+04    4.0873827416e-09
1.8600000000e+04    4.0864368611e-09
1.8602000000e+04    4.0854911833e-09
1.8604000000e+04    4.0845457083e-09
1.8606000000e+04    4.0836004358e-09
1.8608000000e+04    4.0826553659e-09
1.8610000000e+04    4.0817104984e-09
1.8612000000e+04    4.0807658334e-09
1.8614000000e+04    4.0798213707e-09
1.8616000000e+04    4.0788771102e-09
1.8618000000e+04    4.0779330520e-09
1.8620000000e+04    4.0769891960e-09
1.8622000000e+04    4.0760455420e-09
1.8624000000e+04    4.0751020900e-09
1.8626000000e+04    4.0741588399e-09
1.8628000000e+04    4.0732157917e-09
1.8630000000e+04    4.0722729454e-09
1.8632000000e+04    4.0713303007e-09
1.8634000000e+04    4.0703878578e-09
1.8636000000e+04    4.0694456164e-09
1.8638000000e+04    4.0685035766e-09
1.8640000000e+04    4.0675617383e-09
1.8642000000e+04    4.0666201014e-09
1.8644000000e+04    4.0656786658e-09
1.8646000000e+04    4.0647374315e-09
1.8648000000e+04    4.0637963984e-09
1.8650000000e+04    4.0628555665e-09
1.8652000000e+04    4.0619149356e-09
1.8654000000e+04    4.0609745058e-09
1.8656000000e+04    4.0600342769e-09
1.8658000000e+04    4.0590942489e-09
1.8660000000e+04    4.0581544216e-09
1.8662000000e+04    4.0572147952e-09
1.8664000000e+04    4.0562753694e-09
1.8666000000e+04    4.0553361442e-09
1.8668000000e+04    4.0543971196e-09
1.8670000000e+04    4.0534586046e-09
1.8672000000e+04    4.0525199808e-09
1.8674000000e+04    4.0515815573e-09
1.8676000000e+04    4.0506433341e-09
1.8678000000e+04    4.0497053111e-09
1.8680000000e+04    4.0487674882e-09
1.8682000000e+04    4.0478298655e-09
1.8684000000e+04    4.0468924427e-09
1.8686000000e+04    4.0459552199e-09
1.8688000000e+04    4.0450181970e-09
1.8690000000e+04    4.0440813738e-09
1.8692000000e+04    4.0431447505e-09
1.8694000000e+04    4.0422083268e-09
1.8696000000e+04    4.0412721028e-09
1.8698000000e+04    4.0403360783e-09
1.8700000000e+04    4.0394002533e-09
1.8702000000e+04    4.0384646277e-09
1.8704000000e+04    4.0375292014e-09
1.8706000000e+04    4.0365939745e-09
1.8708000000e+04    4.0356589468e-09
1.8710000000e+04    4.0347241183e-09
1.8712000000e+04    4.0337894888e-09
1.8714000000e+04    4.0328550584e-09
1.8716000000e+04    4.0319208270e-09
1.8718000000e+04    4.0309867944e-09
1.8720000000e+04    4.0300529607e-09
1.8722000000e+04    4.0291193258e-09
1.8724000000e+04    4.0281858896e-09
1.8726000000e+04    4.0272526520e-09
1.8728000000e+04    4.0263196130e-09
1.8730000000e+04    4.0253867725e-09
1.8732000000e+04    4.0244541305e-09
1.8734000000e+04    4.0235216869e-09
1.8736000000e+04    4.0225894415e-09
1.8738000000e+04    4.0216573944e-09
1.8740000000e+04    4.0207255456e-09
1.8742000000e+04    4.0197938948e-09
1.8744000000e+04    4.0188624421e-09
1.8746000000e+04    4.0179311874e-09
1.8748000000e+04    4.0170001306e-09
1.8750000000e+04    4.0160692717e-09
1.8752000000e+04    4.0151386106e-09
1.8754000000e+04    4.0142081472e-09
1.8756000000e+04    4.0132778815e-09
1.8758000000e+04    4.0123478134e-09
1.8760000000e+04    4.0114179428e-09
1.8762000000e+04    4.0104882697e-09
1.8764000000e+04    4.0095587941e-09
1.8766000000e+04    4.0086295158e-09
1.8768000000e+04    4.0077004348e-09
1.8770000000e+04    4.0067715510e-09
1.8772000000e+04    4.0058428643e-09
1.8774000000e+04    4.0049143748e-09
1.8776000000e+04    4.0039860822e-09
1.8778000000e+04    4.0030579867e-09
1.8780000000e+04    4.0021300880e-09
1.8782000000e+04    4.0012023862e-09
1.8784000000e+04    4.0002748812e-09
1.8786000000e+04    3.9993475728e-09
1.8788000000e+04    3.9984204611e-09
1.8790000000e+04    3.9974935460e-09
1.8792000000e+04    3.9965668274e-09
1.8794000000e+04    3.9956403053e-09
1.8796000000e+04    3.9947139795e-09
1.8798000000e+04    3.9937878501e-09
1.8800000000e+04    3.9928619169e-09
1.8802000000e+04    3.9919361800e-09
1.8804000000e+04    3.9910106391e-09
1.8806000000e+04    3.9900852944e-09
1.8808000000e+04    3.9891601456e-09
1.8810000000e+04    3.9882351928e-09
1.8812000000e+04    3.9873104359e-09
1.8814000000e+04    3.9863858748e-09
1.8816000000e+04    3.9854615094e-09
1.8818000000e+04    3.9845373397e-09
1.8820000000e+04    3.9836133657e-09
1.8822000000e+04    3.9826895872e-09
1.8824000000e+04    3.9817660042e-09
1.8826000000e+04    3.9808426166e-09
1.8828000000e+04    3.9799194244e-09
1.8830000000e+04    3.9789964276e-09
1.8832000000e+04    3.9780736259e-09
1.8834000000e+04    3.9771510195e-09
1.8836000000e+04    3.9762286082e-09
1.8838000000e+04    3.9753063919e-09
1.8840000000e+04    3.9743843706e-09
1.8842000000e+04    3.9734625442e-09
1.8844000000e+04    3.9725409127e-09
1.8846000000e+04    3.9716194761e-09
1.8848000000e+04    3.9706982341e-09
1.8850000000e+04    3.9697771868e-09
1.8852000000e+04    3.9688566675e-09
1.8854000000e+04    3.9679360092e-09
1.8856000000e+04    3.9670155455e-09
1.8858000000e+04    3.9660952761e-09
1.8860000000e+04    3.9651752011e-09
1.8862000000e+04    3.9642553204e-09
1.8864000000e+04    3.9633356339e-09
1.8866000000e+04    3.9624161416e-09
1.8868000000e+04    3.9614968434e-09
1.8870000000e+04    3.9605777392e-09
1.8872000000e+04    3.9596588290e-09
1.8874000000e+04    3.9587401127e-09
1.8876000000e+04    3.9578215902e-09
1.8878000000e+04    3.9569032616e-09
1.8880000000e+04    3.9559851266e-09
1.8882000000e+04    3.9550671853e-09
1.8884000000e+04    3.9541494376e-09
1.8886000000e+04    3.9532318835e-09
1.8888000000e+04    3.9523145228e-09
1.8890000000e+04    3.9513973555e-09
1.8892000000e+04    3.9504803816e-09
1.8894000000e+04    3.9495636009e-09
1.8896000000e+04    3.9486470135e-09
1.8898000000e+04    3.9477306193e-09
1.8900000000e+04    3.9468144181e-09
1.8902000000e+04    3.9458984100e-09
1.8904000000e+04    3.9449825948e-09
1.8906000000e+04    3.9440669726e-09
1.8908000000e+04    3.9431515432e-09
1.8910000000e+04    3.9422363066e-09
1.8912000000e+04    3.9413212627e-09
1.8914000000e+04    3.9404064115e-09
1.8916000000e+04    3.9394917529e-09
1.8918000000e+04    3.9385772868e-09
1.8920000000e+04    3.9376630132e-09
1.8922000000e+04    3.9367489320e-09
1.8924000000e+04    3.9358350432e-09
1.8926000000e+04    3.9349213467e-09
1.8928000000e+04    3.9340078423e-09
1.8930000000e+04    3.9330945302e-09
1.8932000000e+04    3.9321814102e-09
1.8934000000e+04    3.9312684822e-09
1.8936000000e+04    3.9303557461e-09
1.8938000000e+04    3.9294432020e-09
1.8940000000e+04    3.9285308498e-09
1.8942000000e+04    3.9276186893e-09
1.8944000000e+04    3.9267067206e-09
1.8946000000e+04    3.9257949436e-09
1.8948000000e+04    3.9248833582e-09
1.8950000000e+04    3.9239719643e-09
1.8952000000e+04    3.9230607619e-09
1.8954000000e+04    3.9221497509e-09
1.8956000000e+04    3.9212389313e-09
1.8958000000e+04    3.9203283030e-09
1.8960000000e+04    3.9194178660e-09
1.8962000000e+04    3.9185076201e-09
1.8964000000e+04    3.9175975653e-09
1.8966000000e+04    3.9166877016e-09
1.8968000000e+04    3.9157780289e-09
1.8970000000e+04    3.9148685471e-09
1.8972000000e+04    3.9139592562e-09
1.8974000000e+04    3.9130501561e-09
1.8976000000e+04    3.9121412468e-09
1.8978000000e+04    3.9112325281e-09
1.8980000000e+04    3.9103240001e-09
1.8982000000e+04    3.9094156627e-09
1.8984000000e+04    3.9085075157e-09
1.8986000000e+04    3.9075995592e-09
1.8988000000e+04    3.9066917931e-09
1.8990000000e+04    3.9057842173e-09
1.8992000000e+04    3.9048768317e-09
1.8994000000e+04    3.9039696364e-09
1.8996000000e+04    3.9030626312e-09
1.8998000000e+04    3.9021558161e-09
1.9000000000e+04    3.9012491910e-09
1.9002000000e+04    3.9003427558e-09
1.9004000000e+04    3.8994365106e-09
1.9006000000e+04    3.8985304551e-09
1.9008000000e+04    3.8976245895e-09
1.9010000000e+04    3.8967189136e-09
1.9012000000e+04    3.8958134273e-09
1.9014000000e+04    3.8949081306e-09
1.9016000000e+04    3.8940030234e-09
1.9018000000e+04    3.8930981057e-09
1.9020000000e+04    3.8921933775e-09
1.9022000000e+04    3.8912888385e-09
1.9024000000e+04    3.8903844889e-09
1.9026000000e+04    3.8894803285e-09
1.9028000000e+04    3.8885763572e-09
1.9030000000e+04    3.8876725751e-09
1.9032000000e+04    3.8867689820e-09
1.9034000000e+04    3.8858655778e-09
1.9036000000e+04    3.8849623626e-09
1.9038000000e+04    3.8840593363e-09
1.9040000000e+04    3.8831564988e-09
1.9042000000e+04    3.8822538500e-09
1.9044000000e+04    3.8813513899e-09
1.9046000000e+04    3.8804491184e-09
1.9048000000e+04    3.8795470355e-09
1.9050000000e+04    3.8786451411e-09
1.9052000000e+04    3.8777434351e-09
1.9054000000e+04    3.8768419175e-09
1.9056000000e+04    3.8759405883e-09
1.9058000000e+04    3.8750394473e-09
1.9060000000e+04    3.8741384945e-09
1.9062000000e+04    3.8732377298e-09
1.9064000000e+04    3.8723371532e-09
1.9066000000e+04    3.8714367646e-09
1.9068000000e+04    3.8705365640e-09
1.9070000000e+04    3.8696365513e-09
1.9072000000e+04    3.8687367265e-09
1.9074000000e+04    3.8678370894e-09
1.9076000000e+04    3.8669376400e-09
1.9078000000e+04    3.8660383783e-09
1.9080000000e+04    3.8651393042e-09
1.9082000000e+04    3.8642404176e-09
1.9084000000e+04    3.8633417186e-09
1.9086000000e+04    3.8624432069e-09
1.9088000000e+04    3.8615448826e-09
1.9090000000e+04    3.8606467456e-09
1.9092000000e+04    3.8597487958e-09
1.9094000000e+04    3.8588510332e-09
1.9096000000e+04    3.8579534578e-09
1.9098000000e+04    3.8570560694e-09
1.9100000000e+04    3.8561588680e-09
1.9102000000e+04    3.8552618535e-09
1.9104000000e+04    3.8543650260e-09
1.9106000000e+04    3.8534683852e-09
1.9108000000e+04    3.8525719312e-09
1.9110000000e+04    3.8516756640e-09
1.9112000000e+04    3.8507795833e-09
1.9114000000e+04    3.8498836893e-09
1.9116000000e+04    3.8489879818e-09
1.9118000000e+04    3.8480924607e-09
1.9120000000e+04    3.8471971261e-09
1.9122000000e+04    3.8463019778e-09
1.9124000000e+04    3.8454070158e-09
1.9126000000e+04    3.8445122400e-09
1.9128000000e+04    3.8436247811e-09
1.9130000000e+04    3.8427304073e-09
1.9132000000e+04    3.8418362354e-09
1.9134000000e+04    3.8409422653e-09
1.9136000000e+04    3.8400484968e-09
1.9138000000e+04    3.8391549301e-09
1.9140000000e+04    3.8382615649e-09
1.9142000000e+04    3.8373684012e-09
1.9144000000e+04    3.8364754389e-09
1.9146000000e+04    3.8355826781e-09
1.9148000000e+04    3.8346901185e-09
1.9150000000e+04    3.8337977602e-09
1.9152000000e+04    3.8329056031e-09
1.9154000000e+04    3.8320136472e-09
1.9156000000e+04    3.8311218922e-09
1.9158000000e+04    3.8302303383e-09
1.9160000000e+04    3.8293389853e-09
1.9162000000e+04    3.8284478332e-09
1.9164000000e+04    3.8275568818e-09
1.9166000000e+04    3.8266661312e-09
1.9168000000e+04    3.8257755812e-09
1.9170000000e+04    3.8248852319e-09
1.9172000000e+04    3.8239950830e-09
1.9174000000e+04    3.8231051347e-09
1.9176000000e+04    3.8222153867e-09
1.9178000000e+04    3.8213258391e-09
1.9180000000e+04    3.8204364918e-09
1.9182000000e+04    3.8195473446e-09
1.9184000000e+04    3.8186583976e-09
1.9186000000e+04    3.8177696507e-09
1.9188000000e+04    3.8168811038e-09
1.9190000000e+04    3.8159927569e-09
1.9192000000e+04    3.8151046098e-09
1.9194000000e+04    3.8142166626e-09
1.9196000000e+04    3.8133289151e-09
1.9198000000e+04    3.8124413673e-09
1.9200000000e+04    3.8115540192e-09
1.9202000000e+04    3.8106668706e-09
1.9204000000e+04    3.8097799215e-09
1.9206000000e+04    3.8088931718e-09
1.9208000000e+04    3.8080066215e-09
1.9210000000e+04    3.8071202705e-09
1.9212000000e+04    3.8062341188e-09
1.9214000000e+04    3.8053481662e-09
1.9216000000e+04    3.8044624127e-09
1.9218000000e+04    3.8035768583e-09
1.9220000000e+04    3.8026915029e-09
1.9222000000e+04    3.8018063463e-09
1.9224000000e+04    3.8009213887e-09
1.9226000000e+04    3.8000366298e-09
1.9228000000e+04    3.7991520697e-09
1.9230000000e+04    3.7982677082e-09
1.9232000000e+04    3.7973835453e-09
1.9234000000e+04    3.7964995809e-09
1.9236000000e+04    3.7956158151e-09
1.9238000000e+04    3.7947322476e-09
1.9240000000e+04    3.7938488785e-09
1.9242000000e+04    3.7929657076e-09
1.9244000000e+04    3.7920827350e-09
1.9246000000e+04    3.7911999605e-09
1.9248000000e+04    3.7903173841e-09
1.9250000000e+04    3.7894350058e-09
1.9252000000e+04    3.7885528254e-09
1.9254000000e+04    3.7876708429e-09
1.9256000000e+04    3.7867890582e-09
1.9258000000e+04    3.7859074713e-09
1.9260000000e+04    3.7850260821e-09
1.9262000000e+04    3.7841448905e-09
1.9264000000e+04    3.7832638966e-09
1.9266000000e+04    3.7823831001e-09
1.9268000000e+04    3.7815025011e-09
1.9270000000e+04    3.7806220995e-09
1.9272000000e+04    3.7797418952e-09
1.9274000000e+04    3.7788618882e-09
1.9276000000e+04    3.7779820784e-09
1.9278000000e+04    3.7771024657e-09
1.9280000000e+04    3.7762230501e-09
1.9282000000e+04    3.7753438315e-09
1.9284000000e+04    3.7744648099e-09
1.9286000000e+04    3.7735859852e-09
1.9288000000e+04    3.7727073572e-09
1.9290000000e+04    3.7718289260e-09
1.9292000000e+04    3.7709506916e-09
1.9294000000e+04    3.7700726537e-09
1.9296000000e+04    3.7691948125e-09
1.9298000000e+04    3.7683171677e-09
1.9300000000e+04    3.7674397194e-09
1.9302000000e+04    3.7665624675e-09
1.9304000000e+04    3.7656854118e-09
1.9306000000e+04    3.7648085525e-09
1.9308000000e+04    3.7639318893e-09
1.9310000000e+04    3.7630554223e-09
1.9312000000e+04    3.7621791514e-09
1.9314000000e+04    3.7613030764e-09
1.9316000000e+04    3.7604271974e-09
1.9318000000e+04    3.7595515143e-09
1.9320000000e+04    3.7586760270e-09
1.9322000000e+04    3.7578007355e-09
1.9324000000e+04    3.7569256396e-09
1.9326000000e+04    3.7560507394e-09
1.9328000000e+04    3.7551760348e-09
1.9330000000e+04    3.7543015256e-09
1.9332000000e+04    3.7534272120e-09
1.9334000000e+04    3.7525530937e-09
1.9336000000e+04    3.7516791707e-09
1.9338000000e+04    3.7508054430e-09
1.9340000000e+04    3.7499319105e-09
1.9342000000e+04    3.7490585731e-09
1.9344000000e+04    3.7481854308e-09
1.9346000000e+04    3.7473124835e-09
1.9348000000e+04    3.7464397312e-09
1.9350000000e+04    3.7455671737e-09
1.9352000000e+04    3.7446948111e-09
1.9354000000e+04    3.7438226433e-09
1.9356000000e+04    3.7429506701e-09
1.9358000000e+04    3.7420788916e-09
1.9360000000e+04    3.7412073077e-09
1.9362000000e+04    3.7403359183e-09
1.9364000000e+04    3.7394647233e-09
1.9366000000e+04    3.7385937228e-09
1.9368000000e+04    3.7377229166e-09
1.9370000000e+04    3.7368523046e-09
1.9372000000e+04    3.7359818869e-09
1.9374000000e+04    3.7351116633e-09
1.9376000000e+04    3.7342416338e-09
1.9378000000e+04    3.7333717983e-09
1.9380000000e+04    3.7325021568e-09
1.9382000000e+04    3.7316327092e-09
1.9384000000e+04    3.7307634555e-09
1.9386000000e+04    3.7298943955e-09
1.9388000000e+04    3.7290255293e-09
1.9390000000e+04    3.7281568567e-09
1.9392000000e+04    3.7272883777e-09
1.9394000000e+04    3.7264200922e-09
1.9396000000e+04    3.7255520003e-09
1.9398000000e+04    3.7246841017e-09
1.9400000000e+04    3.7238163965e-09
1.9402000000e+04    3.7229488846e-09
1.9404000000e+04    3.7220815659e-09
1.9406000000e+04    3.7212144404e-09
1.9408000000e+04    3.7203475080e-09
1.9410000000e+04    3.7194807687e-09
1.9412000000e+04    3.7186142223e-09
1.9414000000e+04    3.7177478689e-09
1.9416000000e+04    3.7168817083e-09
1.9418000000e+04    3.7160157406e-09
1.9420000000e+04    3.7151499656e-09
1.9422000000e+04    3.7142843833e-09
1.9424000000e+04    3.7134189936e-09
1.9426000000e+04    3.7125537965e-09
1.9428000000e+04    3.7116887918e-09
1.9430000000e+04    3.7108239797e-09
1.9432000000e+04    3.7099593599e-09
1.9434000000e+04    3.7090949324e-09
1.9436000000e+04    3.7082306972e-09
1.9438000000e+04    3.7073666542e-09
1.9440000000e+04    3.7065028033e-09
1.9442000000e+04    3.7056391446e-09
1.9444000000e+04    3.7047756778e-09
1.9446000000e+04    3.7039124030e-09
1.9448000000e+04    3.7030493201e-09
1.9450000000e+04    3.7021864291e-09
1.9452000000e+04    3.7013237298e-09
1.9454000000e+04    3.7004612223e-09
1.9456000000e+04    3.6995989064e-09
1.9458000000e+04    3.6987367821e-09
1.9460000000e+04    3.6978748494e-09
1.9462000000e+04    3.6970131081e-09
1.9464000000e+04    3.6961515583e-09
1.9466000000e+04    3.6952901998e-09
1.9468000000e+04    3.6944290327e-09
1.9470000000e+04    3.6935680567e-09
1.9472000000e+04    3.6927072720e-09
1.9474000000e+04    3.6918466784e-09
1.9476000000e+04    3.6909862758e-09
1.9478000000e+04    3.6901260642e-09
1.9480000000e+04    3.6892660436e-09
1.9482000000e+04    3.6884062139e-09
1.9484000000e+04    3.6875465750e-09
1.9486000000e+04    3.6866871269e-09
1.9488000000e+04    3.6858278694e-09
1.9490000000e+04    3.6849688027e-09
1.9492000000e+04    3.6841099265e-09
1.9494000000e+04    3.6832512408e-09
1.9496000000e+04    3.6823927456e-09
1.9498000000e+04    3.6815344408e-09
1.9500000000e+04    3.6806763264e-09
1.9502000000e+04    3.6798184022e-09
1.9504000000e+04    3.6789606683e-09
1.9506000000e+04    3.6781031245e-09
1.9508000000e+04    3.6772457709e-09
1.9510000000e+04    3.6763886073e-09
1.9512000000e+04    3.6755316337e-09
1.9514000000e+04    3.6746748501e-09
1.9516000000e+04    3.6738182563e-09
1.9518000000e+04    3.6729618524e-09
1.9520000000e+04    3.6721056382e-09
1.9522000000e+04    3.6712496137e-09
1.9524000000e+04    3.6703937788e-09
1.9526000000e+04    3.6695381335e-09
1.9528000000e+04    3.6686826778e-09
1.9530000000e+04    3.6678274115e-09
1.9532000000e+04    3.6669723346e-09
1.9534000000e+04    3.6661174471e-09
1.9536000000e+04    3.6652627488e-09
1.9538000000e+04    3.6644082398e-09
1.9540000000e+04    3.6635539200e-09
1.9542000000e+04    3.6626997893e-09
1.9544000000e+04    3.6618458476e-09
1.9546000000e+04    3.6609920949e-09
1.9548000000e+04    3.6601385311e-09
1.9550000000e+04    3.6592851563e-09
1.9552000000e+04    3.6584319702e-09
1.9554000000e+04    3.6575789729e-09
1.9556000000e+04    3.6567261644e-09
1.9558000000e+04    3.6558735444e-09
1.9560000000e+04    3.6550211131e-09
1.9562000000e+04    3.6541688702e-09
1.9564000000e+04    3.6533168159e-09
1.9566000000e+04    3.6524649499e-09
1.9568000000e+04    3.6516132724e-09
1.9570000000e+04    3.6507617831e-09
1.9572000000e+04    3.6499104820e-09
1.9574000000e+04    3.6490593691e-09
1.9576000000e+04    3.6482084444e-09
1.9578000000e+04    3.6473577077e-09
1.9580000000e+04    3.6465071590e-09
1.9582000000e+04    3.6456567982e-09
1.9584000000e+04    3.6448066254e-09
1.9586000000e+04    3.6439566404e-09
1.9588000000e+04    3.6431068431e-09
1.9590000000e+04    3.6422572336e-09
1.9592000000e+04    3.6414078117e-09
1.9594000000e+04    3.6405585775e-09
1.9596000000e+04    3.6397095307e-09
1.9598000000e+04    3.6388606715e-09
1.9600000000e+04    3.6380119997e-09
1.9602000000e+04    3.6371635152e-09
1.9604000000e+04    3.6363152181e-09
1.9606000000e+04    3.6354671082e-09
1.9608000000e+04    3.6346191855e-09
1.9610000000e+04    3.6337714500e-09
1.9612000000e+04    3.6329239015e-09
1.9614000000e+04    3.6320765400e-09
1.9616000000e+04    3.6312293656e-09
1.9618000000e+04    3.6303823780e-09
1.9620000000e+04    3.6295355773e-09
1.9622000000e+04    3.6286889634e-09
1.9624000000e+04    3.6278425362e-09
1.9626000000e+04    3.6269962957e-09
1.9628000000e+04    3.6261502418e-09
1.9630000000e+04    3.6253043745e-09
1.9632000000e+04    3.6244586937e-09
1.9634000000e+04    3.6236131994e-09
1.9636000000e+04    3.6227678914e-09
1.9638000000e+04    3.6219227698e-09
1.9640000000e+04    3.6210778344e-09
1.9642000000e+04    3.6202330853e-09
1.9644000000e+04    3.6193885224e-09
1.9646000000e+04    3.6185441455e-09
1.9648000000e+04    3.6176999547e-09
1.9650000000e+04    3.6168559499e-09
1.9652000000e+04    3.6160121311e-09
1.9654000000e+04    3.6151684981e-09
1.9656000000e+04    3.6143250510e-09
1.9658000000e+04    3.6134817896e-09
1.9660000000e+04    3.6126387139e-09
1.9662000000e+04    3.6117958239e-09
1.9664000000e+04    3.6109531195e-09
1.9666000000e+04    3.6101106006e-09
1.9668000000e+04    3.6092682672e-09
1.9670000000e+04    3.6084261193e-09
1.9672000000e+04    3.6075841567e-09
1.9674000000e+04    3.6067423794e-09
1.9676000000e+04    3.6059007874e-09
1.9678000000e+04    3.6050593806e-09
1.9680000000e+04    3.6042181589e-09
1.9682000000e+04    3.6033771223e-09
1.9684000000e+04    3.6025362708e-09
1.9686000000e+04    3.6016956042e-09
1.9688000000e+04    3.6008551226e-09
1.9690000000e+04    3.6000148258e-09
1.9692000000e+04    3.5991747138e-09
1.9694000000e+04    3.5983347866e-09
1.9696000000e+04    3.5974950441e-09
1.9698000000e+04    3.5966554862e-09
1.9700000000e+04    3.5958161129e-09
1.9702000000e+04    3.5949769241e-09
1.9704000000e+04    3.5941379198e-09
1.9706000000e+04    3.5932990999e-09
1.9708000000e+04    3.5924604644e-09
1.9710000000e+04    3.5916220131e-09
1.9712000000e+04    3.5907837461e-09
1.9714000000e+04    3.5899456634e-09
1.9716000000e+04    3.5891077647e-09
1.9718000000e+04    3.5882700501e-09
1.9720000000e+04    3.5874325196e-09
1.9722000000e+04    3.5865951730e-09
1.9724000000e+04    3.5857580103e-09
1.9726000000e+04    3.5849210315e-09
1.9728000000e+04    3.5840842365e-09
1.9730000000e+04    3.5832476252e-09
1.9732000000e+04    3.5824111976e-09
1.9734000000e+04    3.5815749537e-09
1.9736000000e+04    3.5807388933e-09
1.9738000000e+04    3.5799030165e-09
1.9740000000e+04    3.5790673231e-09
1.9742000000e+04    3.5782318131e-09
1.9744000000e+04    3.5773964865e-09
1.9746000000e+04    3.5765613432e-09
1.9748000000e+04    3.5757263831e-09
1.9750000000e+04    3.5748916063e-09
1.9752000000e+04    3.5740570125e-09
1.9754000000e+04    3.5732226019e-09
1.9756000000e+04    3.5723883742e-09
1.9758000000e+04    3.5715543296e-09
1.9760000000e+04    3.5707204678e-09
1.9762000000e+04    3.5698867889e-09
1.9764000000e+04    3.5690532928e-09
1.9766000000e+04    3.5682199795e-09
1.9768000000e+04    3.5673868488e-09
1.9770000000e+04    3.5665539008e-09
1.9772000000e+04    3.5657211354e-09
1.9774000000e+04    3.5648885525e-09
1.9776000000e+04    3.5640561520e-09
1.9778000000e+04    3.5632239340e-09
1.9780000000e+04    3.5623918984e-09
1.9782000000e+04    3.5615600450e-09
1.9784000000e+04    3.5607287502e-09
1.9786000000e+04    3.5598972612e-09
1.9788000000e+04    3.5590659543e-09
1.9790000000e+04    3.5582348294e-09
1.9792000000e+04    3.5574038867e-09
1.9794000000e+04    3.5565731258e-09
1.9796000000e+04    3.5557425469e-09
1.9798000000e+04    3.5549121499e-09
1.9800000000e+04    3.5540819346e-09
1.9802000000e+04    3.5532519011e-09
1.9804000000e+04    3.5524220493e-09
1.9806000000e+04    3.5515923791e-09
1.9808000000e+04    3.5507628906e-09
1.9810000000e+04    3.5499335835e-09
1.9812000000e+04    3.5491044579e-09
1.9814000000e+04    3.5482755138e-09
1.9816000000e+04    3.5474467510e-09
1.9818000000e+04    3.5466181695e-09
1.9820000000e+04    3.5457897693e-09
1.9822000000e+04    3.5449615503e-09
1.9824000000e+04    3.5441335125e-09
1.9826000000e+04    3.5433056557e-09
1.9828000000e+04    3.5424779800e-09
1.9830000000e+04    3.5416504853e-09
1.9832000000e+04    3.5408231715e-09
1.9834000000e+04    3.5399960385e-09
1.9836000000e+04    3.5391690864e-09
1.9838000000e+04    3.5383423151e-09
1.9840000000e+04    3.5375157245e-09
1.9842000000e+04    3.5366893146e-09
1.9844000000e+04    3.5358630852e-09
1.9846000000e+04    3.5350370365e-09
1.9848000000e+04    3.5342111682e-09
1.9850000000e+04    3.5333854804e-09
1.9852000000e+04    3.5325599729e-09
1.9854000000e+04    3.5317346458e-09
1.9856000000e+04    3.5309094990e-09
1.9858000000e+04    3.5300845324e-09
1.9860000000e+04    3.5292597460e-09
1.9862000000e+04    3.5284351398e-09
1.9864000000e+04    3.5276107136e-09
1.9866000000e+04    3.5267864674e-09
1.9868000000e+04    3.5259624011e-09
1.9870000000e+04    3.5251385148e-09
1.9872000000e+04    3.5243148084e-09
1.9874000000e+04    3.5234912817e-09
1.9876000000e+04    3.5226679348e-09
1.9878000000e+04    3.5218447676e-09
1.9880000000e+04    3.5210217800e-09
1.9882000000e+04    3.5201989720e-09
1.9884000000e+04    3.5193763436e-09
1.9886000000e+04    3.5185538946e-09
1.9888000000e+04    3.5177316251e-09
1.9890000000e+04    3.5169095349e-09
1.9892000000e+04    3.5160876241e-09
1.9894000000e+04    3.5152658925e-09
1.9896000000e+04    3.5144443401e-09
1.9898000000e+04    3.5136229669e-09
1.9900000000e+04    3.5128017729e-09
1.9902000000e+04    3.5119807578e-09
1.9904000000e+04    3.5111599218e-09
1.9906000000e+04    3.5103392647e-09
1.9908000000e+04    3.5095187865e-09
1.9910000000e+04    3.5086984872e-09
1.9912000000e+04    3.5078783666e-09
1.9914000000e+04    3.5070584248e-09
1.9916000000e+04    3.5062386617e-09
1.9918000000e+04    3.5054190772e-09
1.9920000000e+04    3.5045996713e-09
1.9922000000e+04    3.5037804439e-09
1.9924000000e+04    3.5029613949e-09
1.9926000000e+04    3.5021425244e-09
1.9928000000e+04    3.5013238323e-09
1.9930000000e+04    3.5005053185e-09
1.9932000000e+04    3.4996869829e-09
1.9934000000e+04    3.4988688255e-09
1.9936000000e+04    3.4980508463e-09
1.9938000000e+04    3.4972330452e-09
1.9940000000e+04    3.4964154222e-09
1.9942000000e+04    3.4955979771e-09
1.9944000000e+04    3.4947807100e-09
1.9946000000e+04    3.4939636208e-09
1.9948000000e+04    3.4931467094e-09
1.9950000000e+04    3.4923299759e-09
1.9952000000e+04    3.4915134200e-09
1.9954000000e+04    3.4906970418e-09
1.9956000000e+04    3.4898808413e-09
1.9958000000e+04    3.4890648183e-09
1.9960000000e+04    3.4882489729e-09
1.9962000000e+04    3.4874333049e-09
1.9964000000e+04    3.4866178144e-09
1.9966000000e+04    3.4858025012e-09
1.9968000000e+04    3.4849873654e-09
1.9970000000e+04    3.4841724068e-09
1.9972000000e+04    3.4833576254e-09
1.9974000000e+04    3.4825430212e-09
1.9976000000e+04    3.4817285941e-09
1.9978000000e+04    3.4809143440e-09
1.9980000000e+04    3.4801002710e-09
1.9982000000e+04    3.4792863748e-09
1.9984000000e+04    3.4784726556e-09
1.9986000000e+04    3.4776591133e-09
1.9988000000e+04    3.4768457477e-09
1.9990000000e+04    3.4760325589e-09
1.9992000000e+04    3.4752195467e-09
1.9994000000e+04    3.4744067112e-09
1.9996000000e+04    3.4735940523e-09
1.9998000000e+04    3.4727815699e-09
2.0000000000e+04    3.4719692640e-09
