==================================================
# Nt=10549,		Lt=0.211,			dt=2e-05
# Nt_sub=8192,	Lt_sub=0.16384,	dt_sub=2e-05
# Nt data actually used=8192
# shift=50%,	window=HANN,	N of windows=1
# Nfreq=4097,	df=6.10352,	fs=50000
# freq(Hz), mag, phase

# f.yunus@tudelft.nl, 27/02/2024
==================================================
0   0.005149134574789379 -3.061616998252612e-17
6.103515624998131   0.005074272985789429 3.137355835761673
12.20703124999626   7.879368291421418e-05 0.6534167954958138
18.31054687499439   0.0001197774268725472 0.8103410730395085
24.41406249999253   0.0001941020778243885 0.9184559357301912
30.51757812499066   0.0003846373288404177 0.8389225200247015
36.62109374998879   0.0006671904573201939 0.8860349246220033
42.72460937498692   0.002081201202496911 0.9148161231598736
48.82812499998505   0.009042558485283736 0.9381395299849518
54.93164062498318   0.1519775478488661 -2.219656913946773
61.03515624998131   0.2376812196336367 0.9221704926035224
67.13867187497944   0.09045320942684375 -2.215045105321015
73.24218749997758   0.005755387637274663 -2.274735640211836
79.3457031249757   0.0005850472095303128 -2.172628944550421
85.44921874997384   0.00113345016291613 -2.714818649140592
91.55273437497196   0.0005022668421671186 -1.139541243163692
97.6562499999701   0.001041766834386283 2.025414568009524
103.7597656249682   0.0008820750831105388 -2.224426838043477
109.8632812499664   0.005632983998135469 2.290564608024361
115.9667968749645   0.03874782600656382 -0.800776567798644
122.0703124999626   0.04765813638369355 2.345706575547899
128.1738281249607   0.01321979710223652 -0.7820970957563153
134.2773437499589   0.001189862884446357 -1.198363121600182
140.380859374957   0.001612379563971233 -0.4571701517047145
146.4843749999552   0.0007845610774384968 -2.91232448997067
152.5878906249533   0.0007746939154182104 1.503059726804081
158.6914062499514   0.001018008657245013 -1.846749777736381
164.7949218749496   0.001106526420358684 0.8002337235278145
170.8984374999477   0.002320962572366555 -2.355649631970352
177.0019531249458   0.006575399343053316 0.5493946152571758
183.1054687499439   0.006149671507853677 -2.556442044367656
189.2089843749421   0.001455914271117323 1.332443408550803
195.3124999999402   0.001139146450331081 0.07291166639656459
201.4160156249383   0.001191225202838265 -2.207737166996713
207.5195312499364   0.0009634552161183127 1.017532808248492
213.6230468749346   0.001359199852617149 -2.840659037028484
219.7265624999327   0.00188321679212788 -0.4522973087496554
225.8300781249308   0.001280490591166754 1.992413276243628
231.933593749929   0.001196873957249239 -2.761029959747721
238.0371093749271   0.002098585812089721 0.4616394391379314
244.1406249999253   0.002145144288657721 -2.196692171779212
250.2441406249234   0.001928994240974066 1.210561467085877
256.3476562499215   0.001131789929188293 -2.029583345572088
262.4511718749196   0.001222092415711604 0.5963010093280321
268.5546874999177   0.002114446052806255 -2.448884464186309
274.6582031249159   0.001826873685392291 0.9206595833132702
280.7617187499141   0.001283542294566071 -2.411649857533209
286.8652343749122   0.001124353524604839 0.3058846267301106
292.9687499999103   0.0007049535547184564 1.26384799921191
299.0722656249084   0.002428641650666787 -2.451660855472809
305.1757812499065   0.002037646464003164 0.4696920508199008
311.2792968749047   0.0008043820675479406 2.776471203921076
317.3828124999028   0.0004186227968633864 -1.801985163902028
323.4863281249009   0.0007570867345904768 -0.3301569488214167
329.5898437498991   0.0008003947966587209 -2.285035457470562
335.6933593748972   0.001929176543515892 1.691453444135041
341.7968749998954   0.001149774988944461 -0.8030191315294951
347.9003906248935   0.0006092228413163927 -1.729020689272116
354.0039062498916   0.000601891274078142 2.749355447359929
360.1074218748897   0.0002687115952852923 -1.637022460121696
366.2109374998878   0.0006676567917513049 0.2988678910346053
372.314453124886   0.001184711845566808 2.167155006833788
378.4179687498842   0.001587242998342946 -1.661126739351422
384.5214843748823   0.001861249883539668 1.462749691257171
390.6249999998804   0.002436644366358136 -1.309446207939369
396.7285156248785   0.002252322102560268 2.194818274520412
402.8320312498766   0.001976831769972001 -0.4524882509956342
408.9355468748748   0.001972038243610899 2.715990790819688
415.0390624998729   0.001858432156047312 -0.2100264443573486
421.142578124871   0.001610989613870614 -2.754528011731476
427.2460937498692   0.0009738405370980406 0.4934495982347083
433.3496093748673   0.001216117035252021 2.265840013822977
439.4531249998655   0.0009936099914102075 -1.198324321990808
445.5566406248636   0.000899922051927493 -1.363319041231872
451.6601562498617   0.001343432962866511 1.475693786779505
457.7636718748598   0.0006757894055687922 -2.413811405106774
463.8671874998579   0.0008228904541754094 1.469258295104539
469.9707031248561   0.002037673217966938 -1.233509755567924
476.0742187498543   0.001685115733379813 1.920721643673982
482.1777343748524   0.0005716893563926367 -2.822104497635512
488.2812499998505   0.001020460257331049 -0.03867946891952059
494.3847656248486   0.0008209025247547547 -1.380085886244341
500.4882812498468   0.001130316534559104 1.913111993324951
506.5917968748449   0.0008975436200056672 -2.102300429417727
512.695312499843   0.0002114966644313171 -2.509347019955316
518.7988281248412   0.0008765346229520495 1.100727735056726
524.9023437498392   0.0003381506601014353 -0.7779737094428053
531.0058593748374   0.0004403688250010688 -2.981084320093637
537.1093749998355   0.0003460034682735094 -1.432080002996991
543.2128906248337   0.0005830297129177691 0.8148499233102052
549.3164062498317   0.0007310720407989885 -1.056564565349989
555.4199218748299   0.001391378075665833 1.962562639560498
561.5234374998281   0.001159823564953977 -1.566860478291899
567.6269531248262   0.0004586679066900956 0.7522799053382213
573.7304687498244   0.001157245785203628 2.438968145030615
579.8339843748224   0.001747983691013249 -1.060629435654306
585.9374999998206   0.001285473547509204 2.152123580892258
592.0410156248187   0.0002505907225207902 -0.8066244930671482
598.1445312498169   0.0006318969939528954 -0.7085717686493561
604.248046874815   0.0007921751788264694 1.768394052774419
610.3515624998131   0.0009413739419551774 -1.758272221446296
616.4550781248113   0.0007086454438534665 1.035157610313233
622.5585937498093   0.0004911483112986473 -2.598438874632564
628.6621093748075   0.0003861196025659714 0.9778397075327375
634.7656249998056   0.0004803406652806257 -2.395429919940961
640.8691406248038   0.0009050363434065343 1.236721693958112
646.9726562498018   0.001083015947939667 -1.947078616120746
653.0761718748   0.0005720347146104232 -0.03457675006543941
659.1796874997982   0.0007179710317063668 1.249331120486616
665.2832031247963   0.0006870890479812957 -2.453681239236339
671.3867187497945   5.190417197796499e-05 -1.344846059719188
677.4902343747925   0.0002884679616482439 2.459020205501182
683.5937499997907   0.0004546876817170505 -0.264991960036468
689.6972656247888   0.0005697557105661477 2.8019341420251
695.800781249787   0.001179948386977247 0.008540910042451094
701.9042968747851   0.0008825249311256538 -2.625663435230958
708.0078124997832   0.0005099245692938667 2.069255153001129
714.1113281247814   0.0006584089833147919 -1.262385163411452
720.2148437497794   0.0009144781604439212 1.718888446357819
726.3183593747776   0.0005067355411891891 -1.030581051097071
732.4218749997757   0.0002181735829753355 -2.268043362423795
738.5253906247739   0.0005700253996232669 0.7303767282730288
744.6289062497719   0.0007873377421748665 -2.470799525437542
750.7324218747701   0.0002120091143362628 0.1366826947180026
756.8359374997683   0.0006543239267342982 1.791818882028405
762.9394531247664   0.0003766795909044596 -1.67280387993287
769.0429687497646   0.0009699081668576856 -0.2436314365041329
775.1464843747626   0.001238788626932176 2.783775500764603
781.2499999997608   0.0006840549657816803 -0.3103528910085348
787.3535156247589   0.0002593978497043553 -2.560687229466587
793.4570312497571   0.000625505156565854 2.049195193142596
799.5605468747551   0.001177634642984828 -0.7089060705757043
805.6640624997533   0.00127029902507649 2.865720610325931
811.7675781247515   0.001056756356678697 0.09489984131210411
817.8710937497495   0.0006554765197193432 -2.980062714065206
823.9746093747477   0.000149046440603652 2.015203002596555
830.0781249997458   0.0009143946609786902 -0.850071494753896
836.181640624744   0.0009886358663219992 1.778726946046333
842.285156249742   0.0007991188620404481 -1.926425498203666
848.3886718747402   0.001008233670885162 1.505433099729188
854.4921874997384   0.001199410440930287 -1.170630030185874
860.5957031247365   0.0005947995006220927 2.222031720047984
866.6992187497347   0.0002781246428903006 3.062713126358177
872.8027343747327   0.0003575189396000034 -0.8685772784757282
878.9062499997309   0.0006873986394808437 1.842953465417929
885.009765624729   0.0008243132718218242 -1.017118287245058
891.1132812497272   0.000246986595376597 2.262468024882262
897.2167968747252   0.0002800692197526685 1.990965194679357
903.3203124997234   0.0002980834256790006 -1.077336686140631
909.4238281247216   0.0004340081007923014 2.792142155026722
915.5273437497196   0.0005834571559246259 -0.7163569974741029
921.6308593747178   0.0006687071606641894 1.259916634745789
927.7343749997159   0.0006450630528269875 -2.679040158822916
933.8378906247141   0.000332034816655403 -0.5000866020975868
939.9414062497121   0.0003128414566259566 -2.318896271888179
946.0449218747103   0.0006295782671541707 1.629676938616881
952.1484374997085   0.0009149592888591637 -0.2546789995883199
958.2519531247066   0.001367812840243714 -3.000054349599045
964.3554687497048   0.001069361887715877 0.4237901883260028
970.4589843747028   0.0006589904657087229 -2.29138382043006
976.562499999701   0.000423095222726961 0.821324300932901
982.6660156246991   0.0003244440369026791 -0.9327777181867785
988.7695312496973   0.0007856826648663908 2.837082921301842
994.8730468746953   0.0003746219856291311 0.08362697568968185
1000.976562499694   0.0003201993898169806 -0.8103365569872198
1007.080078124692   0.0004435035428658589 2.956750520180552
1013.18359374969   0.0001838612420249177 0.04008194946615904
1019.287109374688   0.000466732278922515 -0.5837727552672949
1025.390624999686   0.0005436671442965885 1.933090528440278
1031.494140624684   0.0004371411320672987 -2.206128583227246
1037.597656249682   0.0001370363328359779 0.6538042357252752
1043.70117187468   0.0001627565271754331 2.460686272382583
1049.804687499678   0.0001214497481009766 -1.142265821048822
1055.908203124677   0.0003165841768842295 0.906965768882352
1062.011718749675   0.0004340886298568566 -1.087551051241219
1068.115234374673   0.0005478475816765234 2.461910095513397
1074.218749999671   0.0001092191123503068 -1.741222212697944
1080.322265624669   0.0003458652539446257 -0.9896125438666988
1086.425781249667   0.0008816255267709622 1.744910927224346
1092.529296874666   0.001241813225581487 -1.358796770262025
1098.632812499663   0.0007840638274316003 1.690528703318131
1104.736328124662   0.0002417159659058243 -1.905287975920037
1110.83984374966   0.0002272030159341091 1.613061903817364
1116.943359374658   0.0003523318101585305 -1.508848881707494
1123.046874999656   4.953021356206396e-05 -2.368311296757537
1129.150390624654   0.0002845934774586838 1.787109905532613
1135.253906249652   0.000321197891357798 0.775413064497096
1141.357421874651   0.0007556440449017137 -1.592114741441412
1147.460937499649   0.0007239048101216494 1.805460896462571
1153.564453124647   0.0003126920122136035 -1.948324519697568
1159.667968749645   0.0002269839244562416 0.248307265650326
1165.771484374643   1.197371877318276e-05 -0.5998351846215397
1171.874999999641   0.0002751474862790894 -2.94827463478047
1177.978515624639   0.0001512750732772109 -0.1041206158640719
1184.082031249637   0.0005635838167374469 0.1120453477613638
1190.185546874636   0.0007614879957023692 3.072990407733061
1196.289062499634   0.0003243466578179678 -0.125058581493357
1202.392578124632   0.0001868178792647809 2.363957447641382
1208.49609374963   0.000414568624119379 -1.529275741607414
1214.599609374628   0.0004457319563041895 0.8501241344064528
1220.703124999626   9.082552010731106e-05 -0.7641219612161582
1226.806640624624   0.000541550141313116 -3.112553826216377
1232.910156249623   0.0001258798612325897 -0.6219783590395661
1239.013671874621   0.0001915384624150653 0.8531657854350544
1245.117187499619   0.0002872902728031915 3.023824758997258
1251.220703124617   0.0006233678053775711 -0.2605541400463114
1257.324218749615   0.000530796350830663 2.848876415624217
1263.427734374613   0.0006011095958948476 -0.6272813487013237
1269.531249999611   0.0009515108166835858 2.362278917892604
1275.634765624609   0.0009120682321112374 -0.8482363063029328
1281.738281249608   0.0002979249511716169 2.573780526590498
1287.841796874606   0.0003440299025743621 0.56478171592536
1293.945312499604   0.0004750651784867951 -2.74560647604938
1300.048828124602   0.0001215142687325463 2.382113297191124
1306.1523437496   0.000828549506301126 0.1303979621841012
1312.255859374598   0.000921473831087378 3.123632715038024
1318.359374999596   0.0005470991534992525 0.3799537247767989
1324.462890624594   0.0006078634879237933 -1.883051108300883
1330.566406249593   0.0003371324168449567 1.657108760789573
1336.669921874591   0.0001108299724289457 -1.081827007399343
1342.773437499589   0.0001767408745983256 -0.4562134236238422
1348.876953124587   5.431511977655291e-05 -2.64659695672034
1354.980468749585   0.0004709035601101306 2.006287524809556
1361.083984374583   0.0004050246547760067 -1.756487341741932
1367.187499999581   0.0004863307325274678 0.820750621171507
1373.29101562458   0.0005992807972075921 -1.493200856402314
1379.394531249578   0.0005913706923570107 2.342894512083922
1385.498046874576   0.0003383781226858099 -0.332828086133151
1391.601562499574   0.0001405733867659984 0.3244830162464403
1397.705078124572   0.0005621932276353867 2.943976299267065
1403.80859374957   0.0007021256376021825 -0.3258147504508311
1409.912109374568   0.0006254852508577039 2.584843579756963
1416.015624999566   0.000400272796075092 -1.827041912351366
1422.119140624565   0.0005082221980726394 0.8535228501448139
1428.222656249563   0.0005539870277771215 -1.491429376711036
1434.326171874561   0.0005355184260997458 1.661398454004041
1440.429687499559   0.0001909612328687724 -2.2366964527935
1446.533203124557   0.0002101465098195614 0.2138681628949299
1452.636718749555   9.980347424719176e-05 -1.494512073119387
1458.740234374553   0.0002028600793319106 -3.047262154989556
1464.843749999551   0.0004001181305998755 1.294135782147844
1470.94726562455   0.0007156218041376686 -1.439893355586008
1477.050781249548   0.0006937584737426564 2.157931936435553
1483.154296874546   0.0005856271500898879 -0.7808445857489014
1489.257812499544   0.0004835678841353158 2.841205833507179
1495.361328124542   0.0006482549738962681 0.1707973938896813
1501.46484374954   0.0006648373495948215 -2.704770538299128
1507.568359374538   0.0007810303214901203 0.5145826331493948
1513.671874999537   0.0007105592879035792 -2.89124420469087
1519.775390624535   0.0002518110735766767 0.02409264111266107
1525.878906249533   0.0002463807140160723 -2.839902110419878
1531.982421874531   0.0006448416564251928 0.04167227885543508
1538.085937499529   0.0006956865831166619 3.12489155763918
1544.189453124527   0.0005664276944344857 0.7093594486067004
1550.292968749525   0.0004323825967816207 -1.883605587746541
1556.396484374523   0.0002259304741040072 -1.887674241802407
1562.499999999522   0.0004843500170548285 1.070447610630656
1568.60351562452   0.0003912412170386894 2.677089950807531
1574.707031249518   0.000755365135550535 -0.741724529357488
1580.810546874516   0.0007397891216788355 2.561200917237296
1586.914062499514   0.0004455411905954046 -0.8819646385773878
1593.017578124512   0.0001636699974361011 1.043275897542587
1599.12109374951   0.0001802145199165933 -2.731322008628049
1605.224609374508   0.0001879537908818276 -2.467534717620506
1611.328124999507   0.0005112570427003498 0.8046819398328908
1617.431640624505   0.0001021782548965831 -2.010306987599015
1623.535156249503   0.0002218260309648787 -2.614047002680384
1629.638671874501   0.0001056955651096196 1.235825738440791
1635.742187499499   0.0001844607737648694 -0.8448296729789374
1641.845703124497   0.0003036674689994858 -3.126354115371031
1647.949218749495   0.0003820443539261798 -0.409008950826533
1654.052734374494   0.0004974792156258314 1.773679862602179
1660.156249999492   0.0002411379578761911 -1.856983551856188
1666.25976562449   0.0002335562552239703 -2.937874325734965
1672.363281249488   0.0007362862832712557 -0.3547821296016418
1678.466796874486   0.0007345146049539911 2.430103280818071
1684.570312499484   0.0004493891044229473 -0.7270213390188457
1690.673828124482   0.0005035266364552976 2.543556761142937
1696.77734374948   0.0004934489186139313 -0.2972514770088543
1702.880859374479   0.0006150219668983779 -2.98025859975936
1708.984374999477   0.0003825117020370821 0.1573337187730429
1715.087890624475   0.0002682499414824186 -1.216039728768144
1721.191406249473   0.0004364567786109638 1.578117116714531
1727.294921874471   0.0002991865555722835 -1.88633316332811
1733.398437499469   0.0001237262227089038 1.701197813598267
1739.501953124467   4.435497065685387e-05 1.063218984065371
1745.605468749465   0.0002423839954664887 -1.747798442811382
1751.708984374464   0.0004171591547441446 1.613328633276923
1757.812499999462   0.0004379198824356638 -1.865242366873712
1763.91601562446   0.0002843823193027392 0.637291088278622
1770.019531249458   0.0002009660565707493 0.340734818239647
1776.123046874456   0.0003963109662950539 -3.094895299053692
1782.226562499454   0.0002152456757355386 -0.2879084487356188
1788.330078124452   0.0001245592735385317 2.81477192249799
1794.43359374945   0.0002693991137553325 -1.682883463340057
1800.537109374449   0.000373135913788141 0.8530540435891395
1806.640624999447   0.0003787456425351692 2.914090011915159
1812.744140624445   0.0003963497667418886 -0.7008195306353601
1818.847656249443   0.0003057424921586153 2.305734314296336
1824.951171874441   0.0003423735244264245 -1.052307824354354
1831.054687499439   0.000455221005942205 1.337260696807177
1837.158203124437   0.0006437460534839209 -2.482978870263266
1843.261718749436   0.0006645700249048398 0.2911875850014187
1849.365234374434   0.000291154944986943 -2.634727415898797
1855.468749999432   0.0002671833477695449 2.232754497283497
1861.57226562443   0.0003962124223634041 -0.9781513643732839
1867.675781249428   0.0004263348955279088 1.430376851026903
1873.779296874426   0.0005867439596053605 -2.800097795594652
1879.882812499424   0.0006513271916740104 0.2476497730469028
1885.986328124422   0.0001638655965354585 3.110888829591112
1892.089843749421   0.0003586893713542402 -2.275125584861731
1898.193359374419   0.0001361041849739066 -0.01381806087318925
1904.296874999417   0.0003072878123922996 -0.07029907883426827
1910.400390624415   0.0004093585005657624 2.936702916649419
1916.503906249413   0.0002077839814038352 2.526294129869019
1922.607421874411   0.0003852800546787617 -0.1606241363042201
1928.71093749941   0.0001488303469755576 1.916686326493487
1934.814453124407   0.0004878267391716651 -1.436021296473822
1940.917968749406   0.0006809757994854206 2.01086967970196
1947.021484374404   0.0006635321191879003 -0.9725924095214956
1953.124999999402   0.0002807446777648999 2.091639889886967
1959.2285156244   0.0002672400662558473 1.841946266771536
1965.332031249398   0.0003552768249814856 -1.368126548093892
1971.435546874396   0.0003441426028929639 2.578900082271426
1977.539062499395   0.000514728018229465 -0.6066869558429614
1983.642578124393   0.000491693879103978 1.528912632011709
1989.746093749391   0.0005994708149833542 -2.648480630591967
1995.849609374389   0.0004928255442250266 -0.06305870127216569
2001.953124999387   0.0001355387498380421 3.077634300573792
2008.056640624385   0.0001058891964987771 -1.628910414606357
2014.160156249383   0.0003536560680724058 1.576045733373501
2020.263671874381   0.0003903290019504479 -1.457887982175299
2026.367187499379   0.0004200182101623729 2.425275536865621
2032.470703124378   0.0004593547347607518 -0.171791783007139
2038.574218749376   0.0005811073528911411 -2.312296540264514
2044.677734374374   0.0005995449177856925 1.261827308814614
2050.781249999372   4.590072303775101e-05 1.143474752687594
2056.88476562437   0.0003015537473288895 -0.9821048979473813
2062.988281249368   0.0004194178625606016 2.815058540891325
2069.091796874367   0.0004268140170161438 -0.9555695916521515
2075.195312499365   0.0004944880293148875 1.108403408644957
2081.298828124363   0.0003768984031613861 -2.523268086694092
2087.402343749361   0.0001009584658368162 -0.6072666837726221
2093.505859374359   0.000355280322234895 3.024456075803912
2099.609374999357   0.0005432411153620217 -0.03347203455030024
2105.712890624355   0.0002928354655625347 2.285527425656964
2111.816406249353   0.0003177196502888328 -1.559614588946245
2117.919921874352   0.0001908643865783229 1.957155878966371
2124.02343749935   0.0002035584132514055 1.673685915269871
2130.126953124348   0.0004068432286531411 -1.458976127789421
2136.230468749346   0.000466205518172965 1.278094323589392
2142.333984374344   0.00043242016218481 -2.012120079309403
2148.437499999342   0.0004406449053620652 0.7574980966490549
2154.54101562434   0.000524688489778502 -2.769495936135962
2160.644531249338   0.0002525688594754198 -0.1158329046881658
2166.748046874337   0.0002979740157710711 -2.222827504475033
2172.851562499335   0.0007361925119382504 0.8059279793113808
2178.955078124333   0.0005858138416558373 -2.859426252797729
2185.058593749331   0.0003878562410809042 -0.2958828349018341
2191.162109374329   6.68178192074288e-05 -2.420718039153632
2197.265624999327   0.0001684694944705964 -3.082767308988345
2203.369140624325   0.0001206006520998136 1.554295288992051
2209.472656249323   0.0003226687861143606 -0.8505214453743248
2215.576171874322   0.0003727866505927875 2.382320580405306
2221.67968749932   8.527136322951449e-05 -0.4098737060086393
2227.783203124318   5.44919860395089e-05 1.449433309734749
2233.886718749316   0.000273555956904837 -0.8138272957024629
2239.990234374314   0.0005770272650889779 2.118487438610056
2246.093749999312   0.0007797959792706846 -1.257422168018401
2252.197265624311   0.0006069649596724234 1.607748035624946
2258.300781249308   0.0004630166435194157 -1.931033004046227
2264.404296874307   0.000471651916767543 0.6415267609766937
2270.507812499305   0.0006264293261767248 3.092817764369573
2276.611328124303   0.000339994561365335 -0.3204505768342712
2282.714843749301   0.000143085162537674 -0.428649689204741
2288.818359374299   0.0001733974774827309 -0.9273542401529428
2294.921874999297   0.0007309543160721776 2.379323599668012
2301.025390624296   0.0006783165959959006 -1.081135805874188
2307.128906249294   0.000611129163548154 1.151719105507533
2313.232421874292   0.00046847912466112 -2.384567037589965
2319.33593749929   2.466867834501999e-05 1.076102257512805
2325.439453124288   0.0001195070241543038 0.2621543242822685
2331.542968749286   0.0001329618424254268 -0.6447289786745617
2337.646484374284   0.000380827114467768 2.356914446665691
2343.749999999282   0.0003332017869857164 -0.859694569666871
2349.853515624281   0.0002134337641555063 2.451316109613847
2355.957031249279   0.0003386482059571466 -0.4427871341523637
2362.060546874277   0.0005283207342402914 -2.96946592970285
2368.164062499275   0.000392839967852415 1.072535032478731
2374.267578124273   0.0003079010307018035 -0.9593559746445866
2380.371093749271   0.0001027381055334314 2.211051626502333
2386.474609374269   5.422904581081781e-05 -0.09599564236350185
2392.578124999267   9.338149803704152e-05 0.8434389047093771
2398.681640624266   0.0005347964513260657 -2.793913785967942
2404.785156249264   0.0007217440339033203 -0.1235179572055637
2410.888671874262   0.0004344075207284537 2.635000350133102
2416.99218749926   0.0001561903165764204 0.8985958634708788
2423.095703124258   6.948692109977823e-05 -2.282344327655007
2429.199218749256   0.0002694290367025718 -2.377182067076809
2435.302734374254   0.0003360617218264387 0.5575358531839325
2441.406249999252   0.0001898437767804693 -2.716748315034048
2447.509765624251   0.0002720813351894148 -0.3935558962410996
2453.613281249249   0.000382319796564911 2.934670534238544
2459.716796874247   0.0004155951332727969 0.5839791566732926
2465.820312499245   0.000236269713166352 -2.564647514001436
2471.923828124243   0.0003928042950958412 -1.555524758902447
2478.027343749241   0.0004076005096278538 1.325364106660202
2484.130859374239   0.0001807660085405407 2.421853095322938
2490.234374999237   0.0003896026524952143 -1.100428493058818
2496.337890624236   0.0003057082831175378 2.460706637849252
2502.441406249234   0.0002314440607414127 -0.3186115960929229
2508.544921874232   0.0003572251265142689 2.328902992384622
2514.64843749923   0.0004813402272801626 -0.6345928870538813
2520.751953124228   0.0003802130979310113 -3.119922634497025
2526.855468749226   0.0002398053842277419 -0.6989064496354864
2532.958984374224   0.0003328664043939829 2.096707840279026
2539.062499999222   0.0003042517023537961 0.3685511429774918
2545.166015624221   0.0003656509230219893 -1.999775493448687
2551.269531249219   0.0003797832625628683 1.599545153821422
2557.373046874217   0.0004950869381184492 -1.421865885598803
2563.476562499215   0.0004881712667952025 2.33894985628467
2569.580078124213   0.0004368129898133294 -0.7006330210508925
2575.683593749211   0.0003624137337409084 1.004248934100858
2581.78710937421   0.0003408873661665353 2.999165829848127
2587.890624999207   0.0004031967094908875 -0.9628389252629388
2593.994140624206   0.0004981202811805669 2.437034643543477
2600.097656249204   0.00038274373618374 -0.1429560996714592
2606.201171874202   0.0003491264430800443 -2.030075480308653
2612.3046874992   0.0001646822525649829 1.097619699280155
2618.408203124198   0.0001270028990387687 2.733256535062182
2624.511718749196   0.0001258311249106696 0.672768873402248
2630.615234374195   0.0001298371785018867 1.36036676616184
2636.718749999193   0.0004555145357531275 -2.130364113332109
2642.822265624191   0.000597316953699315 1.209097160944696
2648.925781249189   0.0006353907616801623 -1.501550247637233
2655.029296874187   0.0005616283052105837 1.899603146926974
2661.132812499185   0.0004642943267689704 -1.282383822747425
2667.236328124183   9.980238121136924e-05 1.247689245562052
2673.339843749181   0.0002775905915851374 2.060169561757924
2679.44335937418   0.0001237583609542351 -1.600389181116077
2685.546874999178   0.000314394019145162 -0.7897549739713071
2691.650390624176   0.0004597718466484924 2.04643006347102
2697.753906249174   0.0002717869363614808 -1.416475065367251
2703.857421874172   0.0002161552713754262 -0.598170872969724
2709.96093749917   0.0003768588814759908 2.232322691027933
2716.064453124168   0.0001956527313098879 0.1397884979666833
2722.167968749166   0.0002990651222080017 -2.593241725602621
2728.271484374165   0.0001656259666016937 -0.6489483446922887
2734.374999999163   0.000137735666065557 2.543161077970755
2740.478515624161   0.0002265419220091528 1.518258935909319
2746.582031249159   0.0003906206851299338 -0.9919819626052991
2752.685546874157   0.0002967331715970178 2.558560118139227
2758.789062499155   0.0003382432760139532 -0.2441225508821303
2764.892578124153   0.0001198115180880261 2.141546929762229
2770.996093749151   0.0003458091520466281 -2.985878231137747
2777.09960937415   0.0002581809154017437 -0.6559903568674934
2783.203124999148   0.0004261136000654726 1.3823318990718
2789.306640624146   0.0004579119889465266 -1.767604396171805
2795.410156249144   0.0002568739606109026 1.486835590806417
2801.513671874142   0.0001204377278484777 2.910881822903713
2807.617187499141   0.0002473586070583556 -1.229337265107517
2813.720703124138   0.0003510630294455771 0.3726072498197719
2819.824218749136   0.0005518519610359411 2.911068101723583
2825.927734374135   0.0004669449469239601 -0.4206403390612248
2832.031249999133   0.0002758533815120587 2.797474081108473
2838.134765624131   0.0001347515498802243 -0.1857569061990806
2844.238281249129   0.0002547922668112291 2.99753409989917
2850.341796874127   0.0003093619177689795 -0.4333224461052181
2856.445312499126   0.0001229268034650704 0.8867017032096401
2862.548828124124   0.0005278914246845498 3.02896550737825
2868.652343749121   0.0005983178037884002 -0.1506225577803352
2874.75585937412   0.0003063685128623194 2.541561310012995
2880.859374999118   0.0002719227419526514 -1.362541199759612
2886.962890624116   0.0001671284656994127 0.8927064114303163
2893.066406249114   0.0003217316746074634 3.123421262117147
2899.169921874112   0.0003631047983871056 0.606325960872395
2905.273437499111   0.0005446336887744469 -1.898811062844081
2911.376953124109   0.000430633499257992 1.582059529094814
2917.480468749107   0.0001635553852653335 -1.593944488218512
2923.583984374105   9.006815553866462e-05 1.280879253590046
2929.687499999103   0.0001738022932048303 0.1450242082910363
2935.791015624101   0.0001117195543638159 -2.195250293708269
2941.894531249099   0.0002739167417715703 -2.570767340091217
2947.998046874097   0.0001559695869423234 0.7809616419014015
2954.101562499096   0.0004421554864671116 1.221013131803999
2960.205078124094   0.0005737274156715868 -1.712812340981043
2966.308593749092   0.0003540384470812766 1.517632150292177
2972.41210937409   0.0002959456106421808 -1.821805725135108
2978.515624999088   0.000165973546164588 1.643232163471257
2984.619140624086   0.0003969304569183488 0.04102375414719277
2990.722656249084   0.0006385775859704111 3.101577211896097
2996.826171874082   0.0003668397285017085 -0.03637501428706508
3002.929687499081   0.0001645065133211651 -1.093546676381105
3009.033203124079   0.0004986093018917053 2.924776646351212
3015.136718749077   0.0005900366566208847 -0.487408739994473
3021.240234374075   0.0004416752927274621 1.836362280487749
3027.343749999073   0.0002081703566465203 -1.476091861805402
3033.447265624071   0.0002943745758832723 2.298264214626639
3039.550781249069   0.0001842959832103898 -1.810387229546882
3045.654296874067   0.0002112064999727338 -0.8260321463684795
3051.757812499065   0.0004516350776704208 1.033139918508038
3057.861328124064   0.0003716767172701429 -2.260823966830246
3063.964843749062   0.0002928058982560119 -2.42628652367415
3070.06835937406   0.0005506490940329054 0.492286386764102
3076.171874999058   0.0004404789239257135 2.720083605106868
3082.275390624056   0.0005328214085036771 -0.7819986813049457
3088.378906249054   0.0004866333881582475 2.086932144723436
3094.482421874052   0.0002948486569234064 -1.814809492701812
3100.58593749905   0.0001704591568458611 -1.041081886777973
3106.689453124049   0.0001808101172633753 1.899304657046119
3112.792968749047   0.0002233124403005553 2.175950903569115
3118.896484374045   0.0004777634599741065 -0.2956809761247584
3124.999999999043   0.0005094317442359809 -2.655753396960411
3131.103515624041   0.0003410961386021089 1.364192925015927
3137.20703124904   0.000298039678939892 -0.04687541489491947
3143.310546874037   0.0003231235032006946 -2.532039432755882
3149.414062499035   0.0003599711782616662 0.7122647907669382
3155.517578124034   0.000430745021666612 -2.71845723083587
3161.621093749032   0.0003585131159022451 -0.1851188214420406
3167.72460937403   0.0003589207136146582 2.310691605100634
3173.828124999028   0.0003133554946669229 -1.065108070732795
3179.931640624026   0.0002339481671315631 -2.066431323498973
3186.035156249025   0.0004649981312624829 1.242056550704475
3192.138671874023   0.00033010442744928 2.749370227980007
3198.24218749902   0.0006258753972949052 -0.9672305867242138
3204.345703124019   0.0003148629732035005 2.480236101263211
3210.449218749017   0.0001790149833078886 0.5179178795223153
3216.552734374015   9.877486457781456e-05 0.2529485503407023
3222.656249999013   0.0002618203560001067 -2.870153317475403
3228.759765624011   0.0001469821600185319 0.7427938338500606
3234.86328124901   0.0001169757291194747 -2.000489391371653
3240.966796874008   0.0001691266704051156 1.254602488248402
3247.070312499006   0.0001555768751369184 -2.351730109385209
3253.173828124004   0.0001433554843582301 -0.7603549107223929
3259.277343749002   0.0001637536522815664 -0.9484295939524472
3265.380859374   0.0002865054359263646 1.651577086682867
3271.484374998998   0.0003016320709141576 -2.166232722430273
3277.587890623996   0.0003548795850920732 1.561750151065391
3283.691406248995   0.0003019208979896935 -1.202927273981451
3289.794921873993   0.0002602919436251984 1.513943398443233
3295.898437498991   0.0002726566204125822 -2.377754997104568
3302.001953123989   0.0002476085223823826 0.4941191161176521
3308.105468748987   0.0003079243061503903 -1.775739438989949
3314.208984373985   0.0003366080538083645 0.9010658802582722
3320.312499998983   0.0004150860889148861 -3.095686413961203
3326.416015623981   0.0003671157262485441 -0.5450294563497959
3332.51953124898   0.0002179859959594097 2.2447512258036
3338.623046873978   0.0002720354283263493 1.859985393788687
3344.726562498976   0.0004297162970420747 -1.277478181023661
3350.830078123974   4.534834468256763e-05 0.9107731710547471
3356.933593748972   0.0002626515142689712 3.077181587307459
3363.03710937397   0.0004184300935387908 0.4722867842832639
3369.140624998968   7.899293133594122e-05 2.187851096052153
3375.244140623966   0.0003037048088468267 -1.423313223006744
3381.347656248965   0.0005209213792499073 2.938401757326801
3387.451171873963   0.0004026286740735771 -0.1782810428509
3393.554687498961   0.0002740049184980914 1.27153772873665
3399.658203123959   0.0002283494449234026 -1.946887604627538
3405.761718748957   0.0001973567070048955 2.452897594633056
3411.865234373955   0.0002921130721377361 -0.6062023609108923
3417.968749998954   0.0003345476535055908 2.522305418401555
3424.072265623951   0.0004906808396205471 -0.6692127956901101
3430.17578124895   0.000483376017033585 2.655737471009863
3436.279296873948   0.0003677918266024302 0.4645930878000533
3442.382812498946   0.0005102529314755589 -2.279220899368063
3448.486328123944   0.0002670935021772023 0.6933897109751753
3454.589843748942   0.0001159455952047028 -0.04222958414937256
3460.69335937394   0.0002802725054631574 -2.783765087811616
3466.796874998939   0.0002599151709121981 0.7765694643251994
3472.900390623937   0.0001148777614193835 -0.6994499421424697
3479.003906248935   0.0002269488576989332 2.794855100164624
3485.107421873933   0.0001641131990551022 -1.403906910804329
3491.210937498931   0.0003637018743954073 1.77571043065797
3497.314453123929   0.0005494160621690699 -1.190562259625498
3503.417968748927   0.0005598465520864912 1.552120625206484
3509.521484373925   0.0005774614998031044 -2.196127784846193
3515.624999998924   0.000494172768046604 0.5288893605367533
3521.728515623922   0.0003253214330217559 -2.216452246420848
3527.83203124892   0.0004574385404511073 1.868665345358686
3533.935546873918   0.0003341078516569513 -0.7997828190590509
3540.039062498916   0.0002645173884809027 -1.740976683601522
3546.142578123914   0.0003782088023459875 1.54137207298392
3552.246093748912   0.0002892626589956654 -1.568381731611235
3558.34960937391   0.0002663526959056004 2.173822578889016
3564.453124998909   0.0001572687964842228 -1.317589463906078
3570.556640623907   0.0002638394983630591 1.242682896614775
3576.660156248905   0.0001690425173018842 -1.383550837929743
3582.763671873903   0.0003014614777340021 -2.55815218943121
3588.867187498901   0.0003749543054689601 0.5862038801860548
3594.970703123899   0.0002174607805056338 -2.613791839030355
3601.074218748897   0.0003618065017546698 0.5186254139385352
3607.177734373895   0.0003398955913820985 -2.309434081777828
3613.281249998894   0.0005025807500356627 2.130690452828572
3619.384765623892   0.0007172387251453109 -0.8147385162576668
3625.48828124889   0.0004052119473128677 2.332607729849625
3631.591796873888   0.0002390669163368395 -2.315157162141503
3637.695312498886   0.0003840444092039098 0.9184346561901444
3643.798828123884   0.0002731796940343183 -1.501842656880676
3649.902343748882   0.0002188703699594082 2.555832393802593
3656.00585937388   0.0002120097549024663 -0.4957654482039426
3662.109374998879   8.833633067030837e-05 2.825300209646243
3668.212890623877   0.0002552313576954031 1.440047804295663
3674.316406248875   0.0002546204874792321 -1.360342157286564
3680.419921873873   0.0001074090622673225 -0.5694923720474202
3686.523437498871   0.0002442126916973386 -2.9997024926577
3692.626953123869   0.0004013836584368447 1.05151079933355
3698.730468748867   0.0005726462917923914 -2.144317811045043
3704.833984373865   0.0004150015963307323 1.069625673869292
3710.937499998864   0.0001559321902826717 -0.4172724274353695
3717.041015623862   0.0002272698773188576 3.093731278333796
3723.14453124886   0.0003042951504716995 -0.4916717768505122
3729.248046873858   0.0004256784676714412 2.678623518585282
3735.351562498856   0.0003915540809142166 -0.1501979130749441
3741.455078123854   0.0003945880028561821 -2.56763979189134
3747.558593748853   0.0003658880641841872 0.7020661783356571
3753.662109373851   0.0003213744940453062 -2.367837979527482
3759.765624998849   0.0003711023501637307 1.563822996817231
3765.869140623847   0.0004308975321328866 -1.027897048717304
3771.972656248845   0.0003626906373904447 1.685925420686351
3778.076171873843   0.0005665662987004953 -1.985103692314373
3784.179687498841   0.0005027189238780269 1.366493044691007
3790.283203123839   0.0002679775169574186 -1.051675605663653
3796.386718748838   0.0002232111933126877 1.671671910718393
3802.490234373836   0.0003931552174575146 -2.457469815446485
3808.593749998834   0.0004335801898443338 0.2675557454367312
3814.697265623832   0.0003894891642671151 -2.694128547967934
3820.80078124883   0.0002777298411379037 0.8005838454055829
3826.904296873828   0.0002064212697967237 0.4105281296760443
3833.007812498826   0.0002960880803394471 -2.903315151921615
3839.111328123824   0.0004038128167103426 -1.430959299984194
3845.214843748823   0.0004731969259978463 1.438938576175394
3851.318359373821   9.514374307297795e-05 -2.887391568582154
3857.421874998819   0.000356137877438067 -1.460616899369072
3863.525390623817   0.0004445516217083287 1.48563255806393
3869.628906248815   0.0003810167313523473 -2.102831968263632
3875.732421873813   0.0004723303431420906 0.4894075234861619
3881.835937498811   0.0004180680269267191 -2.673408967332183
3887.939453123809   0.0002285631278850867 0.3235137037267319
3894.042968748808   0.0002051263649135566 -2.535246675261638
3900.146484373806   0.0004489615209813065 1.398263209098748
3906.249999998804   0.0004787083861181605 -1.338632073354441
3912.353515623802   0.00029754493801062 2.457330858856366
3918.4570312488   0.0001506415177353679 -1.454436784474129
3924.560546873798   0.0001735485535999682 0.77521522203092
3930.664062498796   8.116865832308544e-05 3.053539420221581
3936.767578123794   0.000105629614829092 0.04040258989203672
3942.871093748793   0.0001401685507905728 0.8055189472300129
3948.974609373791   0.000377824739379887 -2.462236665553126
3955.078124998789   0.0001555796163885658 -0.5737670470493121
3961.181640623787   0.0004644000801551814 1.803748154678037
3967.285156248785   0.000504834367894759 -0.7458811409855833
3973.388671873784   0.000324147887071858 3.088502025135238
3979.492187498781   0.00033051615343235 0.8587378669722328
3985.595703123779   0.000419919598492981 -2.535862746492624
3991.699218748778   0.0002105940729099276 0.9309799669906621
3997.802734373776   0.0002556362636813803 -0.8241564965239325
4003.906249998774   6.368788840296392e-05 0.6238711094369435
4010.009765623772   0.0003897680205953281 2.624902740409606
4016.11328124877   0.0003228322245308739 -1.024679340353362
4022.216796873769   0.000325456570636594 1.173931042189467
4028.320312498767   0.0004693470524742412 -2.073307478711872
4034.423828123764   0.0002173149275007415 0.8437961915943757
4040.527343748763   0.000261788208438569 1.610769557073098
4046.630859373761   0.0002764554025150892 -1.421858359464682
4052.734374998759   0.0001084161219606305 2.302933955107578
4058.837890623757   0.0001827583353973028 0.382014867421842
4064.941406248755   0.0003702559381273082 2.956058522967364
4071.044921873754   0.0002042307379397951 -0.7504810432652789
4077.148437498752   0.0002168919444401913 0.2332312147779038
4083.25195312375   0.0001365452561950235 -2.265706084479753
4089.355468748748   4.996648797080859e-05 -2.761668529923827
4095.458984373746   7.706302678429627e-05 1.037391147640913
4101.562499998744   0.0002721252019658228 3.014791201451044
4107.666015623742   0.000277816003606324 0.2428596874607346
4113.76953124874   9.820684048047202e-05 -1.397881883869066
4119.873046873739   3.572494352851889e-05 -1.825175585524577
4125.976562498737   0.0002654629517957821 2.45070069174951
4132.080078123735   0.0005313767228696401 -0.9926511098682866
4138.183593748733   0.0005983182300763441 1.954609557497251
4144.287109373731   0.0003736962029675137 -0.8202639068653654
4150.390624998729   0.0005072984468428989 2.754784723408845
4156.494140623728   0.0004627151258119115 -0.6264219311159047
4162.597656248726   0.0001804202563457634 1.043640847363174
4168.701171873724   0.0002406564838520399 -2.462093520100448
4174.804687498721   0.000138721521203403 2.046740564199911
4180.908203123719   0.0001440691554661633 1.994890970027653
4187.011718748718   0.0004002144148584564 -0.8106228850092538
4193.115234373716   0.0004111743761609744 2.743235203695583
4199.218749998714   0.000471387301145834 0.6356912270999344
4205.322265623712   0.0002703963577554768 -2.010042244263518
4211.42578124871   0.0004240520434844368 -1.577616010752892
4217.529296873709   0.0005340518651711069 1.540682205415721
4223.632812498707   0.0001231053393392432 2.928504436235293
4229.736328123705   0.000462403804049414 -0.9093542173378274
4235.839843748703   0.0003532557379449813 2.707211720744001
4241.943359373701   2.939696946757591e-05 0.3487738534719214
4248.046874998699   0.0002596234991191492 0.4375509463968133
4254.150390623698   0.0003988509348661385 -2.953383509339958
4260.253906248696   0.0003888350318098215 -0.2318705233665006
4266.357421873694   0.0001955475778448082 1.804021441584416
4272.460937498692   0.000259896929497823 -1.540702660430019
4278.56445312369   0.0004034540194451656 2.065799361675653
4284.667968748688   0.0001516835523277619 -2.35758917217111
4290.771484373686   0.0003651661462299714 -0.2957401217915496
4296.874999998684   0.0002931571961910716 -2.026850952124616
4302.978515623682   0.0002552348986866162 1.120704563833306
4309.08203124868   0.0002537100520007581 2.425429416561337
4315.185546873679   8.492534739920442e-05 -0.1523212683481451
4321.289062498677   5.744765981923155e-05 -0.2106931403267363
4327.392578123675   0.0004557752191207057 -2.029773122614017
4333.496093748673   0.0004062542396644037 1.240394310629768
4339.599609373671   5.878664374273139e-05 -1.707531407852439
4345.703124998669   0.0001609659195211982 2.241215999731748
4351.806640623668   0.0002952644356792102 -0.33152252260716
4357.910156248666   0.0003028464927067903 -2.576411404473552
4364.013671873664   0.0003308381285192682 0.294634646326049
4370.117187498662   0.0002487925067008426 -2.887769188653425
4376.22070312366   0.000351512668946099 1.956436339574187
4382.324218748658   0.000251133374817917 -1.243536242375949
4388.427734373657   0.0001409025539717975 -1.130150750518162
4394.531249998654   0.0001689652580845183 1.7967754776172
4400.634765623652   0.0001821532307456561 -1.132652664039933
4406.73828124865   0.0002333608821232706 0.9690582981422646
4412.841796873648   0.0003403100497313389 2.730873280057283
4418.945312498647   0.0004019066782061835 -1.284048805832244
4425.048828123645   0.0002704437283091858 2.189571449438913
4431.152343748643   0.0003256256170796414 0.00600052083026808
4437.255859373641   0.0001726586663134012 -1.519641326927866
4443.359374998639   0.0003039336434516401 2.597799323280585
4449.462890623638   0.00012583868562317 0.357520071658548
4455.566406248636   0.0002093078252763793 -0.2332182996877872
4461.669921873634   0.0002462433279616586 -2.138108940822219
4467.773437498632   0.0003798992326275211 2.421326422154296
4473.87695312363   0.0001213868775542524 -0.895538165753525
4479.980468748628   0.0001391610111393846 0.9543306720333448
4486.083984373627   0.0002082601238366878 -1.059062314250434
4492.187499998625   0.0001626826950227781 2.066241524880285
4498.291015623623   0.0001101305760499787 0.5700714445945499
4504.394531248621   0.000407195503667377 -1.620898534657839
4510.498046873618   0.0005723071585506493 1.636695496088445
4516.601562498617   0.0003828681906170282 -2.367575683922202
4522.705078123615   0.0006506486954947725 0.01232167554929191
4528.808593748613   0.0007551193627770982 -2.898497449301835
4534.912109373611   0.0007605192236176293 0.3275592967017398
4541.015624998609   0.0005561675293291197 2.908490306829133
4547.119140623608   0.0004398873729656207 -1.483058831971348
4553.222656248606   0.0005914840162139433 0.937966731655496
4559.326171873604   0.0005688818290918757 -2.155157914916638
4565.429687498602   0.000277913382203621 1.55583488260436
4571.5332031236   0.0001817718414314828 -1.295429963165643
4577.636718748598   0.0002255008226074982 1.023143400533439
4583.740234373597   0.0001635786001812418 2.510549815544764
4589.843749998595   0.0002852866485976657 -1.407755051951531
4595.947265623593   0.000147658371165135 2.189818532995362
4602.050781248591   0.0003408314008435138 0.3675597688048982
4608.154296873589   0.0001675112562335879 2.957093668337925
4614.257812498588   0.0002723136872433726 -2.341557666488399
4620.361328123585   0.0001377214149574558 -1.286522254883268
4626.464843748583   0.0003216010883172247 1.118799322055696
4632.568359373581   9.487217452104458e-05 -0.03642124459771707
4638.671874998579   0.0004574030418178883 -2.172641000836946
4644.775390623578   0.0005059855425972869 1.518910380849898
4650.878906248576   0.0004815916676877832 -1.315063212955534
4656.982421873574   0.0002904607639603806 1.727431981105126
4663.085937498572   0.0002277885052170761 -0.3539537600264096
4669.18945312357   0.000352853135540798 -3.094024787780501
4675.292968748568   5.209425487600083e-05 -0.8991536212497721
4681.396484373567   0.0002699701908313735 0.9407164410311654
4687.499999998565   0.0001033336155055246 -1.889825898506547
4693.603515623563   4.846193634080803e-05 2.436617215909572
4699.707031248561   0.0001543419607910398 -1.950179244988376
4705.810546873559   0.0004294067509857887 0.3804483002737812
4711.914062498558   0.0006147101317811062 -2.769052328129371
4718.017578123556   0.0003440391378482538 0.802333002820352
4724.121093748554   9.118921409449898e-05 -0.03181466955913135
4730.224609373551   4.012891931634309e-05 -2.369114662584421
4736.328124998549   0.0003173402602708759 -1.062309062729335
4742.431640623548   0.0004426704632508426 2.719757295637252
4748.535156248546   0.0003034839313153268 0.2783344157537713
4754.638671873544   0.0002669258278451493 2.992502382155767
4760.742187498542   0.0004520334036060573 -0.7268121232796728
4766.84570312354   0.0002724385007137826 2.662229261469497
4772.949218748538   0.0002336742003027414 0.1333572061759577
4779.052734373537   0.0002231040355513737 1.982984109391579
4785.156249998535   0.0002226860874494952 -2.563937635174796
4791.259765623533   0.0001386985734296981 -1.31994734520457
4797.363281248531   0.00025432794891686 0.7292728506845955
4803.466796873529   0.0003188947528091314 3.123325912964593
4809.570312498528   0.0005399698572754617 -0.513544554561322
4815.673828123526   0.0002780044004648168 2.497708999779984
4821.777343748524   0.0002088159426136191 2.571165559545547
4827.880859373522   0.0002162789499546288 -0.9999000767329723
4833.98437499852   0.0001696446998166108 -0.3997750524604922
4840.087890623518   0.0002717271280560784 2.267899314274715
4846.191406248516   0.0002344006585255479 1.345569975549673
4852.294921873514   0.0004411434774377119 -1.115652127750002
4858.398437498512   0.0003346156559099092 -2.831712484658442
4864.50195312351   0.0004285071959391049 1.519841645557394
4870.605468748508   0.0003403502032783563 -1.406196742149689
4876.708984373507   0.0002765267401687428 0.9197484182165417
4882.812499998505   0.0003098055065607447 -2.630938455871422
4888.916015623503   0.0002927974855683552 -0.1606148862714696
4895.019531248501   0.0002294855866977763 2.128803148266608
4901.123046873499   0.0001594300870404004 -1.566195440778566
4907.226562498498   0.0001805109893480688 2.992576327804786
4913.330078123496   0.0003984503694513693 0.462570306198329
4919.433593748494   0.0005134298055970089 -2.282943575685251
4925.537109373492   0.0003562753306578818 0.7594762576597455
4931.64062499849   0.0001519946291462429 2.776442116758774
4937.744140623488   6.696825681683769e-05 1.613541741228875
4943.847656248487   0.0003224271041896009 -2.06654987224511
4949.951171873485   0.000370286586285762 1.067845859660277
4956.054687498482   0.0003338178179670712 -1.202002692650701
4962.15820312348   0.0002136723099021776 2.207806771773223
4968.261718748478   0.0002112320488394331 1.918936713507716
4974.365234373477   0.0002907706008049835 -1.283841924921778
4980.468749998475   0.0001693800742944806 0.6650786988082587
4986.572265623473   0.0001504839177693689 -1.76325867821813
4992.675781248471   0.0003904360686030625 3.067064137375747
4998.779296873469   0.0005420636842258846 0.4424414150844823
5004.882812498468   0.0003915428577476972 -2.423385751825652
5010.986328123466   0.0001279938487954895 0.2701090357517318
5017.089843748464   0.0001979705322798595 -3.046761450042654
5023.193359373462   0.000417607076740019 0.4316982767311832
5029.29687499846   0.0003414845470271206 2.99932243653251
5035.400390623458   0.0001787608826572502 -0.1905456125657823
5041.503906248457   0.0004076363398197838 -2.150989915299755
5047.607421873455   0.0003922690762143715 1.112275072496699
5053.710937498453   0.0003655797270774233 -0.5720653140701977
5059.814453123451   0.0007157682159050698 2.826051739860826
5065.917968748448   0.0006319501783358505 -0.5434900229514574
5072.021484373447   0.0002311188308309446 1.886230051535617
5078.124999998445   0.000243221325983845 2.414226899821422
5084.228515623443   0.0005453632037362611 -1.529315699767545
5090.332031248441   0.0004001372123425198 1.372706957262421
5096.435546873439   0.0001487595295861651 -3.136808342839643
5102.539062498437   0.0003131665007380571 -0.02520824002135957
5108.642578123436   0.0002312380226119646 2.722084092399268
5114.746093748434   0.0003443343274855148 -2.006876031337756
5120.849609373432   0.0003478143586707668 0.4526983950058426
5126.95312499843   6.181173076819714e-05 -2.33692512264137
5133.056640623428   0.000483134228850667 2.819445621047924
5139.160156248427   0.0005962881190653689 0.1106472587742834
5145.263671873425   0.0002957340690651432 -2.366963934684447
5151.367187498423   0.0001372642957873269 1.256704688063546
5157.470703123421   0.0001709850855995239 -1.321294428415365
5163.574218748419   0.0003967292132524118 2.926084887333594
5169.677734373417   0.0002210544923764252 -0.1559559812026163
5175.781249998415   0.000259416305064863 0.2478871195399902
5181.884765623413   0.0002464120205959238 -2.608630136312442
5187.988281248411   0.0004041663875490025 1.643561702825278
5194.091796873409   0.0005627959786294449 -1.811439289315689
5200.195312498407   0.0006119929020557643 0.6175690716288545
5206.298828123406   0.0003442887260244057 3.044772366551242
5212.402343748404   0.0002655567240938832 -1.710044563220641
5218.505859373402   0.0002049430565598109 0.799022787437047
5224.6093749984   0.000326728856962049 -2.908382885382085
5230.712890623398   0.000339567065151268 0.3948048956184097
5236.816406248397   6.446773345362599e-05 2.506097146267276
5242.919921873395   0.0001422046917868212 -1.041393831467387
5249.023437498393   0.0001580334670835749 -2.29983250492861
5255.126953123391   8.509258951384645e-05 2.288242505027896
5261.230468748389   9.124499124764363e-05 0.4251436626334626
5267.333984373387   0.0002363618656325799 1.619887979986226
5273.437499998386   0.0002073598836458872 -1.219231742637477
5279.541015623384   0.0003061184171732947 -2.066211335365689
5285.644531248381   0.0003175584316192106 1.247199260720763
5291.748046873379   2.96558585685143e-05 0.22160097682686
5297.851562498377   0.000247080822179524 -2.621043945871199
5303.955078123376   0.0003176807760698895 0.7634800506554006
5310.058593748374   0.0001904142005786782 -0.7513474831639027
5316.162109373372   0.0005130970323793898 -2.691858347050743
5322.26562499837   0.0004759010516799205 0.6955470229997773
5328.369140623368   0.0003116890382634414 -2.869672826887393
5334.472656248367   0.0005387144552581051 0.1215437994311855
5340.576171873365   0.000736992839757876 -3.012995388042677
5346.679687498363   0.0005897946074303592 -0.0002363168117266503
5352.783203123361   0.0004061069490216392 -2.953624813934197
5358.886718748359   0.0003009605095955677 0.08672024763372251
5364.990234373357   0.0002804290851165868 2.127854054158945
5371.093749998356   0.0002840354362875612 -1.554017532032684
5377.197265623354   0.0001127285139150742 2.727028084640587
5383.300781248352   0.0002780185954743361 0.09418310253141436
5389.40429687335   0.000229644077966845 2.308740388540841
5395.507812498347   0.0003267855048645277 -0.8059811464400644
5401.611328123346   0.0005810246363079891 2.529736541407663
5407.714843748344   0.0006550778245623654 -0.839592315892731
5413.818359373342   0.0004486258888859342 2.37652594548369
5419.92187499834   0.0004790092337358876 0.2803106275791456
5426.025390623338   0.0006707446272118345 -2.545163168985371
5432.128906248337   0.0002484071767776397 0.6348352162150136
5438.232421873335   8.775698315180752e-05 0.8764704717670875
5444.335937498333   0.0002307033752248022 -2.100751445890517
5450.439453123331   0.0004414676569877107 1.111703748061622
5456.542968748329   0.0002603428314600089 -1.958577798720868
5462.646484373327   7.694281489102591e-05 1.867199229501881
5468.749999998326   0.000185630719206428 -2.43441598026077
5474.853515623324   0.0004582698890137195 0.569571994685023
5480.957031248322   0.0004157764798397324 -2.174421376355146
5487.06054687332   0.0001439559025469755 0.1931341334489956
5493.164062498318   0.0001350087058962916 2.18159284308304
5499.267578123317   0.0003535198479496237 2.243661965015208
5505.371093748315   0.0004660534323837095 -0.8879960075713587
5511.474609373312   0.0001716053326941632 2.445114468732662
5517.57812499831   0.0001340805908561294 -2.438066574863976
5523.681640623308   0.0001663750795880667 0.4621683228952135
5529.785156248307   0.0001278425067181697 -3.117674117776603
5535.888671873305   0.0003776410394856556 0.5736199714194571
5541.992187498303   0.0003917574339505394 -2.317366533867761
5548.095703123301   9.939061830505799e-05 -2.208189800047403
5554.199218748299   0.0003828501255315968 1.228219976167116
5560.302734373297   0.0003750408862639979 -1.407915358140671
5566.406249998296   0.0002741786669686986 2.59864999836125
5572.509765623294   0.0002123769973132234 1.367290244395415
5578.613281248292   0.0004142760351381431 -0.5020258270850833
5584.71679687329   0.0003247037620955421 -2.818884205974475
5590.820312498288   0.0002474271128755275 1.726940093299439
5596.923828123287   9.720279609665245e-05 -0.6717007380282077
5603.027343748285   0.0001996721778422997 -0.5486967565589267
5609.130859373283   0.0001994804413455873 2.961304979830278
5615.234374998281   0.0001261998412514826 2.110433487540028
5621.337890623278   0.000139938149425137 -1.301566845610433
5627.441406248277   0.0003759585617155967 0.4211671062520759
5633.544921873275   0.000318153836893212 -2.476626151992684
5639.648437498273   8.447474421511047e-05 -2.760247971132169
5645.751953123271   0.0003983399070160457 2.298152910751394
5651.855468748269   0.0006083267237032111 -0.1997292840188382
5657.958984373267   0.0004941784930848563 -2.777696993939157
5664.062499998266   0.0005285428798048828 0.4152433396712504
5670.166015623264   0.000570917948408931 -2.938660706373427
5676.269531248262   0.000407609505266957 0.3015793237683714
5682.37304687326   0.0002326023527803018 -2.731278309778482
5688.476562498258   0.0002739963501060302 -1.037135632667295
5694.580078123256   0.0004011540866435684 2.341398043048847
5700.683593748255   0.0003304239798134419 -0.2171426775299241
5706.787109373253   4.590057156492108e-05 -0.5354578412170571
5712.890624998251   7.735784003640917e-05 1.432996931553972
5718.994140623249   0.0005038441730423589 -3.077538317659123
5725.097656248247   0.0004281063406183012 0.0008612449611985916
5731.201171873245   0.0001760622870785388 -2.811232505097985
5737.304687498243   0.0002812715600763366 0.3020210796895749
5743.408203123241   0.0002767854274624961 -2.387879234833222
5749.511718748239   0.000361819977268872 1.125486748471972
5755.615234373237   0.0003125403066052346 -2.524208353931768
5761.718749998236   0.0002051507249092739 0.5898568633299365
5767.822265623234   0.0001996617628392766 -2.112584009292249
5773.925781248232   7.525846176288677e-05 -0.08044068304235429
5780.02929687323   0.0002551275796321397 1.472019661533515
5786.132812498228   0.0004033680083462381 -1.432458783611872
5792.236328123226   0.0003623209682221331 2.244501173924738
5798.339843748225   2.301103591003315e-05 -2.493589943851148
5804.443359373223   0.0002246848510189683 -0.5878276044851313
5810.546874998221   0.0001918271789472801 2.315378649647375
5816.650390623219   0.0001854398852710353 -0.7610498215547878
5822.753906248217   0.0002503802894778079 -0.3479457751147703
5828.857421873216   0.0006787963237547535 2.360415455677392
5834.960937498214   0.0007411638674981545 -1.053128977467249
5841.064453123211   0.000498318176544774 2.406127343571831
5847.167968748209   0.0004050262209981532 0.2453229314809736
5853.271484373207   0.000225799991854821 -2.893897044063144
5859.374999998206   0.0002177351341799625 -2.069165355561255
5865.478515623204   0.0002286141001273534 0.265929148450315
5871.582031248202   0.0002329912669151772 3.075723492418053
5877.6855468732   0.0003576692642035116 0.863629741743787
5883.789062498198   0.0003693754275932721 -1.607843624295122
5889.892578123196   0.0003938472308611423 2.527852964508275
5895.996093748195   0.0004757803147449927 0.3069514429217171
5902.099609373193   0.0005150847021856177 -2.240145233597755
5908.203124998191   0.0003006175209621798 0.8813937123867188
5914.306640623189   0.0002221753236725652 -2.884128414507962
5920.410156248187   0.0002162101794079078 -0.5477775804613297
5926.513671873186   0.0001484064078691406 0.7134800965327355
5932.617187498184   0.0003260126625908387 2.052058971635316
5938.720703123182   0.0006541888177530927 -1.86564478653773
5944.82421874818   0.0005736831802658935 0.9638798697312755
5950.927734373178   0.0002186126508103357 -2.389726104681097
5957.031249998176   4.696897106587976e-05 0.1165197548161985
5963.134765623174   0.0003526398209709463 2.010323995488127
5969.238281248172   0.0006588908969004465 -1.241935473556004
5975.34179687317   0.0004679046676755129 1.876955373017148
5981.445312498168   0.0001093314110782287 -2.989216307049503
5987.548828123166   0.0003643556044068889 -0.8258592632548577
5993.652343748165   0.000393851828910749 1.607406223856419
5999.755859373163   0.0003641092149808663 -2.445027482846642
6005.859374998161   0.0004212996071250791 -0.2314892645936248
6011.962890623159   0.0003809654507485336 2.736235749031373
6018.066406248157   0.000146696876689062 0.4095891632755803
6024.169921873156   0.0003601947629230144 -1.418106567421799
6030.273437498154   0.0003822111185939226 1.532534208536483
6036.376953123152   0.000138574228324349 -1.725634393184106
6042.48046874815   0.0002657681401948438 2.320612007964493
6048.583984373148   0.0004466358590249953 -0.4985920655845849
6054.687499998146   0.0002998597299019381 -2.857304984191034
6060.791015623145   0.0001615778688300812 1.856303898635487
6066.894531248142   4.368318597726308e-05 -2.218415518513398
6072.99804687314   0.0002002994985260738 0.1446276666551246
6079.101562498138   0.0002471682628376216 -1.605494797686718
6085.205078123136   0.0003468101901348409 1.919915551374189
6091.308593748135   0.0002122409834760441 -2.554483459272525
6097.412109373133   0.0003086934606719427 0.1844675223674583
6103.515624998131   0.0003379896532376672 -2.130089050214252
6109.619140623129   0.0002924933245872061 0.8395398698371018
6115.722656248127   0.0003336265079346508 1.784697359695215
6121.826171873126   0.0005840377877527163 -1.822936667473127
6127.929687498124   0.0005490209700848612 1.082440262405647
6134.033203123122   0.0001796429942805273 -2.777612531170553
6140.13671874812   0.000424855484033286 -1.900882913504135
6146.240234373118   0.0002443991867132283 0.9705950771189217
6152.343749998116   0.0001581781009129112 -1.69842167014926
6158.447265623115   0.0003413038654680499 1.084307406869782
6164.550781248113   0.0001939651658189897 2.886739202376463
6170.654296873111   0.0003296256432443691 -1.375666232659863
6176.757812498108   0.0002662142789290435 1.403051641016642
6182.861328123106   0.0001772562612519931 -1.626488844191448
6188.964843748105   0.000186343021200241 2.398575411555522
6195.068359373103   0.0002832476724358692 -0.4798447061050435
6201.171874998101   0.0002821966895971906 1.491609665540357
6207.275390623099   0.0003454728358252354 -2.470257960160481
6213.378906248097   0.0001234705226132216 2.947952734235313
6219.482421873096   0.000319918124750421 -0.6203864111217864
6225.585937498094   0.0002679230642466056 1.947271049074228
6231.689453123092   0.000211119987078119 -0.02600344726718458
6237.79296874809   0.0002160089731666042 -2.374954751308364
6243.896484373088   3.896373854554137e-05 -0.8314733800052806
6249.999999998086   0.0001331714879281516 0.9525154707502745
6256.103515623085   0.0003772097641752662 2.569756092040506
6262.207031248083   0.0004331850168921399 -0.2308865446707672
6268.310546873081   0.0003213023417213432 -2.235838398471583
6274.414062498079   0.0002140326750745719 2.089424602508678
6280.517578123077   0.0001279487510565577 1.62632957107585
6286.621093748075   0.0003318322796353307 -0.5706699933799975
6292.724609373073   0.0002379292178891866 -2.883295656458096
6298.828124998071   0.0002373072468168465 1.444549909073884
6304.931640623069   0.0003946895815791887 -1.435089198269417
6311.035156248067   0.0003192574963715035 1.184882537129636
6317.138671873066   0.0003997232389966203 -2.847275051752758
6323.242187498064   0.0004500400052260242 0.2558734215244547
6329.345703123062   0.0003052034833034066 -2.594661349305869
6335.44921874806   0.0002747501541169093 1.404942914323157
6341.552734373058   0.0002922343706610385 -0.8629610159674022
6347.656249998056   0.0003884507126852095 3.10936258536021
6353.759765623055   0.0002211834696093166 0.1253675324764444
6359.863281248053   0.0001439024462245004 1.183662900477609
6365.966796873051   0.0002886128341191899 -1.849001642496975
6372.070312498049   0.0002051529013099793 1.110269033880246
6378.173828123047   3.149274165183914e-05 -1.855883141962594
6384.277343748045   8.102396621471497e-05 -3.033589892980723
6390.380859373044   7.092236059104834e-05 0.0828471733209523
6396.484374998041   0.0001891839642180209 2.846342875476446
6402.587890623039   0.0001694089392141685 0.6311260418097324
6408.691406248037   0.0002223325775594784 -1.819940388446625
6414.794921873035   0.0001767560623300913 -0.666600715239552
6420.898437498034   0.0003755608168349537 2.135913534818243
6427.001953123032   0.000294378224404271 -0.2777408927266415
6433.10546874803   0.0004390715105084425 -2.536392112081259
6439.208984373028   0.0004334328995641005 0.9497690891936529
6445.312499998026   9.279741844302578e-05 -0.8947184989264652
6451.416015623025   0.0003800185352883591 -1.917298281623499
6457.519531248023   0.0003861277075050262 1.667578356179084
6463.623046873021   0.0001446587748720832 -0.9106241098338393
6469.726562498019   0.0001789722897008849 -2.578686755031396
6475.830078123017   0.0002949506874422786 0.7628828759748878
6481.933593748015   0.0001006629056984704 2.818440097610742
6488.037109373014   0.0004944265595299582 -1.303070833095347
6494.140624998012   0.0005641755253720163 2.259824704467837
6500.24414062301   0.0002052661515491224 -1.272840430182216
6506.347656248008   0.0005720523653622543 0.4467115033162175
6512.451171873005   0.0006319246109643588 -2.522330725987748
6518.554687498004   0.0003885244589353661 1.417090692128957
6524.658203123002   0.0003000356093671615 -0.9472059717258375
6530.761718748   0.0002333469615189152 -2.840622899211981
6536.865234372998   0.0003772635169585229 1.105907156153993
6542.968749997996   6.699676578273786e-05 -1.581745027188651
6549.072265622995   0.000151290928039061 -0.922624506119178
6555.175781247993   0.0002243451998957466 -2.290633229435276
6561.279296872991   0.0003420801983757408 0.8300713317433084
6567.382812497989   0.0003233962261393915 -2.727354312422364
6573.486328122987   0.0001655754132825971 0.4500758500204696
6579.589843747985   0.0002151232341499127 -2.812169253249494
6585.693359372984   0.0002404082650610298 -0.1971294781591548
6591.796874997982   0.0003598611010439202 2.645486816825719
6597.90039062298   0.0004568559475237353 -0.2542389022040292
6604.003906247978   0.0003189335032625504 2.800755022587775
6610.107421872976   8.245289635044332e-05 2.16941109496182
6616.210937497975   0.0004008871273870926 -0.6337258641635232
6622.314453122972   0.0002426929243746848 -2.775285077766015
6628.41796874797   0.0002770583773469198 0.6261116001593919
6634.521484372968   0.0003398003099401869 2.433938470238605
6640.624999997966   0.0003259340546801997 -1.400888584383358
6646.728515622965   0.0001658086325697997 -0.09504091443205832
6652.832031247963   0.0005564062815220249 2.45273662448968
6658.935546872961   0.0005263293274119651 -0.5294671082977074
6665.039062497959   0.0004479017393435304 -2.969081298397435
6671.142578122957   0.0006256977712914232 0.4153349614931633
6677.246093747955   0.0004857773856465962 -2.594848323542721
6683.349609372954   0.0001297318267801687 0.4700488238399407
6689.453124997952   0.0002361019400527877 2.905188237526009
6695.55664062295   0.0005341034346932138 0.1095819920760326
6701.660156247948   0.0003200208915746025 2.83541619142708
6707.763671872946   0.0003054946978119767 -2.234692821398523
6713.867187497945   0.0002947869530639172 0.4833251603697964
6719.970703122943   8.597072822193298e-05 -2.145020849612497
6726.074218747941   0.0002651365977796708 0.2954869177272806
6732.177734372938   0.0004360768595764162 -2.691152956313753
6738.281249997936   0.0002305056095661349 1.390156164213527
6744.384765622935   0.0001655160841671088 0.3440495463654599
6750.488281247933   0.000112813700094009 -2.269195616368719
6756.591796872931   0.0003812708720961095 -1.930669199421202
6762.695312497929   0.0003450447446655784 1.040433111501752
6768.798828122927   0.0001079512214558268 2.634832691142145
6774.902343747925   5.060438476161107e-05 1.075063502812694
6781.005859372924   8.809588726260189e-05 -2.081543564033498
6787.109374997922   6.451312656904837e-05 -1.234484075146616
6793.21289062292   0.0002806854276461061 0.7277080821345219
6799.316406247918   0.0004549937106891982 -1.721602626750514
6805.419921872916   0.0006935635130423117 2.083825565853824
6811.523437497915   0.000721345874755658 -0.8656632813090366
6817.626953122913   0.0004373547629811931 2.765287343553163
6823.730468747911   0.0004544037344469655 1.163819237601699
6829.833984372909   0.0004092389053683455 -1.89074728731639
6835.937499997907   0.0002828129677377015 -0.5174889422135347
6842.041015622905   0.0003282327070375246 2.082658485572283
6848.144531247903   0.0003912072864038065 -0.5224689453189255
6854.248046872901   0.0005564716014689509 2.845256810060343
6860.351562497899   0.0002926192555252055 -0.5863798889112601
6866.455078122897   0.0002865251496747789 1.580755532363278
6872.558593747895   0.000284589584829829 -1.122201381230978
6878.662109372894   0.0003029252018498 2.230629530630766
6884.765624997892   0.0001691463545842189 -0.4658629206050175
6890.86914062289   0.0002247885856922659 -1.329794414375667
6896.972656247888   0.0004188612551505262 2.449151748703417
6903.076171872886   0.0003346906704831783 -0.7433626927464607
6909.179687497885   0.0003013077671051477 -3.052654592712607
6915.283203122883   0.0004482697887847685 0.495982873779975
6921.386718747881   0.0001430506174665871 -2.780800591032123
6927.490234372879   0.0002143895611382451 -2.723997526367771
6933.593749997877   0.000185780837419051 0.8988657460501273
6939.697265622875   0.0003826405451568289 -0.4205949720264932
6945.800781247874   0.0004191891339213439 -3.062098908525614
6951.904296872872   0.0001117121456045572 2.127404930084711
6958.007812497869   0.0003137783778110697 0.08345644546254688
6964.111328122867   0.0002659266203496645 -2.094449319580521
6970.214843747865   0.000487938500893792 1.224784450862143
6976.318359372864   0.0004232875684282554 -2.082878348259639
6982.421874997862   0.0001272611225933669 1.06942026085418
6988.52539062286   0.000208710431603304 2.847996010826443
6994.628906247858   0.0002420971409804011 -0.7592129435933761
7000.732421872856   0.0002033625682203661 -0.08514111850496939
7006.835937497855   0.0004384169244369397 2.656448373925293
7012.939453122853   0.0001368645218344291 0.5266568182938547
7019.042968747851   0.00040082108696811 -1.005980103071355
7025.146484372849   0.0004370863441076165 2.400178037880721
7031.249999997847   0.0004202110497172254 -0.3595622089338222
7037.353515622845   0.0003657321527465059 3.05442020618117
7043.457031247844   0.0002581632598109819 0.07152826447875697
7049.560546872842   0.0002297039082935031 2.631205891025676
7055.66406249784   0.0002243572582282153 -0.5419127433756372
7061.767578122838   0.0002171383510316692 -2.188819118409772
7067.871093747835   0.00021298531700165 2.160798345051231
7073.974609372834   0.0002483859998588291 0.0814491028902546
7080.078124997832   8.102218072244353e-05 3.135660737892064
7086.18164062283   0.0001127996059671194 0.9637947348019283
7092.285156247828   0.0003480920244811661 -1.782147927800914
7098.388671872826   0.0001493933867847613 1.777741909231534
7104.492187497824   0.0003027181657940989 1.388154430099035
7110.595703122823   0.0004642114420848845 -1.931292582720393
7116.699218747821   0.0003740314732330011 1.110615445374858
7122.802734372819   0.0001912728687909372 -0.2230745235002607
7128.906249997817   0.0005853153448535214 -2.904238407303472
7135.009765622815   0.0005439523242403878 0.07790209362534729
7141.113281247814   0.0003329276077221992 3.02790883122509
7147.216796872812   0.0001350880638504599 0.7738800843094477
7153.32031249781   0.0001990112614051639 -0.3303062509301141
7159.423828122808   0.0005449614579997402 -2.022514337785172
7165.527343747806   0.0008311584278962691 1.458582902137013
7171.630859372804   0.0006075699374860757 -1.531984498286419
7177.734374997802   0.0002266259751909078 1.893603567023925
7183.8378906228   0.0001216402613647232 2.287749592839557
7189.941406247798   0.0001320073631962217 0.07578178208385303
7196.044921872796   0.0002584635243178715 -1.282424472618283
7202.148437497794   0.0002190294112804292 1.837698102348979
7208.251953122793   0.0001232138189328886 3.037087745976491
7214.355468747791   0.0003308270621210375 -0.4440682831593256
7220.458984372789   0.0002671652873578276 -2.923281468777382
7226.562499997787   0.0001666024921312071 1.674459954815134
7232.666015622785   0.000105960022332161 2.494300291367058
7238.769531247784   0.0002850238259637935 0.02254134940791326
7244.873046872782   0.0003860042403549494 -1.530409316302992
7250.97656249778   0.000408200426686948 2.408240723722944
7257.080078122778   0.0001077615231616687 0.8074547773183871
7263.183593747776   0.0003098273715984509 -0.0975194549135682
7269.287109372774   0.000178483554544381 -2.280184019342664
7275.390624997773   0.0002444450957494529 -2.626686731809901
7281.494140622771   0.0006457043332988922 1.375275265874287
7287.597656247768   0.0005008127037743788 -1.995206432720323
7293.701171872766   0.0004656577884508305 0.05846639268284722
7299.804687497764   0.0005548479751564727 -2.812246484942444
7305.908203122763   0.0004466581846613287 0.3231882705858908
7312.011718747761   0.0002765637646147491 2.982580585617824
7318.115234372759   8.43271634717126e-05 -3.058004363701955
7324.218749997757   0.0004450014562930131 -0.02160716631746651
7330.322265622755   0.0003248525733973981 -3.045072735112144
7336.425781247754   0.0001777372097590953 1.698117387384236
7342.529296872752   0.0002430635381582819 -0.5499367023611302
7348.63281249775   0.0001928722607272385 3.141225734226041
7354.736328122748   1.488235813009158e-05 -2.560713720222719
7360.839843747746   0.0001975710250725645 -0.5611061538650832
7366.943359372744   0.0001475698254799595 2.251745683827741
7373.046874997743   0.000308906798266254 2.976504125168395
7379.150390622741   0.0005766390208214528 0.2950983654470878
7385.253906247739   0.000357770056164269 -2.201126683699213
7391.357421872737   0.0002469959780813903 -2.383020294045338
7397.460937497734   0.0003448544345273436 0.2848046823348938
7403.564453122733   0.0003815703103156887 2.064446393793647
7409.667968747731   0.0003212510919386489 -2.300173860630684
7415.771484372729   0.0003221867089839237 -0.01608719415553297
7421.874999997727   0.0001774045270023673 1.805845360400739
7427.978515622725   0.0001892386855985485 -1.193363652507176
7434.082031247724   0.0003717941114174972 2.989527034938362
7440.185546872722   0.0004994256332635562 0.2384959856614711
7446.28906249772   0.000270606540369256 -3.046107389761788
7452.392578122718   0.0003956313383584965 -2.052775473798348
7458.496093747716   0.0003269577218322615 0.7998627565791484
7464.599609372714   9.012240903447503e-05 2.723408143421646
7470.703124997713   0.0001869279041747724 0.07219344769554294
7476.806640622711   0.0002149641283495119 -2.92985674413897
7482.910156247709   0.0001940222163491826 -0.9327275339177228
7489.013671872707   0.0002896774217868402 1.353481619968064
7495.117187497705   0.0002221601219336627 -2.425652282519192
7501.220703122704   0.0003244915388376 1.083077873918093
7507.324218747702   0.000567876901679286 -2.026111798758078
7513.427734372699   0.0003265149113345447 1.125256874020244
7519.531249997697   9.100223019954854e-05 0.1793935476234252
7525.634765622695   0.0002190957237228707 -2.925860919288178
7531.738281247694   0.0003497778233963563 0.05620824889549565
7537.841796872692   0.0002305827601251592 2.876399754230519
7543.94531249769   0.0003671201820421555 -1.534031287939146
7550.048828122688   0.0004124009606214878 1.327306083584611
7556.152343747686   9.500777681484958e-05 -1.247709453318839
7562.255859372684   0.00033601875404457 3.090852457260664
7568.359374997683   0.0002337856386466766 -0.4242304637122566
7574.462890622681   0.0002310021845437836 0.2992828931144506
7580.566406247679   0.000271051574091878 -2.635505635947812
7586.669921872677   0.0002691394327970155 2.490598785289095
7592.773437497675   0.0002198784761664147 -0.2355001193549452
7598.876953122674   0.0002051233317560151 1.375793616748221
7604.980468747672   0.0001957270400110569 -1.603736871755661
7611.08398437267   0.0002956939424273268 -1.046413226630646
7617.187499997668   0.0004406076177868906 2.856976086766965
7623.291015622665   0.0005278973093473343 1.022994207666127
7629.394531247664   0.0004177303460402688 -1.360263660980278
7635.498046872662   0.0002066224241769235 -2.804001233335061
7641.60156249766   0.0004732029442262542 1.447564037421807
7647.705078122658   0.0004868956231005168 -1.375288394830082
7653.808593747656   9.15075936100557e-05 2.84630584964333
7659.912109372654   0.0001334123580306822 0.7441269726160973
7666.015624997653   0.000249595703708934 2.297280028940052
7672.119140622651   0.0002487776829166393 -0.6316885915256494
7678.222656247649   5.01928721566657e-05 -1.585913021945647
7684.326171872647   0.0004081714057447933 2.602409762211458
7690.429687497645   0.0005748820993739464 -0.4278562918224172
7696.533203122643   0.0005427944635294296 3.121004312136493
7702.636718747642   0.0003151977982930798 0.147467477915263
7708.74023437264   0.0002056770418196422 1.412528826600033
7714.843749997638   0.0004121511170153788 -2.004756084522911
7720.947265622636   0.0002846817237188335 0.3966651320442984
7727.050781247634   0.0003481100275854874 2.571058835440318
7733.154296872632   0.0002208985895712651 -0.6778580066784566
7739.25781249763   0.0001277767409939219 -2.728949915849722
7745.361328122628   0.0001675290677811671 0.682321764625143
7751.464843747626   0.0001803694626545382 2.409018234784262
7757.568359372624   0.0002933012650683956 -0.8954111690381142
7763.671874997623   0.000268507987428566 1.482510433470007
7769.775390622621   0.0003732066208592317 -2.485750585254303
7775.878906247619   0.0001722235401922145 0.1811952058025806
7781.982421872617   6.434129400219994e-05 3.139683672943372
7788.085937497615   0.0001816133701391795 2.645683959464357
7794.189453122613   0.0004430625613138485 -0.5794503376642218
7800.292968747612   0.0001495553586297314 1.073621034816307
7806.39648437261   0.0004711003585381552 3.040142841403566
7812.499999997608   0.0003504779586572793 -0.03863873239893135
7818.603515622606   0.0002343286872699583 2.385250020928793
7824.707031247604   0.0002948328262817128 -1.305952818136317
7830.810546872603   0.0002316292133028802 1.29812620998201
7836.914062497601   0.000337006728267423 -2.24447405196479
7843.017578122598   0.000473522963264706 1.27047554140222
7849.121093747596   0.0002328446598282061 -1.649983202691191
7855.224609372594   6.230930583822706e-05 -1.380969981876953
7861.328124997593   0.0003025689246860845 -1.663778614567235
7867.431640622591   0.0003290395496991761 1.290704029403944
7873.535156247589   0.0003441105201146322 2.236128231792553
7879.638671872587   0.0005508921786385421 -0.7449572779716824
7885.742187497585   0.0004471858523833686 2.410278158453933
7891.845703122583   0.0004497430933758462 -1.860363452720655
7897.949218747582   0.0005219777164240377 0.6209950983918014
7904.05273437258   0.000296118781744043 -2.838004780148272
7910.156249997578   0.0001369773814957052 1.053611969163493
7916.259765622576   0.000326754201576483 -0.9121803321245764
7922.363281247574   0.0005472887972153621 -3.040898825938616
7928.466796872573   0.0007195130601012159 0.5342693114215576
7934.570312497571   0.0003332030082186431 3.024374457952794
7940.673828122569   0.0002324328552260744 -1.842277510038788
7946.777343747567   0.0001728439347087711 -0.2115344232222648
7952.880859372565   0.0001342960827741783 -0.2873381090299432
7958.984374997563   0.0004344856962820022 2.766134088388652
7965.087890622561   0.0002509648568548624 0.1464981051570733
7971.191406247559   0.0002662659061466689 -1.099095922752958
7977.294921872557   7.040406092622159e-05 2.80593565242735
7983.398437497555   0.0005289208340573127 2.169659077943362
7989.501953122553   0.0003838915555410215 -1.240283812257381
7995.605468747552   0.0003323528813763214 -0.2640007185259681
8001.70898437255   0.0004390647160453722 2.786716170691093
8007.812499997548   0.0003866733450748132 0.7246578876884767
8013.916015622546   0.0004936172732423373 -1.821461769028857
8020.019531247544   0.0001135246951540836 1.229024022588904
8026.123046872543   0.0003142912896695154 1.494252454934711
8032.226562497541   0.0004245127876762308 -2.039179555118739
8038.330078122539   0.0003368406666730769 0.9039723260510569
8044.433593747537   0.0003146622383738149 -2.525853036938309
8050.537109372535   0.000312058416111479 0.1335452511427467
8056.640624997533   0.0002538602440129609 1.501575014107903
8062.744140622532   0.0003452827222506894 -2.026346023662579
8068.847656247529   4.411784373871661e-05 2.044698473776225
8074.951171872527   0.0002126038155703338 2.47346252291291
8081.054687497525   0.0003154010830005822 -0.08671148393061981
8087.158203122523   0.0001672594325072985 -1.08350341133773
8093.261718747522   0.0004064004976868782 -3.13597185482001
8099.36523437252   0.0004429138052635178 0.704526605859529
8105.468749997518   0.0003404588812311107 -2.187472917608215
8111.572265622516   0.0002711650388497949 0.2828222025420021
8117.675781247514   0.0002524859809927564 -3.128694409462907
8123.779296872513   0.0002596372564225085 1.379046666246435
8129.882812497511   0.0002643352875019983 -1.09390874570753
8135.986328122509   0.0003307726475349653 -2.419508679812852
8142.089843747507   0.0001479499757225115 -0.01678262952110946
8148.193359372505   0.0004430031156696809 1.56537462018882
8154.296874997503   0.0003098949148684439 -1.128816254444482
8160.400390622502   0.0004914317013311694 2.412799501246307
8166.5039062475   0.0004115932158629777 -0.8588396764704769
8172.607421872498   0.0002860662929325351 -1.379284585598471
8178.710937497495   0.0005283738499387314 1.772908475366431
8184.814453122493   0.0002515623754214593 -2.162800558364919
8190.917968747492   0.0001644626281112366 0.9832821800925886
8197.02148437249   0.000378996797405822 -0.9580430484662872
8203.124999997488   0.0004508956291498687 1.8973396131072
8209.228515622486   0.0004667992218556971 -1.314164839272175
8215.332031247484   0.0002552703150196177 1.747450289337385
8221.435546872483   0.0002369876673796447 -3.050657670817555
8227.539062497481   0.0003447556296296307 -0.3166002953301378
8233.642578122479   0.0005416025665302759 2.660249816935299
8239.746093747477   0.0006697023681919035 -0.3772412589287953
8245.849609372475   0.0004687503256127186 2.743768594299399
8251.953124997473   0.0002234541039003748 -1.404009440135289
8258.056640622472   5.172348081845256e-05 -3.101770940460555
8264.16015624747   0.0003026058549190172 0.5676950399299884
8270.263671872468   0.0001813925912239314 1.903617345278295
8276.367187497466   0.0003384908806936096 -2.064648928773847
8282.470703122464   0.0002096284165571984 0.6093820383063683
8288.574218747463   0.0001002514349774116 -1.89395795780849
8294.677734372461   0.0001699105103147593 -2.957416963094051
8300.781249997459   0.0003582817426427221 0.6278231679676866
8306.884765622457   0.0005082222898857677 -2.864565121340543
8312.988281247455   0.000572514082963894 0.3226097785474926
8319.091796872453   0.000265699352651784 -2.140450773845775
8325.195312497452   0.0001399488223700878 2.227019783672232
8331.29882812245   0.0002897498086415182 -2.823346023190052
8337.402343747448   0.000575569529382614 0.05282769402841789
8343.505859372444   0.0004875724888526996 -3.025592977291785
8349.609374997443   0.0001364626428467685 0.3813254812934184
8355.712890622441   0.0003088230423837907 0.4991665252337316
8361.816406247439   0.0004155090650695779 -2.077669099316007
8367.919921872437   0.0003908486042824775 1.342426091434644
8374.023437497435   0.0002018832076927187 -2.663458253522278
8380.126953122433   0.0002566490160290076 -1.410654538431843
8386.230468747432   0.0005123170260908405 1.875279740506462
8392.33398437243   0.0005772091780759263 -0.4593356114994296
8398.437499997428   0.0005546069232429356 -2.960125979607965
8404.541015622426   0.0004115299131072165 0.5068171871884984
8410.644531247424   0.0003382341773815295 -2.196944387667563
8416.748046872422   0.0001151827131110467 1.941447312704026
8422.851562497421   0.000150753347233468 0.1048392049584786
8428.955078122419   6.345044790805155e-05 -2.522261886276835
8435.058593747417   0.0001465933589942258 1.267699000452617
8441.162109372415   0.0001266477359348201 0.4105832343373342
8447.265624997413   0.0002837887628569191 3.070040954501966
8453.369140622412   0.0005029643144530977 -1.461545002705101
8459.47265624741   0.0005125286931809982 1.692648254995469
8465.576171872408   0.0003046703017330729 -0.5970148122101259
8471.679687497406   0.000163820495571526 -2.866099796844931
8477.783203122404   4.421323757981851e-05 -0.6165852010288803
8483.886718747402   0.0003869596433055258 1.33337970760896
8489.990234372401   0.0005722761620090587 -1.658498907166967
8496.093749997399   0.0006010220732822769 1.344674411074755
8502.197265622397   0.000662115834781836 -2.077725653547273
8508.300781247395   0.0003317607404383148 1.00031468741717
8514.404296872393   0.0001935070021938238 2.927095592434039
8520.507812497392   0.0002556897016988035 -0.5187757663055571
8526.61132812239   0.0001841800895650637 2.897836525150003
8532.714843747388   0.0003190831947141385 -0.4973373623103737
8538.818359372386   0.000425313189490852 1.925243823813235
8544.921874997384   5.025755913135419e-05 3.005011918141114
8551.025390622382   0.0005711600285215705 -1.210434070327448
8557.128906247381   0.0005321565089110927 1.984349151750095
8563.232421872379   0.0003061588521899717 -1.94754603867231
8569.335937497375   0.0004314380869234976 0.3417412721286578
8575.439453122373   0.0002688146794668537 2.447150573825334
8581.542968747372   0.0003857158192356461 -2.030747422371449
8587.64648437237   0.00015872281004945 1.752975422946623
8593.749999997368   0.0003845421937733426 0.06525339399179383
8599.853515622366   0.0001885665803004594 -2.637862791710629
8605.957031247364   0.0003150101000347835 3.120629809376213
8612.060546872362   0.0003407520311099613 0.7370717985604271
8618.164062497361   0.0002260602690046845 -0.9014935884026102
8624.267578122359   0.000337491154967705 -2.294774443662608
8630.371093747357   0.0003660262682890026 0.8996749347503189
8636.474609372355   0.0001175453120445309 2.843396269363923
8642.578124997353   0.0001075400643640863 -2.74531639905259
8648.681640622352   0.0001735193937654598 -1.633403070881686
8654.78515624735   0.0003034933260999102 1.424028252274556
8660.888671872348   0.0004409002697202939 -1.783180577121271
8666.992187497346   0.0005924495784808356 0.7501755916997964
8673.095703122344   0.000414499378276488 -2.587778197086514
8679.199218747342   0.0002714272836998751 2.423681774489238
8685.302734372341   0.0006945662915277412 -0.4442227900537107
8691.406249997339   0.0005918606418095839 2.511913648578179
8697.509765622337   8.423250076022081e-05 1.025846395447273
8703.613281247335   0.0003887191745926155 -1.865606960857756
8709.716796872333   0.0003179999416221672 0.2617736717203248
8715.820312497332   0.0001827354072571911 2.83647436244257
8721.92382812233   0.0001299958411130586 -0.1076293919021874
8728.027343747328   0.0001919924143026411 0.8071765672427078
8734.130859372326   0.0005891262590066959 -2.787426742401238
8740.234374997324   0.0004710210189002002 0.3316832239347307
8746.337890622322   3.797488836244828e-05 1.385115224444652
8752.441406247321   0.0003895628068294344 -1.785581392402515
8758.544921872319   0.0005381406969871815 1.58420345673658
8764.648437497317   0.0003302100476109365 -2.037278112717932
8770.751953122315   0.0002083725139433298 0.1124708055052874
8776.855468747313   0.0002568486094607246 -2.733595351238163
8782.958984372312   0.0003073798621468929 0.9954250199283725
8789.062499997308   0.0001822001099527771 -1.039675637744843
8795.166015622306   9.104624145803942e-05 2.752195560672807
8801.269531247304   0.0002231231944413107 2.782405647684996
8807.373046872302   0.0005128260005164867 -0.785800976268527
8813.476562497301   0.0004927606463145315 2.106614142570908
8819.580078122299   0.0002706472164708244 -1.134931480296617
8825.683593747297   0.0001125123979450363 1.640280848520621
8831.787109372295   7.829202271956583e-05 2.045571916523338
8837.890624997293   0.0001214499961554683 -1.68674442902844
8843.994140622292   0.0001412294171462407 1.789237628488509
8850.09765624729   0.0001076020408310422 -1.135613112613175
8856.201171872288   0.000155690392446951 -1.257139730587338
8862.304687497286   0.0002755323225462202 1.949988131836165
8868.408203122284   8.272976294813639e-05 -2.42449028742684
8874.511718747282   0.0003549266466759821 -0.7785241339972843
8880.615234372281   0.0002628864182445227 2.896797141036547
8886.718749997279   0.0002234539813675068 0.381102893986085
8892.822265622277   0.0002005683811802473 2.235050715358394
8898.925781247275   0.0002412891218203608 -0.1440239172425679
8905.029296872273   0.0004609716616729075 -2.708419626659785
8911.132812497272   0.0004328271431246506 1.058723063809462
8917.23632812227   0.0004667938942228963 -1.511365368731579
8923.339843747268   0.0002602505082462754 1.481603801646944
8929.443359372266   0.0002070322912850828 -2.317506129738679
8935.546874997264   0.000212776844952858 2.002070184824064
8941.650390622262   0.0002398288465039612 -0.5954872247022728
8947.753906247261   5.768620683802714e-05 -0.9829541695958494
8953.857421872259   0.0003200435239047902 0.8561773015882972
8959.960937497257   0.0003887253484525838 -2.308093529558547
8966.064453122255   0.0002322112470432494 -2.131443158177947
8972.167968747253   0.0006720915924064683 1.466663180864909
8978.271484372252   0.0003802749565545079 -1.452296175947694
8984.37499999725   6.527372702891489e-05 2.33457577399301
8990.478515622248   0.0001535469325590825 -0.7951787402775659
8996.582031247246   0.0001147515369927172 0.4842697971978198
9002.685546872244   0.0003192135361384312 2.395640314349008
9008.789062497242   0.000413555219466646 -0.7604217546467706
9014.892578122239   0.0005719886251642946 3.042653026319721
9020.996093747237   0.0005134593399705422 -0.0742675338232721
9027.099609372235   0.0003261532198820476 2.052369191833798
9033.203124997233   0.0003734589158553275 -1.488434723907518
9039.306640622231   0.0005145147962869583 1.706422732612187
9045.41015624723   0.0004412989300885623 -1.014365229632853
9051.513671872228   0.0004956020823022163 -2.674302755947411
9057.617187497226   0.0003594113929540529 0.9558739050746047
9063.720703122224   0.0001916284218961135 -2.527608781331376
9069.824218747222   0.000494092620570709 0.5873332623716288
9075.927734372221   0.0002825031456033293 -2.104948149189227
9082.031249997219   0.0001599606673987909 2.167449563623482
9088.134765622217   8.907125409741976e-05 -0.9423825056354976
9094.238281247215   0.0001403399915208037 -2.979006933410725
9100.341796872213   3.17739921097522e-05 1.112897573633727
9106.445312497211   0.0003304400744418279 -0.8119412010801602
9112.54882812221   0.0003089879901534134 2.067917829408065
9118.652343747208   0.0001545162158213071 -1.699656101317281
9124.755859372206   0.0002838298279924038 1.063836322203526
9130.859374997204   0.0001942651079280121 -2.500810239952067
9136.962890622202   0.0001297713919105825 2.902696200641051
9143.066406247201   0.0001592376936688053 -0.8535315052999383
9149.169921872199   0.0003171490331278227 -0.07350014880399493
9155.273437497197   0.0004776289558687834 3.104866933192055
9161.376953122195   0.000500413533615269 0.3573468681420562
9167.480468747193   0.000366711416383561 -2.949698426824807
9173.583984372191   0.0001867597592807037 -0.4236605063345305
9179.68749999719   9.500008182514526e-05 3.08243154287091
9185.791015622188   0.0001700161548415068 2.291650589006051
9191.894531247186   0.0002982078877073906 -0.5434156648505827
9197.998046872184   0.0001379790429220273 2.212997801055903
9204.101562497182   1.932365386768902e-05 1.723398678535857
9210.205078122181   0.0001790139224666334 -1.245404842793752
9216.308593747179   0.0001718185561274568 1.875362015745345
9222.412109372177   0.0003277599077632554 -2.428918719047885
9228.515624997175   0.0004424833084704981 0.6449511643693927
9234.619140622171   0.0002835110889697423 -2.165725107472275
9240.72265624717   9.704986081456736e-05 1.677550548221303
9246.826171872168   5.003959681898224e-05 0.2892108080007677
9252.929687497166   0.0002941470384311466 1.131406867787626
9259.033203122164   0.0005700284090178194 -2.239127467326787
9265.136718747162   0.0003328205469418009 1.177464215475267
9271.240234372161   0.0002917514809054589 -0.2824628095714131
9277.343749997159   0.0001295986684938176 3.032486004125803
9283.447265622157   0.0003941686208809791 -1.916124021018907
9289.550781247155   0.0004318365865955389 1.315140376014439
9295.654296872153   0.0001670447199745989 -1.377168263137267
9301.757812497151   0.0003932333284962415 2.394619906258534
9307.86132812215   0.0005227551038599752 -0.8975625310292593
9313.964843747148   0.0003759345568657265 2.278962867924088
9320.068359372146   0.0003626128268823528 -0.3132090046445847
9326.171874997144   0.0002239881931220986 3.006098333484972
9332.275390622142   0.0001554333934481988 1.700422027989957
9338.378906247141   0.0003522727404893772 -1.229241277294571
9344.482421872139   0.0002849597168815761 1.787068541309354
9350.585937497137   8.23639795341241e-05 -0.343528131674765
9356.689453122135   0.0002425434607080289 -2.78700935729846
9362.792968747133   0.0003521220740545403 -0.5713079712412921
9368.896484372131   0.0003644843056785984 2.113457092160317
9374.99999999713   6.848913189678797e-05 2.713587080168236
9381.103515622128   0.0002809928126590814 -1.416755667200061
9387.207031247126   0.0001118154527906585 1.69595697552795
9393.310546872124   0.0002839320336458082 0.19617155306928
9399.414062497122   0.0005966905322684012 3.103321633854397
9405.517578122121   0.0005752129825726148 0.2454043121702862
9411.621093747119   0.0003640511588828847 -2.017273638136702
9417.724609372117   0.0001914487424531271 2.387190227728077
9423.828124997115   0.0002095748965195281 -0.3332028126210106
9429.931640622113   0.0002100305068115115 2.370757334012694
9436.035156247111   0.0002703174528518035 -0.8278336962933389
9442.13867187211   0.0001141887684874743 2.339008514923892
9448.242187497108   0.0002314139559646276 2.855867045440665
9454.345703122106   0.0001765328949066771 0.02326126165117358
9460.449218747102   0.0002049996354679644 0.665471899282592
9466.552734372101   0.0003036907859750811 -2.706966957930875
9472.656249997099   0.0001214187034896071 -0.4795733816701611
9478.759765622097   0.0001629908273857501 1.226142758058673
9484.863281247095   0.0002938814261101219 -2.324378509252261
9490.966796872093   0.0002403065208166568 0.05935460569211362
9497.070312497091   5.031653061450771e-05 -2.038927437440389
9503.17382812209   0.0003522460666437735 1.569370160550581
9509.277343747088   0.0005076017514734291 -1.87718123078919
9515.380859372086   0.0004881475007242607 1.137455975848154
9521.484374997084   0.0001922609896075377 -1.678850202060037
9527.587890622082   0.0002009812664285727 3.067490467794411
9533.691406247081   0.0002177731418079874 -0.54211868890671
9539.794921872079   0.0004426309389800085 2.740970561393303
9545.898437497077   0.0006607167092467965 -0.2518557005734146
9552.001953122075   0.0004298760177852671 2.716737618488144
9558.105468747073   0.0001114989057709768 -1.598089415578719
9564.208984372071   0.0002306977802332863 0.1986516684939006
9570.31249999707   0.0001983069960238413 -3.070321281644156
9576.416015622068   0.0002527411400389178 1.305076960920079
9582.519531247066   0.0003066919940985066 -1.643979091553267
9588.623046872064   0.0001627091768348795 -2.849522642239401
9594.726562497062   0.0004318117784005459 0.1787245440089587
9600.830078122061   0.0003581021918416747 -3.096422912573492
9606.933593747059   8.398289483903349e-05 0.9895249715490966
9613.037109372057   0.0002298934451969634 1.02432505565548
9619.140624997055   0.0001782066663821472 -1.260776434120106
9625.244140622053   0.0003003440221423494 -1.939649013895528
9631.347656247051   0.000446974377052863 2.08324222027989
9637.45117187205   0.000552589447710112 -0.7835179012028652
9643.554687497048   0.0004930377844838497 2.07930771621124
9649.658203122046   0.0002788486398307471 -1.547778572181374
9655.761718747044   0.0001952487219605318 1.322342414711942
9661.865234372042   0.0004785157392501857 -1.670136018036681
9667.968749997041   0.0005086383867945766 1.370977727663734
9674.072265622039   0.0001488334075579817 1.399257188034853
9680.175781247035   0.0004942388162571215 -1.615366013885876
9686.279296872033   0.0002625101918161172 2.247630343213095
9692.382812497031   0.0002920419553346021 0.6501891767117535
9698.48632812203   0.0003758529165869379 -2.423792010659562
9704.589843747028   0.000359808664909758 -0.00704801238476723
9710.693359372026   0.000353874244101139 2.225383609239926
9716.796874997024   0.0004395595559553499 -2.056700402616348
9722.900390622022   0.0004963843399107867 0.8218620900139811
9729.00390624702   0.0005350900689399375 -2.003302911595429
9735.107421872019   0.0006869920956124709 1.378684880908322
9741.210937497017   0.0005657626505144716 -1.372367167504944
9747.314453122015   0.0002917716535233713 2.5528225641369
9753.417968747013   0.0002448953706784144 -0.3222635182780003
9759.521484372011   0.0003647218131969792 1.890777256113338
9765.62499999701   0.0004124755370724987 -1.7313151921666
9771.728515622008   0.000443603964395593 1.570315225413392
9777.832031247006   0.0005369283952116492 -1.699184420351795
9783.935546872004   0.000535414975374563 0.9388113515292384
9790.039062497002   0.0003645315357864744 -2.41230861641567
9796.142578122   0.0002084232157809089 1.083779886072744
9802.246093746999   0.0001896959595788741 -2.023991987598795
9808.349609371997   0.0002822628761299965 -0.4718311398494608
9814.453124996995   0.0001842204990935481 2.175921269024911
9820.556640621993   0.0003139946147342029 1.94087182122147
9826.660156246991   0.0004142219098529568 -2.058893715746928
9832.76367187199   0.0001941308344366911 0.6642533363690917
9838.867187496988   0.0001587284560680094 0.7556057446398928
9844.970703121986   0.0003357900118234221 -1.498324442032626
9851.074218746984   0.0004312773461366071 1.970444049392708
9857.177734371982   0.0003460372949035872 -0.4062831419330256
9863.28124999698   0.0003403478466472886 -2.28356390980369
9869.384765621979   0.0002846446268174671 2.35530623217172
9875.488281246977   0.0002895049213335714 0.878303235274713
9881.591796871975   0.0004941561363393397 -1.237737183548952
9887.695312496973   0.0004633369851542018 1.986966957857522
9893.798828121971   0.0003386364143887066 -0.5954970133849279
9899.90234374697   0.0002929938403459764 3.06374316610317
9906.005859371966   8.141328542244421e-05 -1.902214267837372
9912.109374996964   0.0002170794791686914 0.8326061417731742
9918.212890621962   9.822187251864235e-05 -2.035674514417845
9924.31640624696   2.477841170500209e-05 -2.664428007712761
9930.419921871959   0.000278750017745329 -2.043442047011537
9936.523437496957   0.0006826683644228926 0.9845048764700829
9942.626953121955   0.0006635362971935631 -2.593196931309469
9948.730468746953   0.0006373129128912641 0.01271607660010273
9954.833984371951   0.0005722961857047326 3.079041560191199
9960.93749999695   0.0004423471736231629 0.4053596530056939
9967.041015621948   0.0004065861026662926 -2.064809571761757
9973.144531246946   0.0002566670212409531 0.6360227261721999
9979.248046871944   0.0002661623874680934 2.388303121331627
9985.351562496942   0.0003688302588927156 -1.992762985388885
9991.45507812194   0.0003705259142970342 0.5431151104630331
9997.558593746939   0.0002470680423779131 2.894595838535604
10003.66210937194   0.0003618358638747498 -0.5799602767244997
10009.76562499694   0.0002240522554917284 -2.901089860016584
10015.86914062193   0.0004397268251441063 1.663215139304804
10021.97265624693   0.0002709657600094766 -1.406195915455208
10028.07617187193   6.813788566122542e-05 -2.134258859933354
10034.17968749693   0.0001336439670290965 1.722739189461393
10040.28320312193   0.0002423351719570282 -0.3672218499080555
10046.38671874692   0.0002279510222437376 -2.235344245891136
10052.49023437192   0.0003891685405754179 2.292514985210357
10058.59374999692   0.0004045762045181194 0.2262186751270455
10064.69726562192   0.0002500789339643426 -1.769171764400101
10070.80078124692   9.116595987196911e-05 1.7448630273368
10076.90429687191   0.0003671157127703264 3.034346142758505
10083.00781249691   0.0003640398323725079 -0.5070225800750232
10089.11132812191   0.000236780540416535 2.29122284169595
10095.21484374691   0.0001821812202565249 -0.6931013447141932
10101.31835937191   0.0001817412230362097 0.7313616794053551
10107.42187499691   0.0001679523440660514 -2.186481699967922
10113.5253906219   0.0001613249042264256 2.094920802391111
10119.6289062469   0.0001874615478045242 -2.345242738418822
10125.7324218719   0.0004336784950263606 0.3659354812561213
10131.8359374969   0.0004917694635463621 -2.847677098273308
10137.93945312189   0.0001228071141263288 -0.6112125556242287
10144.04296874689   0.0004728099276995509 0.1291088828163914
10150.14648437189   0.0004317643629261368 3.009382577423641
10156.24999999689   8.644150538602838e-05 2.787186144049668
10162.35351562189   0.000159989341499132 -0.1346291737108907
10168.45703124689   0.0001672945754041707 1.451967716372738
10174.56054687188   0.0004411972508074452 -1.061906436784663
10180.66406249688   0.0005315874021654366 2.56799719498142
10186.76757812188   0.0004110311257309411 -0.7739859002064925
10192.87109374688   0.0004741530143584572 1.812998267067065
10198.97460937188   0.0001056761727477683 -1.48025499187189
10205.07812499687   0.0003254416285378243 -1.831905744944786
10211.18164062187   0.0004541175847735253 0.3649127762328723
10217.28515624687   0.0005406029697866233 -3.099228340802663
10223.38867187187   0.0003973330297887058 0.3569766616936235
10229.49218749687   0.0003287791815256424 -2.575482087340844
10235.59570312187   0.000291006748787926 1.25634367733425
10241.69921874686   0.000599817815068911 -1.677531696968953
10247.80273437186   0.000640760197193296 1.256325706954286
10253.90624999686   0.0004244362574427674 -1.846223642715846
10260.00976562186   0.0002765006995187502 1.291300577854112
10266.11328124686   0.0001644023706195737 -2.866608537633096
10272.21679687185   0.0003063200388263657 0.04771949403695706
10278.32031249685   0.0003226846953666811 -2.50152508990642
10284.42382812185   0.0003859918279043301 2.004619757226733
10290.52734374685   0.0006206837600887048 -0.7288898740610132
10296.63085937185   0.0004292995949550307 2.467472803195991
10302.73437499685   0.0001141594481475573 -1.635394954026143
10308.83789062184   0.0002210985955115825 0.8794442255416672
10314.94140624684   0.0002541624613042851 -1.675823228267786
10321.04492187184   0.0001801340016908137 1.480953155474225
10327.14843749684   0.000164593315206023 2.279663750719451
10333.25195312184   0.0003819624881735724 -1.007373517847729
10339.35546874683   0.000247334557391032 2.931708704731558
10345.45898437183   0.0002923090855016697 0.8740016401667632
10351.56249999683   0.000285940536262111 -2.367727834846842
10357.66601562183   0.0001778096843637366 0.4123721662739884
10363.76953124683   0.0002232692687336204 2.649920338025205
10369.87304687182   0.0004571395263997939 -0.644057961515086
10375.97656249682   0.0005030697249814605 2.187532358584726
10382.08007812182   0.0004144161088970498 -1.400724914338993
10388.18359374682   0.0003602225732135955 1.118662281163961
10394.28710937182   0.0003879492475313859 -2.202703865028425
10400.39062499681   0.0003174091275495946 1.334354281427034
10406.49414062181   2.53419574056567e-05 -1.161728263104652
10412.59765624681   0.0003929667165775363 -1.593625059548103
10418.70117187181   0.0003684133612349732 1.84166724168769
10424.80468749681   0.0003435636335342198 -0.4327175431050351
10430.90820312181   8.340409249820628e-05 2.398030479690409
10437.0117187468   0.0003674594035069989 2.901432752597961
10443.1152343718   0.0004340027582006616 -0.09672170967944965
10449.2187499968   0.0005585699629672321 -2.78898612625581
10455.3222656218   0.000256058620307867 0.1886726327624615
10461.4257812468   0.0002885181789192991 1.186279729714167
10467.52929687179   0.0001665018684026623 -0.7702140060941429
10473.63281249679   0.0004437911792297994 -2.698909298333235
10479.73632812179   0.0005008430930997873 0.4456961158667468
10485.83984374679   0.0001912234047055959 -3.127180213463866
10491.94335937179   0.0001884779735702534 -1.481985433054437
10498.04687499679   0.0002165119534112039 1.93483660115485
10504.15039062178   0.0001911899527149656 -0.9756524896044125
10510.25390624678   0.0002205115478619697 2.984805652490005
10516.35742187178   0.000270270911032739 0.7388696696837047
10522.46093749678   0.0003621812824558674 -2.098521709009128
10528.56445312178   0.0002808371970291151 0.5468927198854652
10534.66796874677   0.0004454124455924741 2.663075315397591
10540.77148437177   0.0006743826779365477 -0.7312931345320267
10546.87499999677   0.0005182545323969312 1.678672410140729
10552.97851562177   0.0004188560124547857 -2.352356884591862
10559.08203124677   0.0002075645721753648 1.817783073013868
10565.18554687177   0.000435795794342794 -0.6506463227912249
10571.28906249676   0.0004071213448186483 -3.048068477178108
10577.39257812176   0.0005211914494487862 0.3199713143777109
10583.49609374676   0.000444914488584736 2.95782069576159
10589.59960937176   0.0003545933367226664 -0.5642468600234236
10595.70312499675   0.000113764325269416 2.701383864502306
10601.80664062175   6.373486396792068e-05 -2.671493872563115
10607.91015624675   0.0003662051053929657 1.236131167354736
10614.01367187175   0.0004657432249108103 -2.267262168673311
10620.11718749675   0.0003399754000309565 0.03813004921522158
10626.22070312175   0.0004123266434753014 2.388646041343117
10632.32421874674   0.0005959172821082564 -0.6552773761389085
10638.42773437174   0.0004158193779213609 2.888806837457066
10644.53124999674   0.0002955341119160682 0.9860126646804944
10650.63476562174   0.0004892571329422088 -1.829755606437166
10656.73828124674   0.0002828103622510074 1.760583081146396
10662.84179687173   0.0002617415078025336 1.087910139297404
10668.94531249673   0.0002540293353495358 -1.108869435636665
10675.04882812173   0.0002770664205304066 -2.112485946953505
10681.15234374673   0.0002932473815296968 1.452823103193452
10687.25585937173   0.000170216791393211 -1.06491922684911
10693.35937499673   0.0001043999837168957 1.371091252382463
10699.46289062172   0.0001905173818263457 3.118534629577927
10705.56640624672   8.726704250142682e-05 1.364040800267294
10711.66992187172   0.0001618699106691783 -1.160260641357267
10717.77343749672   6.88569593413994e-05 0.9742138545669454
10723.87695312172   0.0001737817809831874 0.4623715315574567
10729.98046874671   0.0004461561430506781 3.085129501125491
10736.08398437171   0.0004898061039974801 -0.8319848967404934
10742.18749999671   0.0004866494767011265 1.771754307452
10748.29101562171   0.0004459306135310335 -1.105756747847385
10754.39453124671   0.0003862805231490326 2.570917732951555
10760.49804687171   0.0001718863591370032 -0.3688485275718724
10766.6015624967   0.0001907487648102019 -2.964081407622482
10772.7050781217   0.0004169881348072828 0.1652121216056534
10778.8085937467   0.0003607929994734751 3.093080193417854
10784.9121093717   0.0002841342151866066 -0.0271140125206126
10791.01562499669   0.0003895367842608647 2.983188507043459
10797.11914062169   0.0002847872937486148 -0.5342224191323814
10803.22265624669   0.0001288031752513455 1.995887586947639
10809.32617187169   0.0001985365676947854 -0.4638733092176078
10815.42968749669   0.0002262784943609718 -2.282090458413454
10821.53320312169   0.0002377258186650664 1.972076990535757
10827.63671874668   9.035223661758478e-05 1.822468976439602
10833.74023437168   0.0004010383843539702 -0.6531934747545034
10839.84374999668   0.0004231554926507197 1.767732452488706
10845.94726562168   0.0006072027997783328 -2.450100089206473
10852.05078124668   0.0006547793634442205 -0.07869106315517437
10858.15429687167   0.0004307419506180271 2.486392134521166
10864.25781249667   0.0002321628055584201 -2.587056957746494
10870.36132812167   0.0004878857457640186 0.2804400508867582
10876.46484374667   0.0004556142434888473 -2.695177674972778
10882.56835937167   0.0003941113236465839 0.2553916688634756
10888.67187499667   0.0004113924954844722 3.133857154149787
10894.77539062166   0.0001395531893107354 -0.2746380428241992
10900.87890624666   4.746260553936914e-05 1.49007927860627
10906.98242187166   0.0003871705799980969 -0.07132856015205045
10913.08593749666   0.0005598987530924296 -2.949076923250715
10919.18945312166   0.0004342911084997523 0.3338477708648203
10925.29296874665   0.0002588461292105299 -3.134400760517178
10931.39648437165   0.0001598525339912128 0.007863441752089561
10937.49999999665   0.0001243472783939153 -0.9776735298706526
10943.60351562165   0.0003150888337808612 2.455232258286189
10949.70703124665   0.0001485968191018462 -1.269165028183232
10955.81054687165   0.0001170847654319941 -1.198737759309257
10961.91406249664   9.999013594332632e-05 1.549333758762366
10968.01757812164   0.0001952243159705965 -3.034450685775602
10974.12109374664   0.0005886383223005038 0.1900500671262092
10980.22460937164   0.0005383255648821872 2.887497807422219
10986.32812499664   0.0003130512178351126 -1.394884855665292
10992.43164062163   0.0002717984892804296 0.2067663751669098
10998.53515624663   0.0004102987721285223 -2.967490432339232
11004.63867187163   0.0002626602377318174 1.337386714126385
11010.74218749663   0.0004477720712140776 -0.1143159968293294
11016.84570312163   0.0004188694772468973 -2.779849600835448
11022.94921874662   9.710800892689319e-05 1.218467136191139
11029.05273437162   0.0001730464916169007 0.05860107221334341
11035.15624999662   0.0001008720208467006 2.599746360100217
11041.25976562162   0.0001968913039530943 -0.7772890156962697
11047.36328124662   0.0004423829968148313 -2.553426876034673
11053.46679687161   0.000556625552693006 0.8496436325207741
11059.57031249661   8.348422838177759e-05 0.1432664484243961
11065.67382812161   0.0004912915854405651 -2.497926747793152
11071.77734374661   0.0003754080842570148 1.342825368944544
11077.88085937161   0.000269750549438161 -1.267324420867898
11083.98437499661   0.0001807608363505791 2.277640072496821
11090.0878906216   0.0003359460517495736 -0.1933334445566589
11096.1914062466   0.0004532827272893044 -2.407147777388301
11102.2949218716   0.0002843117342305087 1.311854450253437
11108.3984374966   0.0001644245885506665 1.01573617024186
11114.5019531216   0.0003415433714768674 -1.450232437228187
11120.60546874659   0.000429694371246298 1.765225314988006
11126.70898437159   0.000434175481485445 -1.275448698299099
11132.81249999659   0.0004949611705603058 2.124641988457555
11138.91601562159   0.0004132654848648903 -1.413377996311953
11145.01953124659   0.000175038624964112 1.457823919752054
11151.12304687159   0.0002013337126397705 1.159301626354123
11157.22656249658   0.0001794167119552539 -1.650891816760723
11163.33007812158   9.932055842156693e-05 -0.1733732297444413
11169.43359374658   0.0002612847353738596 -2.927667206780507
11175.53710937158   0.000287440688883755 1.237192165813994
11181.64062499658   0.0004667451981039874 -0.9114013014906409
11187.74414062157   0.0002664923266914932 2.537884773204687
11193.84765624657   0.0001775593444446726 2.582192254968475
11199.95117187157   0.0001892040861347383 0.1926203611949474
11206.05468749657   0.0002980445558581538 -1.590737152166727
11212.15820312157   0.0003251032149083936 1.672112668444901
11218.26171874657   0.0001762754606167865 -1.742590025009758
11224.36523437156   3.420626507588816e-05 2.602119386389434
11230.46874999656   0.0001647156777406104 0.6724354103633191
11236.57226562156   0.0002505156620918084 -1.985545171873841
11242.67578124656   0.0003518515753526654 1.781199872237059
11248.77929687155   0.0003398057374897103 -1.026803630132295
11254.88281249655   0.0001925932710299405 2.52347696148244
11260.98632812155   0.000185104675398673 -0.5055328840586918
11267.08984374655   0.0002248444471829135 2.716191145944804
11273.19335937155   0.0002963830011292445 0.1530190970140404
11279.29687499655   0.0004010264096057698 -2.758080582669143
11285.40039062154   0.0003198931299285239 0.5269703179342132
11291.50390624654   0.0001444877079797355 -2.608769802800308
11297.60742187154   0.0001376437419496552 -2.561880528258813
11303.71093749654   0.0003207404479954561 0.6418932935238785
11309.81445312154   0.0002388015601066883 -2.311656017964308
11315.91796874653   0.0003060818761089215 0.1463089277114837
11322.02148437153   0.0004380985032184601 2.856385261006359
11328.12499999653   0.0002967318138086628 -0.6777937167969242
11334.22851562153   0.00020026439929858 0.9037487158860582
11340.33203124653   0.0003839270364894211 -2.984847075817964
11346.43554687153   0.0004092172417249099 -0.4450257021747624
11352.53906249652   0.0003200757373207573 2.812830458373969
11358.64257812152   0.0002688246752120926 0.8120681170524535
11364.74609374652   0.0002949365489672623 -2.305468024875493
11370.84960937152   0.0002926012105395547 0.6056753832885863
11376.95312499652   0.0001203033683385625 -1.859743734387277
11383.05664062151   2.842604986397129e-05 2.147465230885264
11389.16015624651   7.12803302043357e-05 1.770679810490352
11395.26367187151   0.0003133810672688177 -1.420000004853257
11401.36718749651   0.0005568694577173739 2.094095405752511
11407.47070312151   0.0005693402925234957 -0.8767190039485243
11413.57421874651   0.0003826309951024452 1.987211839999998
11419.6777343715   0.000316158988534571 -1.591545752002612
11425.7812499965   0.0003860076189584247 1.576260857128849
11431.8847656215   0.0002754054283909481 -0.8003270693805337
11437.9882812465   0.000442438294427131 -2.952401384090503
11444.0917968715   0.0003767123857109965 0.1793077402848059
11450.19531249649   0.0002917631462046463 -2.274539015014778
11456.29882812149   0.0002955752289129109 1.525340827554259
11462.40234374649   2.002193962790702e-05 1.526539257440203
11468.50585937149   0.0002146496109683166 0.1682103730206785
11474.60937499649   0.0004109913898538446 -2.277272045639271
11480.71289062148   0.0002964256740330982 1.240489412522006
11486.81640624648   0.0003588521919940486 -1.107803589838037
11492.91992187148   0.0003695219285294781 2.281227497136377
11499.02343749648   0.0002660906537424178 0.333074975303568
11505.12695312148   0.0003956486660590071 -2.68653495389295
11511.23046874647   0.0001004494684750328 0.4535582233938147
11517.33398437147   0.0001787922692583858 -0.627994258028342
11523.43749999647   8.997543544605358e-05 2.205510233801979
11529.54101562147   0.0001346858849470342 -0.9753283497231249
11535.64453124647   0.0002814851346962537 1.22488663287909
11541.74804687147   0.0003590600422317491 -2.506105913750382
11547.85156249646   4.691384881900079e-05 2.150222460810326
11553.95507812146   0.0003736082403659077 0.2442829893164298
11560.05859374646   0.0002742438593755299 3.05035579466327
11566.16210937146   0.0002176650645537893 -0.8511127076416155
11572.26562499646   0.0003230897048568973 2.701226387283365
11578.36914062145   0.0003877711179794173 -0.1733141519596091
11584.47265624645   0.000116671832107436 -3.103890709626921
11590.57617187145   0.0001250502798424322 2.761557193408124
11596.67968749645   0.0001006474856036545 0.9212442513072221
11602.78320312145   0.0002886008951852765 -2.102158070524779
11608.88671874645   0.0003456421294055764 0.2765834628626895
11614.99023437144   0.0002405286447499068 2.722327620638295
11621.09374999644   2.975479468568778e-05 -0.7939375614203817
11627.19726562144   0.0001241825890490182 -1.157188631268468
11633.30078124644   0.000118002544612717 0.8457501187955518
11639.40429687144   0.0003492547957371849 -2.808262368673231
11645.50781249643   0.0005846135214790649 0.5943352364768996
11651.61132812143   0.0006705381193251516 -2.468010617039893
11657.71484374643   0.0006263302482897429 0.7724869583620424
11663.81835937143   0.0005059353581012789 -2.559484607268758
11669.92187499643   0.0004653819431095514 0.0391980243614803
11676.02539062143   0.0002999071808775173 -2.263006602557131
11682.12890624642   0.0003210002731533705 1.244484744821485
11688.23242187142   0.0004545723016766151 2.74253530791125
11694.33593749642   0.0006460620712949217 -0.797334985219335
11700.43945312142   0.0004381835328378925 2.708792930597157
11706.54296874641   0.0004478895843330637 0.66239032119033
11712.64648437141   0.0003147473637635191 -1.747006388917656
11718.74999999641   0.0002372240202269849 2.674491956014584
11724.85351562141   0.0002650500554632725 0.4308720639617688
11730.95703124641   0.0001719485703257157 -2.268506377903999
11737.06054687141   0.0002222576751039086 -0.5741851477783932
11743.1640624964   0.0003985899908653801 2.870721707216578
11749.2675781214   0.0001261021701331829 -0.6267552375631354
11755.3710937464   0.0002727152155165595 0.6802031620463593
11761.4746093714   3.804550606579607e-05 -0.6473312332769688
11767.5781249964   0.0003599871446620587 -2.745398066401332
11773.68164062139   0.000258167750688725 -0.1995868268528719
11779.78515624639   0.0002703907804492723 1.24819470532001
11785.88867187139   0.0003377502720093244 -2.949415328011171
11791.99218749639   0.0002888827654354218 -0.8316290392386375
11798.09570312139   0.0002502369281522708 2.109046916535852
11804.19921874639   0.0003279825283150621 -0.1002470716716813
11810.30273437138   0.0001976873989671373 -2.846066768377636
11816.40624999638   0.0001662077117295992 -2.492692838449802
11822.50976562138   0.00012663394035891 2.017422871329535
11828.61328124638   0.0003662654237873818 0.2705803774308227
11834.71679687138   0.0003643750313058997 2.924404097470753
11840.82031249637   0.0003117640233242961 -0.8459948082606545
11846.92382812137   0.0002130039838839164 -0.1721536759956111
11853.02734374637   0.0002740255147455806 3.100279666872013
11859.13085937137   9.701120803772565e-05 1.816048791396569
11865.23437499637   0.0001257200608123215 1.741618555248188
11871.33789062137   0.0003945748872518018 -0.7610646393189164
11877.44140624636   0.0003291126213189173 2.30310519565093
11883.54492187136   0.0001669001355751911 -2.589897416153548
11889.64843749636   0.0002455938483254761 -0.9013241724000555
11895.75195312136   0.0004403269629480831 1.885499070086817
11901.85546874636   0.0005344662267977342 -0.5234745541369201
11907.95898437135   0.0006340756412181203 -3.028526619489371
11914.06249999635   0.0006162382922730857 0.5053247837566922
11920.16601562135   0.000557720455933497 -2.760018194240758
11926.26953124635   0.0002773786525229624 -0.3766859955160282
11932.37304687135   0.0002480903067995948 0.07796527806801247
11938.47656249634   0.0005092095194866945 2.340858318186883
11944.58007812134   0.0006677282433325148 -0.955944022466486
11950.68359374634   0.0006957827675200349 2.201126826829054
11956.78710937134   0.0005056475639345882 -1.182742208801295
11962.89062499634   0.00036181354061611 2.242832626216885
11968.99414062133   0.0005354791446443296 -0.5754730108336985
11975.09765624633   0.0003750087388576853 2.479329687219977
11981.20117187133   0.0001023711745290681 2.452513280313143
11987.30468749633   0.0002302246321169098 -0.6664065434083296
11993.40820312133   0.000101779140607681 -1.470277949463238
11999.51171874633   0.0002823349402309054 2.04146069015382
12005.61523437132   0.000330637628637988 -1.599386542188358
12011.71874999632   0.0004946601348432273 1.240431132504847
12017.82226562132   0.000390575913546616 -2.618291023078992
12023.92578124632   0.000353057265892818 -0.8699477902998863
12030.02929687132   0.0003869004576812455 0.8731691552931915
12036.13281249631   0.0003697482498652746 -2.588874935800521
12042.23632812131   0.0002621772773542463 1.52840096264123
12048.33984374631   0.000382373429670761 -1.171526231160617
12054.44335937131   0.0004950738181700082 1.87423958686312
12060.54687499631   0.0002621034638726135 -1.012970922507801
12066.65039062131   0.0003281544825732491 -2.002613552829931
12072.7539062463   0.000269084281333063 1.363396200130734
12078.8574218713   0.0001322287390522403 2.032103391683064
12084.9609374963   0.0003375086350533336 -1.406653402968468
12091.0644531213   0.0004511808342842744 1.521755373912707
12097.1679687463   0.0004166272576991811 -1.294804783862843
12103.27148437129   0.0002605756344654697 1.850484536515313
12109.37499999629   0.0001126195342390558 -1.122237006179804
12115.47851562129   0.0003593026364881609 -2.760723903949002
12121.58203124629   0.0004120096091559502 0.3406819353654705
12127.68554687129   0.0002570324100505145 -3.118603470641876
12133.78906249628   0.0001945281387783802 1.158904402187055
12139.89257812128   0.0003516046256377198 -0.971971536385893
12145.99609374628   0.0003766437010008161 2.698952039960596
12152.09960937128   0.0002133382561831079 -1.360148715866716
12158.20312499628   0.0003301782296523096 0.9150535632821782
12164.30664062127   0.0001106481244371048 2.666964900922162
12170.41015624627   0.0002127484292956415 -1.259899153369276
12176.51367187127   7.413655328300249e-05 2.159022827829534
12182.61718749627   9.002294662779289e-06 2.884664533870049
12188.72070312127   0.0001229278965160417 -2.800503023024963
12194.82421874627   0.0002897872910221915 -0.8089967729529437
12200.92773437126   0.0004533779811405699 1.559071351606254
12207.03124999626   0.0004254151713210716 -2.318696384622445
12213.13476562126   0.0004779263155146839 0.7783509682191416
12219.23828124626   0.0003547856522856188 -2.113910138922967
12225.34179687126   0.0001789711659809251 -0.9381124127611531
12231.44531249625   0.0003274386921164 2.288215783013082
12237.54882812125   0.0003969601703693457 -0.1665437318007267
12243.65234374625   0.0003514162253197137 2.671266384384031
12249.75585937125   0.0002856473132291907 -1.334570123417898
12255.85937499625   0.0004230948060022811 1.458971083224194
12261.96289062125   0.0004491994251838273 -1.635759670186705
12268.06640624624   0.0001321043450010751 0.7972801629390621
12274.16992187124   0.0002036625985930622 -3.098535779862769
12280.27343749624   0.0001678804683109775 1.700725338309949
12286.37695312124   0.000263739151465797 -0.3004579844797606
12292.48046874624   0.0001187417303855772 2.865435109398756
12298.58398437123   0.0001527164154524736 -1.617077906999247
12304.68749999623   0.0003462011578921204 2.170550039367571
12310.79101562123   0.0003232446057578211 -0.7787350169192796
12316.89453124623   5.40720364008051e-05 2.638137386888792
12322.99804687123   0.0001909827098022545 1.158035089894873
12329.10156249623   0.0002092236593851647 -2.313324498871319
12335.20507812122   0.0002556496064433677 -0.4510623125020188
12341.30859374622   0.0002191094732569709 2.333541404868467
12347.41210937122   0.0001511183949560162 1.888606136644036
12353.51562499622   0.0002310845249677065 -1.511297716223348
12359.61914062121   7.112041788866283e-05 -1.280635566396884
12365.72265624621   0.0001600194790686931 1.154679543064367
12371.82617187121   0.0001196233871660922 -2.783620271478466
12377.92968749621   8.836377234588655e-05 1.830998343855256
12384.03320312121   0.0001707163618328862 -0.463097623292118
12390.13671874621   0.0001438869431934996 -2.423183712335244
12396.2402343712   8.297233480620766e-05 1.272869377205154
12402.3437499962   0.0002653669644976965 0.927906154481749
12408.4472656212   0.0004471187251777636 -2.010512208035942
12414.5507812462   0.0003490971297492122 1.046514429338539
12420.6542968712   0.0003050961370201676 -3.045496980513039
12426.75781249619   0.0001132100270045158 1.00652375963364
12432.86132812119   0.0003741506218649498 -1.032436267613574
12438.96484374619   0.000203275877578966 1.552002110398098
12445.06835937119   0.0002195062807561637 -2.171042853586265
12451.17187499619   0.000278607132820398 2.098758981923234
12457.27539062119   0.0002764328675608339 -0.2524409775599281
12463.37890624618   0.0001758910725152654 3.06802756428192
12469.48242187118   0.0001616088482340615 -0.350295972879272
12475.58593749618   7.529025112486804e-05 -1.677521744712726
12481.68945312118   0.0002580597521688838 1.835695781631041
12487.79296874618   0.000415019313258351 -2.176044043749879
12493.89648437117   0.0004772895829188128 0.643954688059156
12499.99999999617   0.0001254281576791257 -1.168539029579384
12506.10351562117   0.0001380826115337889 2.092501583506801
12512.20703124617   0.0004951148579946173 -2.539788543480326
12518.31054687117   0.0005208378954025419 0.7094077259528123
12524.41406249617   0.0002928295634410761 -2.460456663408304
12530.51757812116   0.0003135143534093301 0.1647862397280733
12536.62109374616   0.0004892513320597241 -2.644015669929209
12542.72460937116   0.0005759288112449396 0.5781738671511641
12548.82812499616   0.0003433127949192604 2.797872850315558
12554.93164062116   0.0002918004551084976 -1.502007383894756
12561.03515624615   0.000176720888153908 -0.9103697599301941
12567.13867187115   0.0003872106128648335 1.236053420851488
12573.24218749615   0.0004306762917165122 -1.923954756292299
12579.34570312115   0.0004509684411146254 1.941398097131468
12585.44921874615   0.0002907076270725993 -0.6364186841682669
12591.55273437114   0.0002839912160627963 -2.993863359031042
12597.65624999614   0.0002374051589302421 -0.7693201905077173
12603.75976562114   0.0003492378915088691 1.305267295873085
12609.86328124614   0.0001338991969629477 -2.018680373025429
12615.96679687114   0.0001799446015319867 3.124997412361968
12622.07031249613   0.0002980557877325127 0.05988111140635369
12628.17382812113   0.0001473420192854322 -2.474587146857516
12634.27734374613   0.0001971816121097701 1.434785691386709
12640.38085937113   0.000410548880340786 -2.355536496144508
12646.48437499613   0.0005164615382185802 0.3002803038173598
12652.58789062113   0.0002569418537202069 2.760235737446922
12658.69140624612   0.0001818168379899456 -2.650057500435313
12664.79492187112   0.0002357140365578786 -0.5964919891573323
12670.89843749612   6.882392905257196e-05 0.7611239118065357
12677.00195312112   0.0002586379862401781 2.738845584855129
12683.10546874612   0.0002735690472401132 -0.05841253682688114
12689.20898437111   0.0001585291451028465 2.694518576052768
12695.31249999611   0.0002023936510352172 -2.374027545295936
12701.41601562111   0.0003796550650035166 0.2484549461805381
12707.51953124611   0.0005375854547369023 3.065161649411309
12713.62304687111   0.0004982576804650517 -0.4499935461682718
12719.72656249611   8.387436557763623e-05 0.1479112650963803
12725.8300781211   0.0002952555446523357 2.124341144158348
12731.9335937461   0.0002994358480894192 -2.910926098673908
12738.0371093711   0.0003337662241667035 -0.5465523986365254
12744.1406249961   0.0003562941343357506 1.866269326273781
12750.2441406211   0.0003593906960284338 -1.082594558634111
12756.34765624609   3.721118938099709e-05 2.428159614934045
12762.45117187109   0.0002593112167278334 2.290566811968656
12768.55468749609   0.0003474025866874284 -0.9529071304295864
12774.65820312109   0.0003924889649524821 2.541746639902587
12780.76171874609   0.0002471976796502432 -0.03572563227901519
12786.86523437109   9.985987348607981e-05 -2.606730416103716
12792.96874999608   0.0002158011218736185 -0.631872162772309
12799.07226562108   0.0001636407107712761 2.829077722469759
12805.17578124608   0.0004039200674863942 1.557522870993868
12811.27929687108   0.0003737949417419715 -1.207026643397832
12817.38281249607   0.000234906827888049 -2.190468155209417
12823.48632812107   0.0004455227535246926 1.319070344569643
12829.58984374607   0.0004855460383828638 -1.88059906255253
12835.69335937107   0.0003759854597249977 1.682530768735513
12841.79687499607   0.0001867033116323879 -1.153055390529946
12847.90039062107   0.0002334511818368186 0.4928801370230049
12854.00390624606   0.0002696997040924672 -2.817684154042562
12860.10742187106   6.079510635309995e-05 -1.088908668727808
12866.21093749606   0.0002558364298716255 -0.5741610655496336
12872.31445312106   0.0005221782484877199 2.152196692924215
12878.41796874606   0.0002288826783722221 -1.332270836195528
12884.52148437105   0.0002478409600709925 0.348164206479895
12890.62499999605   0.0002827183051370669 -1.842740692438164
12896.72851562105   0.0002410494040044132 2.219041591857604
12902.83203124605   8.918135394834219e-05 2.543646421358736
12908.93554687105   0.0004496144098527356 -0.05552757784450497
12915.03906249605   0.0004151260419125036 3.084095649322788
12921.14257812104   0.0001291720114566215 -2.605076587651253
12927.24609374604   0.0001830816644287729 -0.3311038688072138
12933.34960937104   0.0002857076009525115 -0.1428461229890926
12939.45312499604   0.0003186132430259842 2.252568109048729
12945.55664062104   0.0002964380595981676 -2.254521955287388
12951.66015624603   0.0002100616670693292 1.755027706856414
12957.76367187103   0.0004672700082147728 -0.5010774657012804
12963.86718749603   0.0002542017931399706 -2.579833159162343
12969.97070312103   0.0005463059697392857 1.627035089428086
12976.07421874603   0.0004017940668426334 -1.705047272876033
12982.17773437103   7.008715560338767e-05 -1.843662016442713
12988.28124999602   0.0004349592539194475 0.6713008847975311
12994.38476562102   0.0004374636713356512 2.911928117295989
13000.48828124602   0.0005341976396090268 -1.051702635583234
13006.59179687102   0.0004494926720187604 1.733200485982924
13012.69531249602   0.0002866762407024608 -1.239012550747352
13018.79882812101   0.00027713865462649 2.350041793296275
13024.90234374601   0.0001732182836265327 -1.021053251600226
13031.00585937101   4.158648345761633e-05 -3.026146243864134
13037.10937499601   0.00017145559288582 2.140099893754206
13043.21289062101   0.0004161101982818856 -0.3332800178632418
13049.316406246   0.0005835937203006036 -2.910589029599669
13055.419921871   0.000573047750809983 0.8082479034337808
13061.523437496   0.000524767286428117 -1.341309705583233
13067.626953121   0.0004757163966175708 2.332633179606651
13073.730468746   0.0001106477590463873 -0.330478295369692
13079.83398437099   0.0001544464306390758 -1.204864183990875
13085.93749999599   0.0003495695643462072 2.386400050477815
13092.04101562099   0.0005432681429288859 -0.6774282935294269
13098.14453124599   0.0004482843875517266 2.027971242072638
13104.24804687099   0.000351589768642753 -2.017612837380368
13110.35156249599   0.0002711136378635862 0.5962737925581351
13116.45507812098   0.0003198062856647425 -2.502800951121828
13122.55859374598   0.0003932910941203109 0.6479914782908317
13128.66210937098   0.000112209190073308 -2.834391007736778
13134.76562499598   1.075741680373979e-05 -0.4998352742394576
13140.86914062098   0.000178756769333293 -2.273939860901124
13146.97265624597   0.0002541880732669413 0.8812761164466097
13153.07617187097   0.0001990923399886982 -3.038797920530986
13159.17968749597   0.0003433651770354778 -0.8685567962548683
13165.28320312097   0.0004244341627413473 2.49981623733966
13171.38671874597   0.0003128075818012781 -0.554439937126659
13177.49023437097   4.248346403995566e-05 2.253317068427791
13183.59374999596   0.0002156706008577747 0.8302379111496949
13189.69726562096   0.0002540832089188653 -1.719114393339973
13195.80078124596   0.0004261437756126042 2.081702618876273
13201.90429687096   0.0004274532275501767 -1.387901955258944
13208.00781249596   0.000339786086495592 1.855665414163973
13214.11132812095   0.0003713783836141349 -0.5552423311305453
13220.21484374595   0.0005621798177893677 -3.103687338940344
13226.31835937095   0.0005042936667369855 0.2364919227644018
13232.42187499595   0.0002063433180107029 3.101501072190719
13238.52539062095   0.0001723370833087169 -0.07328013023019699
13244.62890624594   0.0002283375442030213 -2.645536901616634
13250.73242187094   0.0003103065840177958 0.4666683110892253
13256.83593749594   0.0003461156465933111 -2.706374367278035
13262.93945312094   0.0002640566876152595 0.1782996207467275
13269.04296874594   0.0001315910619139046 2.812294339385472
13275.14648437093   0.0001267749440527249 2.153144444990612
13281.24999999593   0.0001059562344220366 -0.6857872987260927
13287.35351562093   0.0001435592183503656 -1.3845248070887
13293.45703124593   4.071095917123041e-05 2.776382892233543
13299.56054687093   0.0002726248999342635 1.983023998015971
13305.66406249593   0.0003137787736612068 -0.8060613516018058
13311.76757812092   0.0002578907378497228 1.799933198016719
13317.87109374592   0.0003321328568701568 -1.855089261653492
13323.97460937092   0.0001948904221226089 2.459549674408701
13330.07812499592   0.0003970853136325895 0.09633548461687158
13336.18164062092   0.000205065210379823 -2.614636876809452
13342.28515624591   0.0001414367023653669 2.009504326149077
13348.38867187091   0.0001568546758986176 -2.634076136350027
13354.49218749591   0.0004195772910481725 -0.06684143143357184
13360.59570312091   0.000369726064575184 3.073204187894218
13366.69921874591   0.0002118077426244898 0.4816616978335615
13372.80273437091   0.0001381760563867491 -2.82469256995862
13378.9062499959   7.465836562323404e-05 -1.160946426367936
13385.0097656209   2.553281621603912e-05 -0.1726143048279459
13391.1132812459   0.0001515647013415457 1.619185633495418
13397.2167968709   0.0003130148305073208 -1.581534229627685
13403.3203124959   0.0002582777662989823 1.80495380122792
13409.42382812089   0.0001367621445470777 0.4966930748966669
13415.52734374589   0.0001573573387596654 -1.701921999068203
13421.63085937089   4.370414645396746e-05 -1.445402934497702
13427.73437499589   0.0003444502002858634 1.844411100651443
13433.83789062089   0.0004780899430683181 -1.143424580937222
13439.94140624589   0.0001868227421838384 2.386806129423591
13446.04492187088   0.000204442023042234 0.8604630509958326
13452.14843749588   0.0003130653297201133 -2.842222834635417
13458.25195312088   0.000219515968972125 0.03130662114843732
13464.35546874588   4.736442025610329e-05 2.11985502504064
13470.45898437087   0.0003168343522774591 -1.757536935388985
13476.56249999587   0.0002688583035892923 1.524818992320028
13482.66601562087   8.412908479938506e-05 1.42707459610404
13488.76953124587   0.0001081105274749686 0.7674702726818079
13494.87304687087   0.0003378198992155632 -1.66230885917587
13500.97656249587   0.0002451523875848784 2.508916270199141
13507.08007812086   0.000330381055267968 0.1122808766664511
13513.18359374586   0.0001668448806529306 1.840954755012562
13519.28710937086   0.0003831870820259647 -2.470400479710621
13525.39062499586   0.0002402391589038375 -0.1242878030130389
13531.49414062086   0.0001728034648612526 1.982824356029614
13537.59765624585   0.0002491301466848287 -2.177703644572729
13543.70117187085   0.0003256136951063187 0.9362652762057329
13549.80468749585   4.201448966209061e-05 0.5024101590468258
13555.90820312085   0.0004044206039735995 -1.688162224476324
13562.01171874585   0.0004381691546134992 1.820401909040508
13568.11523437085   0.000215909689270785 -0.4911932775998101
13574.21874999584   0.0002283232691164015 -2.449600163951369
13580.32226562084   0.0002319753503239375 0.7440785747769928
13586.42578124584   0.0002557602647048443 -2.700726084594158
13592.52929687084   0.0002406933136144412 -0.5201879965188546
13598.63281249584   0.0004197210640140138 2.03904177503061
13604.73632812083   0.0003506265499207876 -1.122171967576832
13610.83984374583   0.0003331789738322471 1.977613288382384
13616.94335937083   0.0005046427298809824 -0.9635295924035896
13623.04687499583   0.0003205017914776968 2.554672065119984
13629.15039062083   7.843203150222864e-05 -1.637112169371679
13635.25390624583   0.0002601451724481001 1.865654187440019
13641.35742187082   0.0002270622141503139 -0.1700418606452301
13647.46093749582   0.000213613240251446 -1.987565432522423
13653.56445312082   0.0002713029505912491 1.463166499762807
13659.66796874582   0.0004069388916999782 -1.425963223636196
13665.77148437082   0.0001937653805041005 2.229090900611168
13671.87499999581   0.0003473189180939291 2.157938871312334
13677.97851562081   0.0005820194787177389 -0.8067239138244519
13684.08203124581   0.0003456667767165638 1.724430885466266
13690.18554687081   0.0003267630816046293 -1.82997368829585
13696.28906249581   0.0003594933571375909 1.667382761386442
13702.3925781208   0.0002611382275314603 -1.878982631891982
13708.4960937458   0.0001680155504719056 0.4354048612721632
13714.5996093708   0.0002506093935413323 2.951474559630222
13720.7031249958   0.0003459922264592082 -0.5315681399262716
13726.8066406208   0.0002047195056770984 2.520085556953171
13732.91015624579   7.090611786999344e-05 0.82056527816446
13739.01367187079   0.0002332357117069207 -1.922469257551797
13745.11718749579   0.0003068501837775329 1.146716639561803
13751.22070312079   0.0001908562255020218 2.944250832149481
13757.32421874579   0.0002605311774934846 -0.5488799236629057
13763.42773437079   0.000196526504451542 -2.044664013266003
13769.53124999578   0.0003187732227399139 1.648844066852977
13775.63476562078   0.0003330383056243298 -2.03735266601459
13781.73828124578   0.000462766174884039 0.6982518968523799
13787.84179687078   0.0002532444093680234 -1.751715041679728
13793.94531249578   0.0003439335732319168 2.736024025203651
13800.04882812077   0.0001273382473050444 -0.6486027092859092
13806.15234374577   0.0002035177332920196 0.9630203903541928
13812.25585937077   0.0002159789313778759 -1.251888816052886
13818.35937499577   8.089647846562932e-05 0.4171909623418487
13824.46289062077   0.0003561928271638509 -2.981285740233087
13830.56640624577   0.0003306167400493478 0.8724563766132172
13836.66992187076   0.0002367384821476876 -1.51088995392858
13842.77343749576   0.0001941699811737753 2.424868676391401
13848.87695312076   0.0002161594091671297 -0.7792566127604763
13854.98046874576   0.0002600112114752576 2.181341159925124
13861.08398437076   3.583578340531029e-05 -1.096591720758809
13867.18749999575   0.0001690221915084861 -0.3592308158659047
13873.29101562075   0.0002696628451663266 -1.594249177876466
13879.39453124575   0.0005054501200701513 1.823004417345995
13885.49804687075   0.000120601932674222 -1.597893688770004
13891.60156249575   0.0003614694635571702 -1.583684663247111
13897.70507812075   0.0004254583200681294 1.230243421389544
13903.80859374574   0.0002647593433366121 -2.252006025118924
13909.91210937074   0.0002124097594996545 -0.229284611909787
13916.01562499574   0.000118535262442489 -2.877783679441762
13922.11914062074   0.000392642000823399 1.903143067469234
13928.22265624573   0.0004429717484201256 -0.8702837604254801
13934.32617187073   0.000366174210706919 2.24758414835792
13940.42968749573   0.0003124337461386884 -1.617015354133066
13946.53320312073   0.0002764023808216763 0.4923065744911267
13952.63671874573   0.0003610234752390704 2.914036809436871
13958.74023437073   0.0004120442688387626 -0.7925721544923447
13964.84374999572   0.0002478472699359729 2.05097404460171
13970.94726562072   9.595921638419449e-05 3.070438084244476
13977.05078124572   0.0002054133896394192 1.031724234477559
13983.15429687072   0.0002255064616485957 -1.146039220785079
13989.25781249572   0.0002797973898405229 -2.876841983602697
13995.36132812071   0.0004107411182410666 0.2283033435564265
14001.46484374571   0.000333846597773764 -2.96656257963431
14007.56835937071   7.294196729869834e-05 1.925223213235178
14013.67187499571   0.0004359424132828487 -0.3512032324047716
14019.77539062071   0.0004869066046413625 2.504517734693598
14025.87890624571   8.645399001609358e-05 -1.510964610187929
14031.9824218707   0.0001152919627890166 -2.07490512180963
14038.0859374957   0.0003585147583492437 -0.1074005218190396
14044.1894531207   0.0002084648568661376 2.734105824253759
14050.2929687457   0.0001679713484286743 2.824257839759119
14056.3964843707   0.0004406957826766339 -0.619267659538206
14062.49999999569   0.0003481523620593081 2.57105326848639
14068.60351562069   0.0002083187507030927 -0.1812751335656797
14074.70703124569   0.0002541604090741146 2.625675008614055
14080.81054687069   0.000159878910585316 -0.5924529734967019
14086.91406249569   0.0001160087256530875 2.528629029276106
14093.01757812069   0.0002377663215143797 -0.8568294320087128
14099.12109374568   0.0003931718759059505 2.071662312692219
14105.22460937068   0.0003178663623129228 -1.169442302355718
14111.32812499568   7.917227115685025e-05 -0.8635878054369707
14117.43164062068   0.0001766635434438166 2.605710472928736
14123.53515624568   0.0001840680471383246 0.9513698268907114
14129.63867187067   0.0001877941871327182 -1.220713993598044
14135.74218749567   0.0001688991814418311 -2.782119671242472
14141.84570312067   0.0002014412480191277 1.809446383644163
14147.94921874567   0.0002189858461999855 -0.4671823319631714
14154.05273437067   0.0001108453274002573 1.83233112841117
14160.15624999566   0.0002623726708288158 -1.812652695843017
14166.25976562066   0.0004498909702547284 1.773309114633342
14172.36328124566   0.0004684786234096843 -0.7957401102640064
14178.46679687066   0.0004512783690431223 2.991866697088197
14184.57031249566   0.0002817601380600363 -0.01378551775411993
14190.67382812065   0.0002356290880756441 -1.949824583082171
14196.77734374565   0.0003425148655560581 1.411108131427744
14202.88085937065   0.0001806048535390706 -1.952839223029656
14208.98437499565   0.0002240506990943743 0.7567814366986383
14215.08789062065   0.0001751074874653267 -2.702524538910549
14221.19140624565   0.0001628758327049063 -2.57714353187376
14227.29492187064   0.0003214161807547358 -0.2820847404367609
14233.39843749564   0.0002324706435037464 1.539481365766248
14239.50195312064   0.0004275421308418547 -2.646637113129287
14245.60546874564   0.0004671379672210373 0.5844170153855707
14251.70898437064   0.0003071637648420154 -2.399796803798544
14257.81249999563   0.0001681751717501601 1.965773195286101
14263.91601562063   0.0002450379832190736 -0.1418035768687498
14270.01953124563   0.000303248058500155 -2.621482195787352
14276.12304687063   0.0001958607714982881 0.6039785530496073
14282.22656249563   0.0001266664361267415 0.1616467230532243
14288.33007812063   0.000154063264656419 -1.926515793627329
14294.43359374562   0.0002449511757975855 2.465202822280028
14300.53710937062   0.0001817707687515809 0.8357859333024178
14306.64062499562   0.0004704080338298903 -1.954703733348344
14312.74414062062   0.0004711545061399341 0.8165390950190555
14318.84765624562   0.0001938092292218966 -2.515050875475909
14324.95117187061   0.0001726247535201375 1.300065337925464
14331.05468749561   0.0002428988342978336 -1.805448548003189
14337.15820312061   0.0001383817487175524 -2.790497226614184
14343.26171874561   0.0002671282825819928 0.9198684964712127
14349.36523437061   0.0001548620792835822 -2.223118251484702
14355.4687499956   0.000155411811719498 0.5746244504890606
14361.5722656206   0.0001966808156844205 -2.352883557020186
14367.6757812456   0.0002482429857962581 1.066375942133663
14373.7792968706   2.965833302418835e-05 -0.3113646402076105
14379.8828124956   0.0003339977520525963 -2.09584977759919
14385.98632812059   0.0004135019287902472 0.8255898163622838
14392.08984374559   0.0002717618938151268 3.115434383008359
14398.19335937059   0.00010491770404207 -1.000647247513446
14404.29687499559   0.0002553984006757285 -1.812731240435004
14410.40039062059   0.0003010357182015155 1.300703270010821
14416.50390624559   0.0001892584440042846 -1.418098260468773
14422.60742187058   0.0003008377097262798 1.119746805527813
14428.71093749558   0.0003975611208120623 -1.938880760575877
14434.81445312058   0.0003257412027015222 1.627067419377183
14440.91796874558   8.943597445499901e-05 0.203610940074289
14447.02148437058   0.0003486703466383343 -2.523354428638628
14453.12499999557   0.0004090678969020752 0.4860568209076257
14459.22851562057   0.0004090275645048175 -2.574060532554325
14465.33203124557   0.0003578636764131807 -0.2450049936610901
14471.43554687057   0.0003835744368050332 1.706968887092889
14477.53906249557   0.0002795569974159704 -1.871262215467195
14483.64257812057   9.850627574212768e-05 1.477395531349075
14489.74609374556   0.0001956894198684342 2.256574939363999
14495.84960937056   0.0002232914392982018 -1.212936343190051
14501.95312499556   3.573522458305751e-05 -2.705256397151151
14508.05664062056   0.0001609182846336535 1.167056633853159
14514.16015624556   0.0003096183004314582 -1.787399498895246
14520.26367187055   0.0001548591842882639 0.6752478043556462
14526.36718749555   0.0002287693643722743 1.526003022551038
14532.47070312055   0.0001585015299773119 -2.333431145578376
14538.57421874555   3.520976025301939e-05 -0.2629769626317901
14544.67773437055   9.3152674015919e-05 2.805749986069193
14550.78124999555   5.020057840640583e-05 -2.484018548071057
14556.88476562054   0.0002812924078938598 0.05206552616429415
14562.98828124554   0.0002591155675829963 -2.921920283484483
14569.09179687054   0.0001945392680968319 0.4098247550887293
14575.19531249554   0.0002171622544079271 -2.471052695529449
14581.29882812053   0.0001220793482370793 1.20718159789911
14587.40234374553   0.0001722084589308102 0.2363716312051562
14593.50585937053   3.612779327024402e-05 2.560470600984648
14599.60937499553   0.0001716071166077839 -2.092651127557506
14605.71289062053   0.000156806710974778 2.619218531536461
14611.81640624553   0.0003442017013125257 -0.2197298668710835
14617.91992187052   0.0003317666142350257 2.897092952381443
14624.02343749552   5.45460495641541e-05 1.071353976302082
14630.12695312052   0.0001220257250291118 0.6629057054401724
14636.23046874552   0.0002343299580278218 -1.160338096048474
14642.33398437052   6.37116681399792e-05 1.868299225981053
14648.43749999551   0.0001369483504521545 -2.843249820760926
14654.54101562051   0.0002320989148502028 1.390160623876201
14660.64453124551   0.000275739736896498 -2.187596348984632
14666.74804687051   0.0002111314533112598 -0.3371984895932928
14672.85156249551   0.0001814034390556254 2.354289319471252
14678.95507812051   0.0003202244978605933 0.4737686013441469
14685.0585937455   0.0005024275871114261 -2.425624046251928
14691.1621093705   0.0003150250315162413 0.5378797600205626
14697.2656249955   0.0001305187312808624 0.8866979388107371
14703.3691406205   0.0003548463047150789 -2.68379783451428
14709.4726562455   0.0002787028056104351 0.8091770446321981
14715.57617187049   0.0002760925329381124 -1.499141199662086
14721.67968749549   0.000197722064409558 1.675580838207963
14727.78320312049   5.8451824421787e-05 2.00468482345938
14733.88671874549   0.0001194298547340924 -2.286632850920238
14739.99023437049   9.977565438322938e-05 -0.1345015967480371
14746.09374999549   2.751122233612653e-05 -2.398414836022027
14752.19726562048   6.187752599436726e-05 -2.173883817999129
14758.30078124548   0.0001770701971512803 2.083196357832159
14764.40429687048   0.0002883887561886442 -0.5199801907341631
14770.50781249548   0.000198545752852617 2.402423144258513
14776.61132812048   0.0001518344297105791 -0.1397409728616083
14782.71484374547   0.0004843611800492977 -2.457321532857037
14788.81835937047   0.000640326977058927 0.7336873691678748
14794.92187499547   0.0004114719455535942 -2.817400829558959
14801.02539062047   0.0001086758986536515 -0.07914290685063775
14807.12890624547   3.438188754012704e-05 -1.709385014365273
14813.23242187046   0.0001214479500900172 0.2150576822217862
14819.33593749546   0.0002083651556045597 -2.827536957560067
14825.43945312046   8.746734581968527e-05 -0.05258029873420581
14831.54296874546   0.0002058815995386252 0.5215980979781173
14837.64648437046   0.0001638965160664614 -2.614670689990456
14843.74999999545   0.0001575491231037222 2.195421510154607
14849.85351562045   0.0003936529214560063 -0.8753450435367574
14855.95703124545   0.000459509143971019 2.331695203884534
14862.06054687045   0.0001642970402975942 -1.072035707466064
14868.16406249545   0.0001260309058662473 -0.566497755323086
14874.26757812045   0.0002145452741315713 0.9529961976992876
14880.37109374544   0.0003259795765508004 -2.057240798565397
14886.47460937044   0.0003621711864517733 1.551535162713999
14892.57812499544   0.0003115160496291162 -2.172306339932087
14898.68164062044   0.0003161890901654399 0.3687658778824617
14904.78515624544   0.0002225868417780254 3.097717544620404
14910.88867187043   0.0002181076154530406 -1.006692377362806
14916.99218749543   0.0002842696727447128 1.380896524849176
14923.09570312043   0.000125776262588952 -3.027656767626104
14929.19921874543   0.0003547114150336095 -1.470294641491572
14935.30273437043   0.0003888502060422556 1.195041414813473
14941.40624999543   0.0003878047968938276 -3.027797922145054
14947.50976562042   0.0003569468505822969 -0.6130206794649564
14953.61328124542   0.000231811543170887 1.152003800171234
14959.71679687042   0.0002792983358923802 -2.882753891385125
14965.82031249542   0.0003423866093834843 -0.4267503102178308
14971.92382812042   0.0003513399134165531 2.3546653962522
14978.02734374541   0.0003233597989407565 -0.8234006308100142
14984.13085937041   0.0002071998994956988 2.709026561452714
14990.23437499541   0.0001316773328367138 1.30646668983606
14996.33789062041   8.357842183667967e-05 -1.502045524918979
15002.44140624541   0.0003136199625135319 -2.409323505662709
15008.54492187041   0.0004287589371065718 0.7153816605159414
15014.6484374954   0.0001125682000379647 -2.026436053648503
15020.7519531204   1.060940969722971e-05 -2.90657566139671
15026.8554687454   6.991091509850915e-05 2.234725557110603
15032.9589843704   0.0002262711083759007 0.09110455899828204
15039.06249999539   0.0003068525062462538 -2.281783503350292
15045.16601562039   0.0003785676839684011 1.966447047401604
15051.26953124539   0.0003620445687264961 -1.352905345685858
15057.37304687039   0.000275749842648692 0.6506111690187518
15063.47656249539   0.0003465181022077895 2.469877284548922
15069.58007812039   0.0003802248697231251 -1.569222074518601
15075.68359374538   0.0004174647114451566 0.6724488544715566
15081.78710937038   0.0003292180470117449 -2.981457601690634
15087.89062499538   4.476441117554995e-05 -1.305643112312031
15093.99414062038   0.0001592419225253652 0.4067254965772208
15100.09765624538   0.0001849475878291102 -1.117670498632431
15106.20117187037   0.0003423103998670788 1.960698603738115
15112.30468749537   0.000362694541641189 -1.802016636694937
15118.40820312037   0.0001409257461469225 0.7355285793276503
15124.51171874537   9.372291590561774e-05 1.538472892510564
15130.61523437037   0.0001433094265944646 -3.110429997271944
15136.71874999537   0.0001954699155058559 -0.3791405444204755
15142.82226562036   0.0001247338816180064 -2.399491083403681
15148.92578124536   0.0002921756873542946 1.100147376136034
15155.02929687036   0.0001857443077309874 -2.573841176719561
15161.13281249536   4.759784809828875e-05 0.5448008114762646
15167.23632812036   0.0002314687032398679 -0.6714899233769173
15173.33984374535   0.0004076310791973398 -2.99213630185402
15179.44335937035   0.0005235996247316406 0.5777430646976661
15185.54687499535   0.0004065696679697795 -2.228931663689897
15191.65039062035   0.0004146593378160964 1.740813139519594
15197.75390624535   0.0004458759311433537 -0.9027491717898419
15203.85742187035   0.0004593568810024106 2.905685278040815
15209.96093749534   0.0002598998604539597 0.04440533486985809
15216.06445312034   0.0002697923138809899 0.0715606387461921
15222.16796874534   0.000271887085258102 -3.121676336352136
15228.27148437034   0.0001596945953839443 -0.6270373632970733
15234.37499999534   0.0002789638310946179 2.649230055413038
15240.47851562033   0.000202918254239208 -0.9256087085598439
15246.58203124533   0.0002524193293211633 1.602339455819132
15252.68554687033   0.0001950640419193003 -1.009592354492975
15258.78906249533   0.0001740317000400064 2.198439244626257
15264.89257812033   0.0002488997388790247 -1.548968386670755
15270.99609374532   9.902062184886899e-05 0.8804609806240731
15277.09960937032   0.000191114035091183 0.3184526486822524
15283.20312499532   0.0004015335398348321 2.6897473612457
15289.30664062032   0.0005288102966853121 -1.419504435346499
15295.41015624532   0.000459460159879519 1.428268137005284
15301.51367187031   3.82485667741388e-05 2.031032925670545
15307.61718749531   0.0002523812445242253 -1.434681415681229
15313.72070312031   0.0002580952000900879 2.088707882686135
15319.82421874531   0.0003045851933870052 -0.6201324307004128
15325.92773437031   0.0002385714715336405 2.370079901288994
15332.03124999531   0.000261294536030847 -1.366656477444015
15338.1347656203   9.372360436662129e-05 2.151892497690262
15344.2382812453   0.0001201912991240045 1.402845383068239
15350.3417968703   7.183496122994231e-05 -2.845705923019836
15356.4453124953   4.681761975578663e-05 0.65382692896985
15362.5488281203   0.0001930960630025034 -0.2349680582636441
15368.65234374529   9.203985484657545e-05 -2.681888045715342
15374.75585937029   0.000295000645974525 -2.708377995478234
15380.85937499529   0.0004500844939418506 0.3975824829334855
15386.96289062029   0.0004180068706406726 2.892344549308326
15393.06640624529   0.0002495474264391386 -1.037442438127001
15399.16992187029   0.0002582702484708296 0.87499122254142
15405.27343749528   7.915848530062647e-05 -1.873248200244838
15411.37695312028   9.803795125571326e-05 -1.965226605110205
15417.48046874528   5.848535598986728e-05 -1.182147670392171
15423.58398437028   0.0001468144902854121 2.024485024373387
15429.68749999528   0.0001555364949008438 -3.034045191116302
15435.79101562027   0.0001843438905492705 0.5713525869102509
15441.89453124527   0.0001906018734836816 -1.151114784756855
15447.99804687027   0.0002264570424372104 2.388444514496433
15454.10156249527   0.0003491758194450047 -1.073080480683245
15460.20507812027   0.000156861294550536 2.001421209666379
15466.30859374526   0.0003837079431721204 1.583979497903572
15472.41210937026   0.000435705878781616 -1.767419175623784
15478.51562499526   0.0001332183972240868 0.4749980737788519
15484.61914062026   0.0001247827601875363 1.786052550236333
15490.72265624526   0.0001610855212428636 -2.906373548153791
15496.82617187025   0.0001540028165743682 -0.7433216547686543
15502.92968749525   0.0002891531650791488 0.7908650387079194
15509.03320312025   0.0002742585217898201 -2.551369417728854
15515.13671874525   0.0002246010519662164 0.9619166296677368
15521.24023437025   0.0003352834067381571 -1.74395852057566
15527.34374999525   0.0001638857373391606 2.190064616340829
15533.44726562024   8.799382803530248e-05 1.629931792268221
15539.55078124524   0.0001270732567322272 -1.065849984946442
15545.65429687024   0.0002188799485287694 -0.07726215900634269
15551.75781249524   0.0002422469945805467 2.553124341429361
15557.86132812024   0.0001218983360440474 2.063347261778118
15563.96484374523   0.0003074452891098686 -1.580514372156629
15570.06835937023   0.0003037136091133477 0.4697383819668147
15576.17187499523   0.0003371459559349189 2.892712172367601
15582.27539062023   0.0001116348104850634 -0.9750674574630736
15588.37890624523   0.0001545517986738917 -0.2145933705796048
15594.48242187023   0.0001307513766333428 2.698633302889757
15600.58593749522   4.809434706665483e-05 -0.7219532164721094
15606.68945312022   0.0001651789054738504 0.6855614910081902
15612.79296874522   0.0003542657118872366 -2.917473704997225
15618.89648437022   0.0002895675567874789 -0.1951933656681019
15624.99999999522   0.0001544130557615881 -2.664138907841585
15631.10351562021   0.0003275014233702138 0.9915529030777321
15637.20703124521   0.0003286227687455906 -2.006897941665195
15643.31054687021   0.0002279799768052442 1.7880710502504
15649.41406249521   3.926810300646636e-05 0.3724386392239715
15655.51757812021   7.254811151442357e-05 -0.921606816281744
15661.62109374521   0.000194278793671502 -1.536009865351969
15667.7246093702   0.0002946528400982615 1.223563620309009
15673.8281249952   0.0002530441758624549 -3.000410967905562
15679.9316406202   0.0002335339684985128 -0.3371212037299117
15686.0351562452   0.0001270576917603845 1.750987296165029
15692.13867187019   0.0003986261827354343 -2.096354432645519
15698.24218749519   0.0005117917671082782 1.013587380407029
15704.34570312019   0.0005409423317472256 -2.174287616302854
15710.44921874519   0.0003156719801760024 0.5004223101436969
15716.55273437019   0.0003090800902247633 2.294712508305631
15722.65624999519   0.0002268414558664682 -0.8659521563514736
15728.75976562018   0.0001334004118979656 -0.07015747322190989
15734.86328124518   0.0002106698016534205 2.775201506069672
15740.96679687018   0.0001689245651827387 -2.571141875896055
15747.07031249518   0.0001849861061682188 -0.1366248780736032
15753.17382812018   0.0002714063220866341 1.528794854638843
15759.27734374517   0.000270840076344378 -1.508290467724689
15765.38085937017   0.0001141362854419261 -2.670775798410244
15771.48437499517   0.0001762314662332772 1.233393769261477
15777.58789062017   0.0001012435127899745 -3.101265750029783
15783.69140624517   0.0001263115178566651 -0.4270610572147293
15789.79492187017   8.481023049226805e-05 2.198681897560592
15795.89843749516   7.427518192454816e-05 -0.7157253162372973
15802.00195312016   5.942930861039142e-05 2.949391015149397
15808.10546874516   3.683529350697116e-05 0.7541516773233107
15814.20898437016   0.0001688965849019238 -0.2916667866625873
15820.31249999516   0.0003829251436353826 -2.911824121142165
15826.41601562015   0.0003387934448259991 0.5614081939434138
15832.51953124515   0.0001421585218071305 -0.9716846884006032
15838.62304687015   0.0003843218497160541 -2.905379728750819
15844.72656249515   0.0003943115651780871 0.485047994584845
15850.83007812015   0.0002493018561309675 -2.378486902313527
15856.93359374515   0.000332899893146106 1.04784293157393
15863.03710937014   0.0003027373253630655 -2.095292390055818
15869.14062499514   0.0002828107707183838 1.283230759035067
15875.24414062014   0.0003750894636178968 -1.541245881901339
15881.34765624514   0.0003826506569000311 2.035131039281881
15887.45117187014   0.0002970079813506863 -1.457666720264833
15893.55468749513   0.0002669446724116265 1.556916623904894
15899.65820312013   0.0002762949225870245 -0.9763392994454818
15905.76171874513   3.722001748445366e-05 0.6615182967683506
15911.86523437013   0.0001292461883618458 1.740079473386127
15917.96874999513   0.0002235657986825179 -2.938953886669891
15924.07226562012   0.0002214122090926592 0.2263336316529097
15930.17578124512   0.0001950537607217362 -2.332308298558349
15936.27929687012   0.000158094544095782 1.12665816536754
15942.38281249512   0.0001393439741089471 -2.994119246920185
15948.48632812012   0.0001966016897183345 0.31398742789052
15954.58984374511   0.0002154211743880518 -1.484979681200191
15960.69335937011   0.0002190543836209322 2.823172786576155
15966.79687499511   0.0002262178396221355 -0.1847762742592842
15972.90039062011   0.0003232743968292319 1.99371079728951
15979.00390624511   0.000307219487156234 -1.3453745632012
15985.10742187011   0.0001141166237365563 1.646840669198411
15991.2109374951   0.0001188877211790852 -1.552827801292421
15997.3144531201   0.0001662979946163005 2.181981544509765
16003.4179687451   7.603657799626515e-05 0.6611334465840379
16009.5214843701   4.544792716628389e-05 1.697505183530386
16015.6249999951   0.0003009891073003616 -1.07360107725279
16021.72851562009   0.0002257061109714839 2.475181843562859
16027.83203124509   0.0001553357728372522 2.018769035193352
16033.93554687009   0.000435716664978566 -0.7044864687822719
16040.03906249509   0.0003736916822748996 2.878031669421362
16046.14257812009   0.0001456079430792136 0.5026985465408714
16052.24609374509   3.547322595390734e-05 1.229707089582812
16058.34960937008   0.000110183066303167 -1.573695571041699
16064.45312499508   0.0002171268066288071 -0.1281725406626065
16070.55664062008   0.0004230678413577488 2.479705287123223
16076.66015624508   0.0004911432785080313 -1.265288591228033
16082.76367187008   0.0004889112222204514 1.768613321075964
16088.86718749507   0.0002713937158787169 -0.4591766742359517
16094.97070312007   0.0002736724317828321 -3.057544420436831
16101.07421874507   0.0001571158390407511 -1.242219518775412
16107.17773437007   0.0001826347788153691 0.3692166474568259
16113.28124999507   0.0002920861824519926 2.938518060860339
16119.38476562007   0.0002178054025289606 -0.6504560425765396
16125.48828124506   0.0001908880620474025 0.798880701188548
16131.59179687006   8.650453087571264e-05 -2.899458753815369
16137.69531249506   0.0002506129983367662 -2.862384305400755
16143.79882812006   0.0003276418109453789 0.5122722828867984
16149.90234374505   0.0001691114345355683 2.912245983026057
16156.00585937005   0.0003505523129398646 -1.174965191813936
16162.10937499505   0.0002340303834830614 2.002197449053008
16168.21289062005   0.0001109310464795643 -1.774093549949103
16174.31640624505   0.0002855836673897054 1.269728546338836
16180.41992187005   0.0003731951934384489 -1.316566267123515
16186.52343749504   0.00024773111209946 2.251070798966942
16192.62695312004   4.641964307928272e-05 1.923211377713665
16198.73046874504   0.0002637625671085595 -0.5973687671506198
16204.83398437004   0.0003784048923667692 2.92116143585666
16210.93749999504   0.0002547760946081905 -0.07665299793792407
16217.04101562003   0.0001729038581669316 1.831610287385306
16223.14453124503   0.00044512416406108 -1.924790988490188
16229.24804687003   0.000545948379653143 0.956281928550534
16235.35156249503   0.0003076794930987827 -2.308237837761482
16241.45507812003   0.0001067920599375722 2.028824414716478
16247.55859374503   0.000216497436573057 -0.4167310122498815
16253.66210937002   0.0001545283455402339 2.448095230608668
16259.76562499502   0.0001058181983930012 -2.879418566490047
16265.86914062002   7.180805917241621e-06 -0.1778091047232242
16271.97265624502   0.0002246495234996696 -0.533207600033954
16278.07617187002   0.0001409129973715762 2.724803658205793
16284.17968749501   8.799988276157995e-05 0.5292060678925605
16290.28320312001   0.0001050469791303843 -2.495988407798746
16296.38671874501   0.0001167647261320187 1.398685255966212
16302.49023437001   0.0002127703768685498 -0.9072971213849284
16308.59374999501   0.0002775594397690929 2.584656314294335
16314.69726562001   2.975120460214403e-05 2.910775994088384
16320.800781245   0.0003227093164974862 -0.4479278823002483
16326.90429687   0.0001291176106073393 2.381320831526366
16333.007812495   9.768186407889902e-05 0.9392162237725185
16339.11132812   8.629844275412888e-05 -2.838183331698514
16345.214843745   0.0001186056505263496 -2.573458169398486
16351.31835936999   0.0002571070221526813 -1.201515028112822
16357.42187499499   0.0004433839018923717 1.529886705845159
16363.52539061999   0.0002205070497643754 -2.272794049747418
16369.62890624499   0.0001598277958677772 -0.4430063292648513
16375.73242186999   3.436212909157629e-05 1.387473913084701
16381.83593749498   0.000164991069333596 2.649751078981122
16387.93945311998   0.0002474286652412719 -0.8937072672495854
16394.04296874498   3.221329476213046e-05 2.154837144252469
16400.14648436998   0.0003205094757072648 1.532862855799735
16406.24999999498   0.0003092562096507578 -1.760731095462818
16412.35351561998   9.180092366910954e-06 2.741867442627836
16418.45703124497   0.0001472223324496832 1.534852991630549
16424.56054686997   0.0001608542058918294 -0.7548040459509966
16430.66406249497   7.871333804080358e-05 2.293106271785342
16436.76757811997   0.0001130058238433391 2.130446050678521
16442.87109374497   0.0002812429434715887 -1.751634771541829
16448.97460936997   0.0002112465130671774 1.361657178454433
16455.07812499496   8.969682005251118e-05 -0.3223053035893696
16461.18164061996   0.000139229486257108 3.102580352835008
16467.28515624496   4.878749793571884e-05 -1.276875752904242
16473.38867186995   0.0001549868569426088 1.143329350115379
16479.49218749495   0.0002405543224113159 -1.568543765671802
16485.59570311995   0.0001859137334026559 0.9097243593909203
16491.69921874495   0.000127812733298826 -2.143943385129399
16497.80273436995   0.0002813933009144771 3.106293832152308
16503.90624999495   0.0004564469908873359 0.7071858005878109
16510.00976561994   0.0003915418232801506 -1.828900242610815
16516.11328124494   0.0002768457422468607 1.910625899831742
16522.21679686994   0.0002702555781268536 -0.7690075355890053
16528.32031249494   9.944870882010565e-05 -3.059428043330549
16534.42382811994   0.0002045630118110009 2.271761965924865
16540.52734374494   0.000172278543067295 -0.5956681152227227
16546.63085936993   0.0001492969948620956 1.350235989366229
16552.73437499493   0.0001100459206362184 -2.060200392482857
16558.83789061993   6.374023894708558e-05 -2.051026206542817
16564.94140624493   0.0001016353058112388 1.683466761023893
16571.04492186993   0.000116576085654227 -1.736468368826295
16577.14843749493   0.0001386079129768104 0.1161638141973288
16583.25195311992   0.0001051395289577789 2.928838279408532
16589.35546874492   4.96829731656628e-05 -0.9895620033528655
16595.45898436992   0.0001775029152099318 2.316121625818153
16601.56249999492   0.0002783131309715973 -0.5806876147306254
16607.66601561991   0.0003046199329119696 2.09274029862099
16613.76953124491   0.0002196545455222355 -1.516325498953802
16619.87304686991   4.218776380509604e-05 -2.293444662464049
16625.97656249491   4.546841636670279e-05 -0.08780410022447875
16632.08007811991   0.0001595110440504736 1.758533969585068
16638.18359374491   0.0002140779062545889 -0.6539592072770972
16644.2871093699   0.0003296565625374454 2.929980469676607
16650.3906249949   0.0003326247382262867 -0.07106426646346978
16656.4941406199   0.0002869136968358505 -3.047825384909969
16662.5976562449   0.0002888561568299353 0.8840560746293281
16668.7011718699   0.0003161389813235405 -1.655781306349167
16674.8046874949   0.0001285140719038371 0.4169593411377495
16680.90820311989   0.0003855232342305397 2.672140229566833
16687.01171874489   0.0004107328392472303 -0.8462704381015861
16693.11523436989   0.0003496671371099843 1.825752973180606
16699.21874999489   0.0002869402962632544 -1.242328510733582
16705.32226561989   0.0003168048733103856 2.028054536485321
16711.42578124488   0.0001654169815331238 -1.22475277140315
16717.52929686988   2.906841758662436e-05 0.3783438352889631
16723.63281249488   0.000140180248239656 -1.385731422665052
16729.73632811988   0.0002279156022508126 1.902188236230095
16735.83984374487   0.000108421778744095 -1.023645605133572
16741.94335936987   3.330038951846322e-05 -0.3244328819242552
16748.04687499487   0.0002359058807853957 -2.566268017133234
16754.15039061987   0.0004328019476347931 0.7728243329655338
16760.25390624487   0.0004437307351050171 -2.347923359962544
16766.35742186987   0.0004021053779879303 0.8575922120223157
16772.46093749486   0.0003186418400385068 -1.875262572323423
16778.56445311986   0.0004232481756237631 1.78208395386806
16784.66796874486   0.0004371329970444157 -1.504230892989144
16790.77148436986   0.0001119026438102342 0.9977730769051093
16796.87499999486   0.0002905336768162129 1.527487644150012
16802.97851561986   0.0003964402953684855 -2.052112430928594
16809.08203124485   0.0004037018622455678 0.5987105823814495
16815.18554686985   0.0002348016489855423 -2.373689919836004
16821.28906249485   0.0002580332625314359 1.490107233782345
16827.39257811985   0.0002964903364540787 -2.243036892940987
16833.49609374484   0.0001607434141768613 0.4431127520651539
16839.59960936984   0.0001362925628965689 -0.7667710041976759
16845.70312499484   0.0002318986211613609 2.620761046445616
16851.80664061984   0.0001661495017650428 0.07697556640435836
16857.91015624484   0.0002051283573226475 -2.278901052554777
16864.01367186984   0.0001465430155356955 0.01900429408696275
16870.11718749483   0.0002680105731552399 1.69548396537169
16876.22070311983   0.000280322711486827 -2.299161833251502
16882.32421874483   0.0001879434081919703 0.2014627615698031
16888.42773436983   0.0001048334478229603 -2.948474021911996
16894.53124999483   7.973271975684099e-05 0.4078575200773505
16900.63476561983   2.443531322721875e-05 -1.961540891872145
16906.73828124482   0.0002185143670324308 0.5886694355349389
16912.84179686982   0.000247072958761315 3.118538696258796
16918.94531249482   0.0003472578511650709 -1.073255450146381
16925.04882811982   0.0003220704308277476 2.137003925459799
16931.15234374482   8.271231892024602e-05 -0.6739488270265995
16937.25585936981   0.000164596531606285 2.594040225854309
16943.35937499481   0.0003362704249641453 -0.6788962795376066
16949.46289061981   0.0002535790511696243 1.826220984765798
16955.56640624481   0.0002745560669720175 -1.982992661173136
16961.6699218698   3.608835755377708e-05 1.099878415808833
16967.7734374948   0.0001891083120491293 1.901297653275055
16973.8769531198   0.0002200841763827381 -0.5674984809573149
16979.9804687448   0.0001257303753822305 2.277412786137124
16986.0839843698   0.0002577038270603122 -1.190693910561254
16992.1874999948   0.0002937395127353798 2.026773631956512
16998.29101561979   4.245299421041281e-05 -2.004922823203976
17004.39453124479   0.000207382365345604 -1.185082074505602
17010.49804686979   0.0002173944958980806 1.300558686126364
17016.60156249479   7.13256047011321e-05 -3.13807824218236
17022.70507811979   0.0002007740279670865 -2.20160410268451
17028.80859374479   0.0002445240704254252 0.6809688849872713
17034.91210936978   0.0001181327044005863 -2.785223319217758
17041.01562499478   0.0002148781604222766 -1.552433483174912
17047.11914061978   0.0003305597054179385 1.321450483666863
17053.22265624478   0.0001996200727896509 -2.861482581176219
17059.32617186978   0.0002850706396929839 -0.7409872574780068
17065.42968749478   9.892428992651089e-05 2.119694888294824
17071.53320311977   7.662712980930321e-05 1.992587798742241
17077.63671874477   0.000136773746563943 -2.155410123628453
17083.74023436977   0.0003002358637394097 0.8899103963907985
17089.84374999477   0.0003609951546169342 -2.179934890581141
17095.94726561976   0.0003369474944000434 0.5556063972068186
17102.05078124476   0.0003407908157485255 -3.057597681290053
17108.15429686976   0.0002959422961318459 0.8247471477068868
17114.25781249476   0.0003848636327043909 -1.947335826294192
17120.36132811976   0.0002474952041211346 0.1863792096754007
17126.46484374476   0.0003396109878437001 2.869083639005004
17132.56835936975   0.0003317749644059073 0.1436898468722712
17138.67187499475   0.0003301076104298163 -2.580994382959126
17144.77539061975   0.0003390461912881297 0.8444548306999351
17150.87890624475   0.000166577935740444 -2.536446404929039
17156.98242186975   0.0002536082820814003 -1.507166738697403
17163.08593749474   0.0002124883141395907 0.9860617228144604
17169.18945311974   0.0002380277552201957 2.325123132490146
17175.29296874474   0.0002314416182040564 -1.151483171487445
17181.39648436974   0.0001427047309888307 1.868382389459751
17187.49999999474   8.113451863493827e-05 -0.957930140664744
17193.60351561974   6.548568207361863e-05 2.064204300222562
17199.70703124473   7.824160028850827e-05 -0.8001846001597628
17205.81054686973   0.0001279777246134641 2.661541740767702
17211.91406249473   0.0002346714857159787 -1.797444515274259
17218.01757811973   0.000274897085009666 0.7681425256430666
17224.12109374472   0.0001037652133130151 2.365517143281128
17230.22460936972   0.0001912065035278547 -1.123494994535496
17236.32812499472   0.0003034082930200594 2.162611176923049
17242.43164061972   0.000430422339164036 -1.101678954616964
17248.53515624472   0.0004571069975569218 2.175171667592732
17254.63867186972   0.0003239358289747525 -0.8058331880376518
17260.74218749471   8.320379947746506e-05 2.356383544272178
17266.84570311971   8.422841977488271e-05 1.311638569608763
17272.94921874471   0.0002447225618008455 -2.75508002568055
17279.05273436971   0.0002229335572715342 0.1644748274614738
17285.15624999471   0.0001714114573934448 -1.672846674849786
17291.25976561971   0.000357521917570101 1.412359651086058
17297.3632812447   0.0004647169702897873 -2.074411727912224
17303.4667968697   0.0004047470605357025 0.8890133336328705
17309.5703124947   0.0001607325579751469 2.851304875962741
17315.6738281197   0.0002732179784004158 -1.864782692577317
17321.7773437447   0.000249439256440334 0.3753573642646434
17327.8808593697   0.0002573321616452918 -3.10610376629263
17333.98437499469   0.000317265420578108 0.2174519858486564
17340.08789061969   0.0001903393234217512 2.952956296814225
17346.19140624469   0.0001271255025543424 -0.8753668947812911
17352.29492186969   0.0001460466607565396 2.180170135583618
17358.39843749468   0.0002379005027910661 -1.501741776922224
17364.50195311968   0.0001470944568928831 1.893536211780031
17370.60546874468   0.0001187274641926907 0.4081310965631304
17376.70898436968   0.0001267653983294784 -1.636605787818847
17382.81249999468   0.0001855627896055634 1.897506333099091
17388.91601561967   0.000139519773011525 -0.769356560191905
17395.01953124467   0.0001917460161062525 -2.95279854426322
17401.12304686967   0.0002796453225853198 -0.396191956727216
17407.22656249467   0.0004163576563758252 2.347207107055203
17413.33007811967   0.0002665714207558293 -1.194489652529536
17419.43359374467   0.0001942298028370461 0.417319103766767
17425.53710936966   0.0002655742258560974 2.484867814784733
17431.64062499466   0.0004223145453689306 -1.073044997832526
17437.74414061966   0.0004467015610830206 2.035174290186275
17443.84765624466   0.0002610461164146248 -1.355947823228056
17449.95117186966   5.848598978439188e-05 0.4895199113578044
17456.05468749466   0.0001589981491162478 2.491556882763145
17462.15820311965   0.0001669614252384848 0.5866735884699664
17468.26171874465   0.0001104682447297109 -1.735227047854091
17474.36523436965   0.0001197057099937506 -1.756209061609848
17480.46874999465   0.000117503709945493 1.525525931059148
17486.57226561964   6.853548386721682e-05 -2.230477431557253
17492.67578124464   0.0001833633712207395 -0.3894278885603085
17498.77929686964   0.0003364535562310255 2.431225084171951
17504.88281249464   9.936823188399704e-05 0.4076508379450065
17510.98632811964   0.0003038254682311029 -1.464075277568073
17517.08984374464   0.0001967916547120034 1.369147142929853
17523.19335936963   0.0001407048779337153 -2.141573041649187
17529.29687499463   0.0002081579127013189 2.777739847356185
17535.40039061963   0.0004763238448304726 -0.2064881599204684
17541.50390624463   0.0003928363124654169 2.633071070505796
17547.60742186963   0.0001626875338617741 -1.087852030036412
17553.71093749463   8.810597653450277e-05 0.5276997424220449
17559.81445311962   0.0001268958397573946 2.288370623616687
17565.91796874462   0.000131701167698846 -0.8413850097375885
17572.02148436962   0.0001799211882915449 -3.014901874206136
17578.12499999462   0.0003353513516562558 0.1999318619999791
17584.22851561962   0.0002386955953007185 -2.50369353576789
17590.33203124461   0.000159706663545835 1.739736720109481
17596.43554686961   0.0001705591380849163 -2.7527066342465
17602.53906249461   0.0002667961301949895 0.1682640322007594
17608.64257811961   0.0001080580054711233 -1.692389398885302
17614.7460937446   0.0002001157178941249 -3.107613471836619
17620.8496093696   0.0002668993623634237 0.7722577933526195
17626.9531249946   0.0002232506621922661 -2.864471316686047
17633.0566406196   0.0002228497060114923 -0.8109132585103045
17639.1601562446   0.0002514185281558884 1.099439719258716
17645.2636718696   0.0002498322680035241 -2.392189631775285
17651.36718749459   0.0002371890800621153 0.7009720015747546
17657.47070311959   0.0002654994996092772 -2.384761468949194
17663.57421874459   0.0001006540846347183 1.481834312251217
17669.67773436959   0.0001127404266777676 -1.205204889113111
17675.78124999459   7.656528434193251e-05 1.652378778977183
17681.88476561959   0.0001646240245353656 1.199319815878439
17687.98828124458   0.0002106132090171005 -1.155423433363055
17694.09179686958   0.0001379549694909416 -3.016240787817782
17700.19531249458   0.0001073946193934875 2.289428752945771
17706.29882811958   0.0003196545819306173 0.472047751441292
17712.40234374458   0.0002692245434744638 -2.226270816739481
17718.50585936958   0.0001648389514018842 3.125916594645354
17724.60937499457   0.0001960327032771425 1.105832214791977
17730.71289061957   0.0002053646299132655 -1.035114921554868
17736.81640624457   0.0001721059230668593 -2.713490866796362
17742.91992186957   0.0003306818003867482 0.9281767092891694
17749.02343749456   0.0001758194498748419 -2.445826352773246
17755.12695311956   9.769242602933503e-05 -0.7629882430849629
17761.23046874456   4.098283001325743e-05 1.79696245619585
17767.33398436956   0.0001019996235794722 3.104046655018871
17773.43749999456   0.000167768361527329 0.4401080376465934
17779.54101561956   0.0002707899950765712 -2.424524027854283
17785.64453124455   0.0003360865823410514 0.7688947207796236
17791.74804686955   0.0002310185830717996 -1.983857749274195
17797.85156249455   0.0002006005725931988 2.177277247874104
17803.95507811955   5.887391306961786e-05 1.442202098080695
17810.05859374455   0.0003059778787123757 -1.032180706367061
17816.16210936954   0.0001298078234083489 2.425301943177223
17822.26562499454   0.0001138326731260792 0.9140720882072289
17828.36914061954   0.0001635740579420923 -0.1819517894532253
17834.47265624454   0.0003134340888988811 -2.807757113919412
17840.57617186954   0.0001639406546273396 1.213928554670972
17846.67968749454   0.0001685230723863275 -1.108939713843758
17852.78320311953   0.00016840510910748 2.165054361609094
17858.88671874453   0.0001580072882174696 -0.7170728821257634
17864.99023436953   0.0001863260582786402 2.717772478270741
17871.09374999453   0.0002240985262663741 -0.5675455368214933
17877.19726561952   0.0003411127560900372 2.249753138917452
17883.30078124452   0.0003707347668155948 -0.7734272822230966
17889.40429686952   0.0001830758039057683 2.59859057093212
17895.50781249452   6.026891204438536e-05 -2.422869825025356
17901.61132811952   4.700414092938694e-05 0.7404877947182982
17907.71484374452   0.0001327616282168316 -0.08108753140672191
17913.81835936951   0.0001639284502912452 2.663329740801657
17919.92187499451   0.0002045697104791477 -1.011646335858603
17926.02539061951   0.0002700985696639215 1.887390544538414
17932.12890624451   0.0002374491588256477 -1.585425450559572
17938.23242186951   6.970382309270465e-05 0.07976601542531654
17944.33593749451   0.0001922090788163269 1.687148028464625
17950.4394531195   0.0001463151797335677 -2.362098079104046
17956.5429687445   0.0001402040804673191 -0.9589948396416677
17962.6464843695   0.0001956753809913217 2.104347917226573
17968.7499999945   0.0002184048792504924 -0.3539559210177851
17974.8535156195   0.000151782646502232 -3.132553064814919
17980.9570312445   0.0001517583237999476 0.4051771038798215
17987.06054686949   0.0001692826024204905 -2.936477193474671
17993.16406249449   9.669727666991704e-05 -0.2400217348179342
17999.26757811949   1.412980520789588e-05 1.742979666706396
18005.37109374449   0.0001907514924413219 2.403282544100565
18011.47460936948   0.0004671418511076388 -0.503139775805132
18017.57812499448   0.0004387922973548422 2.72366442110449
18023.68164061948   0.000137037570042696 -1.30604392285779
18029.78515624448   0.0001851318196684886 -0.3158748890759202
18035.88867186948   0.0002120876078412568 2.709503046355451
18041.99218749447   0.0001420428957706298 -0.3707907953384718
18048.09570311947   0.0002795634013506999 1.421947871919387
18054.19921874447   0.0003599428309206808 -1.957674358546116
18060.30273436947   0.0002431315488509833 1.350138939545737
18066.40624999447   6.706925956435844e-05 -1.371012358716872
18072.50976561947   0.0001286129751092822 -2.19054398620893
18078.61328124446   9.378573916869091e-05 1.015494888817662
18084.71679686946   0.0001726847252549387 0.1276680012477388
18090.82031249446   0.0003547713357822806 -2.820371804997827
18096.92382811946   0.0003416777989591523 0.3133921294165472
18103.02734374446   0.0002153590040080342 -2.496589460840774
18109.13085936946   0.0001291884662084798 0.6207621113843013
18115.23437499445   0.000163184925074205 2.404730157892716
18121.33789061945   0.0002486790842064168 -1.264301063721068
18127.44140624445   0.0003131588323472981 1.570434682368227
18133.54492186945   0.000141189537399278 -2.002909662689886
18139.64843749444   0.0001221319724180497 -1.172543155496375
18145.75195311944   0.0001183155042117015 1.467075326937591
18151.85546874444   0.0001523833665189343 -2.125255958993592
18157.95898436944   0.0002561315030406058 1.738326347664948
18164.06249999444   0.0003361977526777639 -0.7502594445360166
18170.16601561944   0.00027396512422492 2.834162029235979
18176.26953124443   0.0001270240000736272 -0.5267727451910514
18182.37304686943   0.000153234672507827 1.863388131215899
18188.47656249443   0.0002942877994968896 -1.059097246727481
18194.58007811943   0.0002369462408498563 2.191572557324167
18200.68359374443   9.143256124888263e-05 0.9882717801575907
18206.78710936943   0.0003208025118435497 -1.517530566263989
18212.89062499442   0.0003011216389684809 1.598293295391929
18218.99414061942   0.0001094290558898715 -2.782215367381011
18225.09765624442   0.0001564886048423981 -1.676802526720133
18231.20117186942   0.000308250062140281 0.1811109030124069
18237.30468749442   0.0003383107865442553 3.017859995446575
18243.40820311941   0.0001753752504451929 0.368607434901539
18249.51171874441   3.610411970761733e-05 1.701101834759825
18255.61523436941   7.678730208367426e-05 -1.927471061130359
18261.71874999441   0.0001598071061322238 -1.292502364067742
18267.8222656194   0.0002752368014778309 2.196837362175215
18273.9257812444   0.0002801503947803506 -1.045714996424747
18280.0292968694   0.0002062175069256217 1.605715771527819
18286.1328124944   0.0001650433935944547 -2.248501033088663
18292.2363281194   0.000339384607885873 1.050821974886849
18298.3398437444   0.0002975330714097319 -1.826877814042811
18304.44335936939   0.0001706570987197365 2.330838575682624
18310.54687499439   0.0002713792913966914 -1.096889859356683
18316.65039061939   0.0002502930720840518 1.358610615845409
18322.75390624439   9.878221209514831e-05 -1.699909543814878
18328.85742186939   0.000175367142415106 3.084171954454821
18334.96093749439   0.0001005170206419119 0.2063314386458989
18341.06445311938   5.728929396573348e-06 -0.9196299209426148
18347.16796874438   0.000122388204012871 0.7963964922034219
18353.27148436938   8.616019132301608e-05 -0.2379712138399191
18359.37499999438   0.0002120093916232901 -2.707379263534238
18365.47851561938   0.0001471836139642752 -2.714206271171377
18371.58203124438   0.0002491004570343174 0.6056710812078152
18377.68554686937   8.447889626514214e-05 -1.396740552419389
18383.78906249437   0.0002109363246858553 0.9120807046693339
18389.89257811937   0.0003548331309736904 -2.869446269302177
18395.99609374437   0.0002896890307383468 -0.8966438312687054
18402.09960936936   0.0001303600126673486 0.9650428949325126
18408.20312499436   0.0003971618931192196 2.284371856288581
18414.30664061936   0.0004762423301011368 -0.8659005793916411
18420.41015624436   0.0002173913701382881 2.632514644822544
18426.51367186936   0.0002206894485831458 1.126402168790442
18432.61718749436   0.0003033509227391229 -1.653343055819792
18438.72070311935   0.0002612933618874738 1.769886056780826
18444.82421874435   0.0001196133081830254 -0.3450281440944958
18450.92773436935   0.000299921630628395 -2.026472996912894
18457.03124999435   0.0003350279279866621 1.657798840642137
18463.13476561935   0.000326859192175944 -1.255542033904489
18469.23828124434   0.0003963415368828524 1.525361356440765
18475.34179686934   0.0003030382206559821 -1.19441836398502
18481.44531249434   0.0003679050550797565 2.74790996912191
18487.54882811934   0.0004109407276997476 -0.6492524426704295
18493.65234374434   0.0001581680721669751 2.34933520632003
18499.75585936934   9.319538401618497e-05 2.860429895716352
18505.85937499433   9.092946999300222e-05 1.350967511084096
18511.96289061933   5.097176370314498e-05 -1.196238126256345
18518.06640624433   5.178892127438715e-05 -1.460973735579023
18524.16992186933   0.0002831551108998942 0.605387156916087
18530.27343749432   0.0003598263729944407 -2.774390834082351
18536.37695311932   0.0001696389261120475 -1.4142036569634
18542.48046874432   0.0004013957406251315 1.102819331211405
18548.58398436932   0.0002641962487070565 -1.693500671450043
18554.68749999432   0.0002211019872944089 2.55385952716441
18560.79101561932   0.000355568205901321 -0.2222840311414818
18566.89453124431   0.0003959636076272492 2.909758165412529
18572.99804686931   0.0002245964024356201 -0.5145413165578486
18579.10156249431   0.0001396538931797897 0.5980124460548374
18585.20507811931   0.0003280931685916686 -2.725930421865269
18591.30859374431   0.0002512382095597037 0.1191413634587161
18597.41210936931   0.0002192978317577474 1.93106827169362
18603.5156249943   0.0001325964073930029 -1.678077916918472
18609.6191406193   5.745229875985354e-05 -2.788235358972932
18615.7226562443   0.0001872278854498645 0.1680576313683982
18621.8261718693   0.0001619639934065404 -3.101906165652555
18627.9296874943   6.912850986442198e-05 -3.079683876083075
18634.0332031193   0.0002238694242472634 -0.1137650115923794
18640.13671874429   0.0001759625133615347 2.883863570326434
18646.24023436929   8.435880379522808e-05 0.9954941046961815
18652.34374999429   0.0002777746039346855 -1.51474729813417
18658.44726561929   0.0002651681553791347 1.869413367944977
18664.55078124428   0.0001859930450849413 -0.1583631571242296
18670.65429686928   0.0002479873371946857 -2.993499591350867
18676.75781249428   0.000190367553199686 -0.2899185930792256
18682.86132811928   0.0002804300853821259 1.948649365150073
18688.96484374428   0.0004209220100135901 -1.150456155904207
18695.06835936927   0.0003354286318913769 2.199365969518067
18701.17187499427   0.0002754325078109364 -1.073421945394958
18707.27539061927   0.0003808462426408888 2.058173763113362
18713.37890624427   0.0003041815516927025 -1.023294803128517
18719.48242186927   9.827957510803514e-05 1.782294072028383
18725.58593749427   0.0001008523197444748 -2.035724762216055
18731.68945311926   0.0002111347881586621 0.5424389412371275
18737.79296874426   0.0002500418654185173 -2.958300527326183
18743.89648436926   0.0001126801861903572 -0.1261129993063279
18749.99999999426   3.448029974928275e-05 0.4428127719077116
18756.10351561926   0.0002078063397276419 2.492980906783494
18762.20703124426   0.0003278390224166953 -0.3327066966142061
18768.31054686925   0.0003681674155841025 -2.740125512081814
18774.41406249425   0.0001983166915474061 0.4352365038783306
18780.51757811925   0.0001107731385853006 1.181701983246267
18786.62109374425   0.0001639477820470768 -3.105900661485709
18792.72460936924   0.0001208243422201139 0.04350155972224217
18798.82812499424   0.0002805580950244393 -2.269400924491975
18804.93164061924   0.0003437554008596277 0.9968320396193446
18811.03515624424   0.0002235009609471518 -0.989878922087681
18817.13867186924   0.0002143234242113164 2.87570056423777
18823.24218749424   0.0001961587959379804 -0.01326395114684425
18829.34570311923   0.0003177798408822154 3.075320006427576
18835.44921874423   0.0002687753157483866 -0.4562304088524312
18841.55273436923   0.0003145802185070086 2.313967427260058
18847.65624999423   0.0003621981907167534 -0.6989817134820805
18853.75976561923   0.0002125353955419622 2.033811493046396
18859.86328124423   0.0001643246552533563 -2.134427999167162
18865.96679686922   0.0001174690093867238 1.655218545365842
18872.07031249422   6.876504390614926e-05 -1.162609353586312
18878.17382811922   0.0001369671514499562 -0.9803315246217016
18884.27734374422   0.0002558028755946091 2.211207531434773
18890.38085936922   0.0002330404349859405 -0.6950718461587626
18896.48437499422   1.578468657674732e-05 -2.166306154635659
18902.58789061921   0.0002296726730520837 2.233591612554401
18908.69140624421   0.0002122614901101887 -0.3721248191628383
18914.79492186921   0.0002410664326845331 -2.101952536539089
18920.8984374942   0.0002981610550163409 2.01389287366489
18927.0019531192   0.0001453896500483064 -0.7892243550723252
18933.1054687442   0.0001779001776263369 -0.009255175837578494
18939.2089843692   0.0003385565178917 3.005438773733442
18945.3124999942   0.000249373285567642 -0.1199506380754553
18951.4160156192   0.0001806668066613388 -1.569742598292193
18957.51953124419   0.0002879844055048767 2.153376752202386
18963.62304686919   5.791894162777239e-05 0.5104290590939577
18969.72656249419   0.0002195212674722357 -0.5887629596250522
18975.83007811919   0.0002415014346084523 2.978882888744059
18981.93359374419   0.0001627572398021224 -0.8333333250969744
18988.03710936919   0.0001300020042241571 1.398949813251133
18994.14062499418   9.492138846075958e-05 1.567371833862883
19000.24414061918   0.0001564304513573272 -0.8684405778496794
19006.34765624418   0.0003044539447510011 -2.658351549570033
19012.45117186918   0.0002743770329907274 1.015215761652151
19018.55468749418   0.0001535091153038011 -2.121714901714524
19024.65820311918   4.187080721019908e-05 -1.213615921277676
19030.76171874417   0.0002526001187515863 0.2826761912968986
19036.86523436917   0.000226983508165112 2.533730027068769
19042.96874999417   6.224443760473424e-05 -1.009260886971435
19049.07226561917   0.0001931898213864524 -2.467331213961872
19055.17578124416   0.0001822199787680854 -0.3513136676959951
19061.27929686916   0.0002798621353291394 1.614828669614061
19067.38281249416   0.0002006192319188882 -2.385235712001418
19073.48632811916   0.0001467697932534985 -0.2246488757187551
19079.58984374416   0.0001059294559969452 -2.376304686561528
19085.69335936916   0.0001111024851836057 0.2118351260296505
19091.79687499415   0.000224482418017699 2.264288432738627
19097.90039061915   0.0001630057041391188 -1.156871547192938
19104.00390624415   7.767451734884698e-05 0.6866962954245402
19110.10742186915   0.000142181620469372 -2.148561324659442
19116.21093749415   0.000243704825211231 1.508438126146147
19122.31445311915   0.0003193648949459475 -1.34072286891576
19128.41796874414   0.0002147998887525516 1.62983801093627
19134.52148436914   9.708693960178348e-05 -1.902388279991742
19140.62499999414   0.0001808801656981954 2.724173919797465
19146.72851561914   0.0002906042482548789 -0.01566511104659571
19152.83203124414   0.000196880764206495 2.899322819143939
19158.93554686913   0.0001240395171508469 -1.546148681260539
19165.03906249413   7.852037606112178e-05 2.164485968087792
19171.14257811913   0.0002307561657363235 0.06169105034227418
19177.24609374413   0.0002215927239602856 -2.505006377484235
19183.34960936912   0.0002748257340193943 1.244071180738733
19189.45312499412   0.0003632115949485939 -2.186221146329514
19195.55664061912   0.0003625921019205778 0.8522051709690353
19201.66015624412   0.00019076529501025 -1.957826384995815
19207.76367186912   0.0001109416126503145 2.360819304440057
19213.86718749412   0.0001682239841612575 -0.3543520086567487
19219.97070311911   0.0001059157109762511 -2.918954414191564
19226.07421874411   0.0001300574377760408 1.605962790945878
19232.17773436911   0.0001574737641802065 -1.551399568845014
19238.28124999411   0.0001606874988880428 1.136951130260541
19244.38476561911   0.0001781483239870881 -2.51748202387516
19250.48828124411   0.0002523835531107434 0.6392148871168388
19256.5917968691   0.0003219943491297416 -2.061119554860525
19262.6953124941   0.0003401843358574614 0.9809348588596573
19268.7988281191   0.000295543011642278 -2.729901736098465
19274.9023437441   0.0002136617810337753 -0.4037665495805363
19281.0058593691   0.0002065282169713538 2.570571892886278
19287.1093749941   0.0001141040582669516 0.515827943269566
19293.21289061909   8.692089206780218e-05 -0.7700982576346602
19299.31640624409   0.0001967309010496742 -2.37163485311188
19305.41992186909   0.000361032842811114 1.17742585092334
19311.52343749409   0.000317956303928559 -1.837305632333573
19317.62695311908   0.0001304401319634543 0.8133375645060663
19323.73046874408   7.42469482731399e-05 1.82633992124143
19329.83398436908   0.0001652127342677368 -2.35679480325155
19335.93749999408   3.590956282857916e-05 -1.204904791793983
19342.04101561908   0.000208062658357891 0.7461599234393562
19348.14453124408   0.00012820710580428 -2.05768932606613
19354.24804686907   0.0001496002408784434 2.210572558378116
19360.35156249407   0.0002096602222582776 -1.678387270945943
19366.45507811907   0.0003141502299497785 0.9438643328153264
19372.55859374407   0.0002727870755571292 -2.808551744989197
19378.66210936907   0.0002182263299088291 -0.8135763418727416
19384.76562499406   0.000181336014313443 0.5543652917627334
19390.86914061906   0.0001896121291086801 2.399768101470486
19396.97265624406   3.396948203270254e-05 -2.293036615518003
19403.07617186906   0.0001826440280559931 -0.8339429047810049
19409.17968749406   0.0003202389567562206 2.542871650265915
19415.28320311906   0.0002245804203067088 -0.9192033700002048
19421.38671874405   0.0001465986392058357 1.076813617665691
19427.49023436905   0.0002302367648511524 -1.387143146339084
19433.59374999405   0.0002330825695391729 2.362968447824784
19439.69726561905   0.0001807956191316247 0.3011087110418462
19445.80078124404   0.0003337166611796936 -2.968970504539333
19451.90429686904   0.0003167455218167753 0.08965099264538728
19458.00781249404   0.000174476796940464 -1.803686995850482
19464.11132811904   0.0002617750359394489 2.054040612587943
19470.21484374404   0.0001057683821214959 -0.6651752354340029
19476.31835936904   8.640667386499141e-05 -1.54665196405991
19482.42187499403   0.0001372880625889981 1.759473634625932
19488.52539061903   0.0001604494048092303 -1.218338194637542
19494.62890624403   0.0001954569130154595 1.923480739833574
19500.73242186903   0.0001303797284682912 -1.792052983865968
19506.83593749403   7.621881619333053e-05 2.592064139348348
19512.93945311903   0.000164547076450538 0.08378711316046551
19519.04296874402   0.0001627859303612934 -0.9377435118531988
19525.14648436902   0.0002581630614968167 2.205641899714069
19531.24999999402   9.221354457301253e-05 -2.739003014390705
19537.35351561902   0.0002496282513790276 -0.7212054574380602
19543.45703124402   0.0001874584758422547 2.498175894730978
19549.56054686902   0.0001326137228884233 -0.47867042713612
19555.66406249401   9.171006238906829e-05 -2.59912114384828
19561.76757811901   0.0001711785048000634 1.33249179965761
19567.87109374401   0.0001774235472592546 -1.762506735736573
19573.97460936901   0.0003267988425718384 1.299394046542935
19580.078124994   0.0002615531528136109 -1.995253196748684
19586.181640619   0.0001464416698624364 -2.316826682262135
19592.285156244   0.0002393679033283583 0.5910288986810042
19598.388671869   9.916302419049139e-05 2.192340166816154
19604.492187494   6.432887439858282e-05 -0.5358011682387089
19610.59570311899   0.0001417345224107268 -1.714615516577117
19616.69921874399   0.0002711505872808526 2.177687534846022
19622.80273436899   0.0002021109623262363 -1.033974256755392
19628.90624999399   5.759581109671796e-05 -1.816024374337637
19635.00976561899   0.0001015719287563778 0.8788821183402569
19641.11328124399   0.0001496627591107347 0.9300794132730634
19647.21679686898   0.000301862585169093 -2.221446641829893
19653.32031249398   0.0003086790214399461 2.023948672194526
19659.42382811898   0.0003596959491493706 -0.6548348618853775
19665.52734374398   9.695287184500375e-05 1.800217836139659
19671.63085936898   0.0001453221052548256 2.621044263299828
19677.73437499398   0.0003133249444549165 -0.9289949644113087
19683.83789061897   0.0004375320848428966 2.505299556351396
19689.94140624397   0.0003725327149261388 -0.03769484594146916
19696.04492186897   0.0002542950532740451 -2.362628981871834
19702.14843749397   0.0001983637329034721 1.9976426529221
19708.25195311896   0.0002626713048268959 -0.6935401206256775
19714.35546874396   0.0002472903693226377 2.185786529631229
19720.45898436896   0.000190888176960866 -1.605682030395065
19726.56249999396   0.0001086385479214203 0.06896547363005211
19732.66601561896   9.861438917501547e-05 2.844033055904979
19738.76953124396   0.000124526534700356 2.098004885353609
19744.87304686895   0.0002504748978925979 -0.08105914697470697
19750.97656249395   0.0001484579632724932 -2.764849186922498
19757.08007811895   0.0001508063779499803 -1.733333476914483
19763.18359374395   0.0001951750783580122 1.685851921269043
19769.28710936895   0.0001436734869050583 0.8110419054840777
19775.39062499395   0.0003550281023675841 -2.040225344537932
19781.49414061894   0.0002681661547992584 0.9653425996771797
19787.59765624394   0.0001943849636685561 -2.637171717436484
19793.70117186894   0.0001642382625470613 0.7966370253519761
19799.80468749394   7.526961930783439e-05 -0.3278216355427909
19805.90820311894   0.0001096469305234742 -3.029191863069223
19812.01171874393   0.0001496713558390619 -0.6451167181087059
19818.11523436893   5.472802798157284e-05 2.571635330262807
19824.21874999393   7.191168229214098e-05 2.19516688293829
19830.32226561893   0.0001342724924547178 -1.674968893386732
19836.42578124392   0.0002284641812135859 0.9691344527857776
19842.52929686892   0.0002056305512711132 -2.987394235311476
19848.63281249392   0.00022383441387672 -1.168569635294418
19854.73632811892   0.0001712777219397989 1.314908184319441
19860.83984374392   0.0001378618138676232 2.242350503309102
19866.94335936892   0.0001351397716470387 -1.081552129371599
19873.04687499391   0.000150941610071381 -2.473162109960754
19879.15039061891   0.0002211028628941332 0.7931051181839519
19885.25390624391   0.0001763622281379654 -1.460425262159806
19891.35742186891   0.0002980816891900356 2.185323719043473
19897.46093749391   0.0003200733390709065 -1.021986762487846
19903.56445311891   0.0002558459975428741 2.331844706333942
19909.6679687439   0.0001678740227667586 -0.4127866291405553
19915.7714843689   9.225590331281428e-05 -2.016442546766045
19921.8749999939   0.0002342723293501328 1.289096674731962
19927.9785156189   0.0002216395778429085 -1.366864586384055
19934.0820312439   0.0003448646457898378 2.459776746843156
19940.1855468689   0.0002451559712693123 -0.9382988478833092
19946.28906249389   7.46336139712729e-05 0.7663343207459682
19952.39257811889   0.0001590702189481371 1.594783389102764
19958.49609374389   0.000367349142688931 -2.030815481728289
19964.59960936889   0.0003403798890234026 1.125968858122735
19970.70312499388   0.0001970985452304149 -1.146865628340713
19976.80664061888   0.0001977800855448311 1.944357830829482
19982.91015624388   0.0003032319831713499 -2.246199398526047
19989.01367186888   0.0003890324734426923 0.7153602430006833
19995.11718749388   0.0002984154525640118 -1.962926267924405
20001.22070311888   0.0001733730818889181 1.976735161873207
20007.32421874387   4.236478485397086e-05 -0.4206416781505115
20013.42773436887   4.681128298567567e-06 -0.6671627698638207
20019.53124999387   1.68711645351494e-06 -0.6601109705286998
20025.63476561887   8.218605564564638e-07 -0.6359395260515011
20031.73828124387   4.68232666745959e-07 -0.6099212945380417
20037.84179686886   2.944009728957571e-07 -0.5849318173647938
20043.94531249386   1.982167661848739e-07 -0.5616410821186608
20050.04882811886   1.403696581607587e-07 -0.540145393275958
20056.15234374386   1.033419079508412e-07 -0.5202787870795846
20062.25585936886   7.846193063523476e-08 -0.5019221867239086
20068.35937499386   6.108092621299722e-08 -0.4848460853243237
20074.46289061885   4.854785805747097e-08 -0.4688645083249874
20080.56640624385   3.92644679443988e-08 -0.4539160854753817
20086.66992186885   3.223241812825457e-08 -0.4397310667023665
20092.77343749385   2.680114871007042e-08 -0.4262935069936422
20098.87695311884   2.253654687313661e-08 -0.4134767580339189
20104.98046874384   1.913635867827537e-08 -0.4012028098142423
20111.08398436884   1.639237991311094e-08 -0.389376278118358
20117.18749999384   1.415134603952188e-08 -0.3780026146210471
20123.29101561884   1.230111580818563e-08 -0.3668904492468001
20129.39453124384   1.076101721700359e-08 -0.3561723660565114
20135.49804686883   9.467382082457424e-09 -0.345681809125239
20141.60156249383   8.373183366524919e-09 -0.3355401185736451
20147.70507811883   7.438593877933317e-09 -0.3254632044002543
20153.80859374383   6.641762278611218e-09 -0.3155269959618162
20159.91210936883   5.949467332172929e-09 -0.3061310048562415
20166.01562499383   5.351800188082333e-09 -0.2962958233637217
20172.11914061882   4.830794861868695e-09 -0.2871941026142743
20178.22265624382   4.373709857547359e-09 -0.2778627719300921
20184.32617186882   3.972860392102437e-09 -0.2684921433476315
20190.42968749382   3.617526894569897e-09 -0.2598344643856607
20196.53320311882   3.303774731087323e-09 -0.2505234460289096
20202.63671874382   3.025080431299323e-09 -0.2416533850732051
20208.74023436881   2.775346753653534e-09 -0.2328766843569881
20214.84374999381   2.551788980304666e-09 -0.2241400328382519
20220.94726561881   2.352248303037456e-09 -0.2154224470652606
20227.05078124381   2.171953261419343e-09 -0.2067135096794274
20233.1542968688   2.009302829235609e-09 -0.1978368249724959
20239.2578124938   1.861530848392062e-09 -0.1895826529882936
20245.3613281188   1.728773717401051e-09 -0.1810390336327649
20251.4648437438   1.608048116868715e-09 -0.1720411973040198
20257.5683593688   1.496201930321681e-09 -0.1635951606133295
20263.67187499379   1.39590552165653e-09 -0.1555335656608036
20269.77539061879   1.304315425044015e-09 -0.1470299341362281
20275.87890624379   1.219000841913595e-09 -0.1377063208822742
20281.98242186879   1.141764793383778e-09 -0.130363768636208
20288.08593749379   1.070818289818045e-09 -0.1212140222239168
20294.18945311879   1.005361517229779e-09 -0.1134549144424549
20300.29296874378   9.446460519732735e-10 -0.1037728287893385
20306.39648436878   8.881097385146883e-10 -0.09605332365964925
20312.49999999378   8.378257099229581e-10 -0.0873766444532762
20318.60351561878   7.888288745859563e-10 -0.07965459279648222
20324.70703124378   7.449555200205165e-10 -0.07092166307339748
20330.81054686878   7.035823611088327e-10 -0.06138247247435619
20336.91406249377   6.657506336416445e-10 -0.05425677371772392
20343.01757811877   6.297317604472794e-10 -0.04576187583968436
20349.12109374377   5.960567758009713e-10 -0.03617593276207114
20355.22460936877   5.655848028805325e-10 -0.02823749689304951
20361.32812499376   5.37303481106846e-10 -0.02038729857399363
20367.43164061876   5.091999281936982e-10 -0.01156299476197071
20373.53515624376   4.84005627758996e-10 -0.002337203586578273
20379.63867186876   4.607910420214468e-10 0.004850331521225077
20385.74218749376   4.384497303646505e-10 0.01501262964349463
20391.84570311876   4.175380431881261e-10 0.02233641407567089
20397.94921874375   3.976338794454263e-10 0.03177378202784557
20404.05273436875   3.799304376397774e-10 0.0385344305303764
20410.15624999375   3.617916068617271e-10 0.04966994223258728
20416.25976561875   3.462639933915052e-10 0.05574547499851253
20422.36328124375   3.3043965548156e-10 0.06535924519458014
20428.46679686875   3.162669333769792e-10 0.07513496567016317
20434.57031249374   3.022929893113585e-10 0.08107126317681186
20440.67382811874   2.889109870927414e-10 0.09254367310661435
20446.77734374374   2.778924408271527e-10 0.09961128389203883
20452.88085936874   2.653832173490056e-10 0.1086754431674819
20458.98437499374   2.550412376285057e-10 0.1159843286089959
20465.08789061874   2.445972669175482e-10 0.1263755852803916
20471.19140624373   2.345942849515925e-10 0.1333411791491144
20477.29492186873   2.250234116586188e-10 0.145102116704198
20483.39843749373   2.169516161837321e-10 0.1514948906978934
20489.50195311872   2.080294917577841e-10 0.1590584020986288
20495.60546874372   2.00435287240964e-10 0.1694988269350695
20501.70898436872   1.92984174723259e-10 0.177332598319094
20507.81249999372   1.85084115138476e-10 0.1887182321136317
20513.91601561872   1.790524583829206e-10 0.1928225186438442
20520.01953124372   1.725044971637949e-10 0.2036360823071292
20526.12304686871   1.660403416238273e-10 0.2137996289416316
20532.22656249371   1.592486007290341e-10 0.2173581995953471
20538.33007811871   1.555216247186877e-10 0.2328617728104928
20544.43359374371   1.485991619113537e-10 0.2377762922790647
20550.53710936871   1.437815610847064e-10 0.2503122744473065
20556.64062499371   1.397282869075534e-10 0.2534180317137622
20562.7441406187   1.344427571671374e-10 0.2625267991671163
20568.8476562437   1.297850985644365e-10 0.2743864892047941
20574.9511718687   1.257016648611847e-10 0.2816621565071766
20581.0546874937   1.217759204595663e-10 0.2863197784820952
20587.1582031187   1.176566456667922e-10 0.30144167238542
20593.2617187437   1.138604274722877e-10 0.310745907900713
20599.36523436869   1.110822023337632e-10 0.3145833507208413
20605.46874999369   1.065160608734838e-10 0.3206221506329816
20611.57226561869   1.041281291024809e-10 0.3396928057288608
20617.67578124369   1.001382509323858e-10 0.336717538920527
20623.77929686868   9.778469707970778e-11 0.3556259004621489
20629.88281249368   9.470933366012143e-11 0.3535709724065343
20635.98632811868   9.184008357087681e-11 0.3714835960757435
20642.08984374368   8.920781026652818e-11 0.3731468221375714
20648.19335936868   8.688646635290853e-11 0.386263653275839
20654.29687499368   8.36797693111211e-11 0.3904950838176455
20660.40039061867   8.20179953228631e-11 0.4049493305362893
20666.50390624367   7.922894760626931e-11 0.4067963323514139
20672.60742186867   7.768699079965734e-11 0.4179048725393252
20678.71093749367   7.510407043708985e-11 0.4315805940606264
20684.81445311867   7.307578022167491e-11 0.4306117426443691
20690.91796874366   7.142394114862641e-11 0.4457458454096838
20697.02148436866   6.895444861586193e-11 0.4476778521612015
20703.12499999366   6.766963606207712e-11 0.4577229378228787
20709.22851561866   6.567154766419289e-11 0.4713783222759058
20715.33203124366   6.41396016301608e-11 0.4798855264891606
20721.43554686866   6.259955835406997e-11 0.4774055739060843
20727.53906249365   6.078192417954416e-11 0.5039480284527039
20733.64257811865   5.885432160226904e-11 0.4868792750859523
20739.74609374365   5.847837694498622e-11 0.5165971142722424
20745.84960936865   5.618002549456427e-11 0.5116024013063074
20751.95312499364   5.473896286637728e-11 0.5333199640098565
20758.05664061864   5.447721451161222e-11 0.517258591447587
20764.16015624364   5.176708184637911e-11 0.5564330549129997
20770.26367186864   5.151031272067593e-11 0.5460678827704112
20776.36718749364   4.997178488602617e-11 0.5477697728580099
20782.47070311864   4.89448334622561e-11 0.5791284201953633
20788.57421874363   4.834455113450966e-11 0.5568283038750828
20794.67773436863   4.608805575543654e-11 0.586337949129527
20800.78124999363   4.537205490456265e-11 0.5843164909126194
20806.88476561863   4.531572336801581e-11 0.5938149077161859
20812.98828124363   4.270573210867028e-11 0.615317396720194
20819.09179686863   4.357524771887937e-11 0.6024585005381696
20825.19531249362   4.136715348168343e-11 0.6091454177067943
20831.29882811862   4.047915389759975e-11 0.6422779627906567
20837.40234374362   4.097295370737813e-11 0.6192054318866986
20843.50585936862   3.833833287555193e-11 0.6542469536022882
20849.60937499362   3.830099831254857e-11 0.6357415359046352
20855.71289061862   3.789042921478561e-11 0.6637701801564627
20861.81640624361   3.641672830626328e-11 0.6656734966483878
20867.91992186861   3.6275022887557e-11 0.6554855140824479
20874.02343749361   3.55172755402371e-11 0.6903504487405648
20880.12695311861   3.423484834476398e-11 0.6784128847508203
20886.2304687436   3.354799177224363e-11 0.6838887866387892
20892.3339843686   3.332573328918177e-11 0.7146473133380637
20898.4374999936   3.335955210626466e-11 0.6940618567733994
20904.5410156186   3.113469352924608e-11 0.7191487402475564
20910.6445312436   3.179220761552795e-11 0.7183926640897793
20916.74804686859   3.01323816338295e-11 0.7179866069335841
20922.85156249359   3.041915140812716e-11 0.7591337884615017
20928.95507811859   3.025415428449214e-11 0.7033246729806071
20935.05859374359   2.803161090445369e-11 0.761695368925382
20941.16210936859   2.934073450259574e-11 0.7622260363571608
20947.26562499359   2.770115155408312e-11 0.7420010081718346
20953.36914061858   2.68637784449362e-11 0.7817339167090513
20959.47265624358   2.7746344361139e-11 0.7984658851105539
20965.57617186858   2.670933651532997e-11 0.7340387850717229
20971.67968749358   2.520741141580334e-11 0.8212465588714685
20977.78320311858   2.602009134450813e-11 0.7753107314526955
20983.88671874358   2.50282058461018e-11 0.8057800053409686
20989.99023436857   2.460358915565797e-11 0.7963155006653728
20996.09374999357   2.41944427595002e-11 0.8024902677978847
21002.19726561857   2.4003555755828e-11 0.8608155036446536
21008.30078124357   2.324290648823811e-11 0.7882540188803751
21014.40429686856   2.317686668463191e-11 0.8458911244494026
21020.50781249356   2.235970236448792e-11 0.8324405531033705
21026.61132811856   2.284015729592969e-11 0.8357594222690984
21032.71484374356   2.134983178602869e-11 0.8646957239990113
21038.81835936856   2.206646623292689e-11 0.8397435456166337
21044.92187499356   2.077425072156786e-11 0.8784104539980911
21051.02539061855   2.111457571072482e-11 0.8349320358934822
21057.12890624355   2.065525207421467e-11 0.9239768048294388
21063.23242186855   1.988023319886838e-11 0.8496468674597137
21069.33593749355   1.983986328852683e-11 0.8861410271551079
21075.43945311855   1.953185840607499e-11 0.9045175705834791
21081.54296874355   1.94384987092448e-11 0.8618908578164529
21087.64648436854   1.904966284205834e-11 0.9374697095213167
21093.74999999354   1.846066742905602e-11 0.9210492502903512
21099.85351561854   1.8481160232255e-11 0.8618844720031553
21105.95703124354   1.828620974886612e-11 0.9384529911343296
21112.06054686854   1.746591043106837e-11 0.9382384810807041
21118.16406249354   1.777300017256587e-11 0.920429311836648
21124.26757811853   1.699420574484463e-11 0.9339407989739742
21130.37109374353   1.748902456546606e-11 0.9280153639377374
21136.47460936853   1.62837293114632e-11 0.9611043686444477
21142.57812499352   1.69127976877749e-11 0.968686050416665
21148.68164061852   1.609718320622518e-11 0.9434934160374363
21154.78515624352   1.576657802164459e-11 0.9475551925023205
21160.88867186852   1.624096476828455e-11 0.9659454319176
21166.99218749352   1.556930574897284e-11 0.99540735006685
21173.09570311852   1.522812078424364e-11 0.9655286007891236
21179.19921874351   1.507942257217607e-11 0.9702909570009131
21185.30273436851   1.508772643283172e-11 1.010144975582112
21191.40624999351   1.45280202984625e-11 0.9693270551976658
21197.50976561851   1.509334196510193e-11 1.021475910637907
21203.61328124351   1.35908030104393e-11 0.9695802104381462
21209.71679686851   1.425358629439243e-11 1.028704422091884
21215.8203124935   1.400179212999428e-11 1.01579942845528
21221.9238281185   1.413346187967246e-11 1.005555441939774
21228.0273437435   1.358119170713079e-11 1.029393847045241
21234.1308593685   1.230387368019738e-11 1.022165499990514
21240.2343749935   1.39266942009645e-11 1.040976980637734
21246.3378906185   1.280218297217793e-11 1.020527503583164
21252.44140624349   1.322418488244426e-11 1.026705947753024
21258.54492186849   1.191448201138585e-11 1.075505943984034
21264.64843749349   1.291712528530781e-11 1.08289384772704
21270.75195311849   1.227559497407535e-11 0.9846981059429192
21276.85546874348   1.234390227118063e-11 1.065485934610807
21282.95898436848   1.200583583596627e-11 1.121880364881861
21289.06249999348   1.154954395386327e-11 0.9912644008204052
21295.16601561848   1.207014618626943e-11 1.134175482787923
21301.26953124348   1.151069116608173e-11 1.055851273640563
21307.37304686848   1.119017682949692e-11 1.066509827783281
21313.47656249347   1.129003869424208e-11 1.115837871344535
21319.58007811847   1.162129076633274e-11 1.043591247377128
21325.68359374347   1.028014689972808e-11 1.138873178880616
21331.78710936847   1.137958995138823e-11 1.074428041411801
21337.89062499347   9.977448740712159e-12 1.111621225420043
21343.99414061847   1.138547466215606e-11 1.095478056625801
21350.09765624346   1.014051098626929e-11 1.152900365567081
21356.20117186846   1.002376599541388e-11 1.070019236990664
21362.30468749346   1.038725863600361e-11 1.150376333465232
21368.40820311846   9.994121806777109e-12 1.084471383816283
21374.51171874346   1.002430556620691e-11 1.199017497596093
21380.61523436845   9.791030645994993e-12 1.063534924932225
21386.71874999345   9.686451353632948e-12 1.121216309414824
21392.82226561845   9.43213750013445e-12 1.199070290133611
21398.92578124345   9.991315901504189e-12 1.118572068434608
21405.02929686844   8.627474369965311e-12 1.145710879657989
21411.13281249344   9.295087749647649e-12 1.178673325471351
21417.23632811844   9.868472489879154e-12 1.145836514394012
21423.33984374344   8.114793092409908e-12 1.153386591553144
21429.44335936844   9.093178927128589e-12 1.139209105398486
21435.54687499344   9.612848799437352e-12 1.160347541242899
21441.65039061843   7.976282450055338e-12 1.228385740456879
21447.75390624343   8.461087598533e-12 1.123092389423807
21453.85742186843   8.582980205849898e-12 1.174485333781523
21459.96093749343   8.64428927460692e-12 1.272025079160197
21466.06445311843   8.293260740723163e-12 1.102631649649488
21472.16796874343   8.333234046690195e-12 1.17527258651072
21478.27148436842   7.819141617926397e-12 1.250199676827856
21484.37499999342   8.528756376849082e-12 1.157931958871607
21490.47851561842   7.12851556622233e-12 1.227115274805975
21496.58203124342   8.198810998805853e-12 1.201737189621185
21502.68554686842   8.227191842269284e-12 1.162597911312585
21508.78906249342   6.909601168530036e-12 1.319557474768001
21514.89257811841   8.175528606334951e-12 1.129115135058819
21520.99609374341   7.142493320129677e-12 1.349512422815626
21527.09960936841   7.46727185967791e-12 1.062246522181676
21533.20312499341   7.600263416944176e-12 1.294348305394714
21539.3066406184   7.249282727726355e-12 1.248239673968636
21545.4101562434   6.650884206253329e-12 1.228768808491272
21551.5136718684   7.865451382382207e-12 1.187867073446268
21557.6171874934   6.54771718160812e-12 1.29377223515902
21563.7207031184   7.020653139408467e-12 1.265113307372778
21569.8242187434   6.966881322521349e-12 1.108342783867887
21575.92773436839   6.667278973452421e-12 1.384869294705345
21582.03124999339   6.449775151222072e-12 1.263894817590407
21588.13476561839   6.704130257222964e-12 1.165481455289247
21594.23828124339   7.535751543035284e-12 1.310257461241856
21600.34179686839   5.489494721346219e-12 1.270462398189485
21606.44531249338   7.152485554102247e-12 1.182404727460045
21612.54882811838   5.499711252759908e-12 1.384145657662343
21618.65234374338   6.990171639410697e-12 1.258652855681835
21624.75585936838   5.803761980564612e-12 1.29884754680351
21630.85937499338   6.472957158357061e-12 1.179756649494339
21636.96289061838   5.702599341061006e-12 1.417956613108824
21643.06640624337   6.312743125241604e-12 1.194891568250039
21649.16992186837   6.127473982920417e-12 1.317167747128181
21655.27343749337   5.765612823767527e-12 1.300065214671078
21661.37695311837   5.697958812321005e-12 1.247960673680069
21667.48046874336   6.398097287446133e-12 1.41869295028032
21673.58398436836   4.498166127317857e-12 1.122771943120376
21679.68749999336   6.56113541604604e-12 1.355943912272003
21685.79101561836   5.830685769700008e-12 1.240298935991224
21691.89453124336   5.267183107725899e-12 1.446444097513431
21697.99804686836   5.073951505592548e-12 1.179035244461014
21704.10156249335   6.038576174478197e-12 1.42036921954968
21710.20507811835   5.223436892554778e-12 1.224675206694043
21716.30859374335   4.871662357406854e-12 1.28917384160937
21722.41210936835   5.598910943834113e-12 1.387929213447327
21728.51562499335   5.521217291105263e-12 1.309502461020248
21734.61914061835   4.569685370041836e-12 1.351675468493449
21740.72265624334   5.416372577055941e-12 1.355287883281814
21746.82617186834   4.91282087135294e-12 1.287489635315689
21752.92968749334   5.118653665293235e-12 1.367650725339741
21759.03320311834   4.810210811154492e-12 1.276447765978491
21765.13671874334   4.706074024212899e-12 1.364210517148458
21771.24023436834   5.164903496657067e-12 1.471853275035647
21777.34374999333   4.738882164157161e-12 1.138287844591456
21783.44726561833   5.395112747322015e-12 1.472122347353694
21789.55078124333   3.999373820180723e-12 1.358260739766666
21795.65429686833   4.821585335845851e-12 1.285182269713914
21801.75781249332   4.525691139556923e-12 1.49327760326067
21807.86132811832   4.793003508354831e-12 1.258926093846202
21813.96484374332   4.34787823583162e-12 1.383507843923309
21820.06835936832   4.364562304316323e-12 1.366580603989791
21826.17187499332   4.295326038180197e-12 1.469918580313834
21832.27539061831   5.304390834677715e-12 1.265196310532409
21838.37890624331   3.64660061684398e-12 1.47599544368973
21844.48242186831   4.088241116010333e-12 1.373675149400427
21850.58593749331   4.870414535037795e-12 1.410964351972716
21856.68945311831   3.989283828562937e-12 1.430661775380041
21862.79296874331   3.606299099488836e-12 1.207673544428373
21868.8964843683   5.320058028634535e-12 1.478051379716561
21874.9999999933   3.322808731258772e-12 1.344574562565306
21881.1035156183   3.936169136710722e-12 1.451795437119257
21887.2070312433   4.18638477834969e-12 1.35944407622501
21893.3105468683   4.063697556306375e-12 1.371658394319865
21899.4140624933   3.950036508633788e-12 1.51580800120869
21905.51757811829   3.632004920237463e-12 1.414246913285206
21911.62109374329   4.150478955392622e-12 1.310150408929707
21917.72460936829   3.887553253899235e-12 1.440965805397467
21923.82812499329   3.649475716956221e-12 1.533625141400466
21929.93164061828   3.626348444713848e-12 1.360897927320724
21936.03515624328   3.661554646500133e-12 1.349535888527626
21942.13867186828   3.705211609268195e-12 1.51371504483783
21948.24218749328   4.337467757775802e-12 1.43855296270139
21954.34570311828   2.947072821399615e-12 1.162750819258326
21960.44921874328   3.964157941158854e-12 1.698145917028159
21966.55273436827   3.43856413809057e-12 1.280664937360902
21972.65624999327   3.306799499852203e-12 1.445083711153277
21978.75976561827   4.355859075363114e-12 1.442640071998072
21984.86328124327   2.28605624612432e-12 1.670876546878645
21990.96679686827   4.169930252170691e-12 1.339562322479375
21997.07031249327   3.103686310299948e-12 1.529720111024759
22003.17382811826   3.805803101203592e-12 1.333792421767995
22009.27734374326   3.240345114056024e-12 1.48865835341429
22015.38085936826   2.739771341335522e-12 1.503567851339297
22021.48437499326   3.436743240824674e-12 1.456211953286899
22027.58789061826   3.510320509589469e-12 1.586026158568428
22033.69140624325   2.991729355601434e-12 1.2437075785222
22039.79492186825   3.461015187609493e-12 1.697846085867279
22045.89843749325   2.958331562980083e-12 1.148424108764281
22052.00195311825   3.602206951278875e-12 1.610828766035945
22058.10546874324   2.764185355567902e-12 1.755947639429945
22064.20898436824   3.520670729597495e-12 1.186028933243587
22070.31249999324   2.8739303976021e-12 1.56400458563081
22076.41601561824   3.192177383916821e-12 1.542227207134455
22082.51953124324   2.595369750743714e-12 1.340462574003155
22088.62304686824   2.978991129702987e-12 1.579069957609587
22094.72656249323   3.087729104569344e-12 1.457574804822482
22100.83007811823   2.926021646790726e-12 1.637495699130454
22106.93359374323   2.73735105686503e-12 1.285001074174398
22113.03710936823   3.113249524540487e-12 1.583928426440099
22119.14062499323   2.264879040856255e-12 1.548345425507355
22125.24414061823   3.356669434114428e-12 1.432833086420182
22131.34765624322   2.785523394434837e-12 1.489865549957431
22137.45117186822   2.228787170230755e-12 1.585381743661864
22143.55468749322   3.137410807983377e-12 1.493774762799379
22149.65820311822   2.529144397388516e-12 1.668402602720903
22155.76171874322   2.596862477906249e-12 1.478738245400618
22161.86523436822   2.756580817064934e-12 1.612102563015227
22167.96874999321   2.576192935365297e-12 1.363238180709336
22174.07226561821   2.609678701749751e-12 1.538358644452998
22180.17578124321   2.43851640371828e-12 1.406079338983623
22186.27929686821   2.772853179808409e-12 1.745933820148594
22192.3828124932   2.638087973715058e-12 1.369977199527763
22198.4863281182   2.12665859519028e-12 1.638916509403914
22204.5898437432   2.9803046755847e-12 1.616601144943601
22210.6933593682   2.322231752258048e-12 1.211248638394362
22216.7968749932   2.168623852295626e-12 1.791959633001381
22222.9003906182   2.5034613440693e-12 1.574751325207999
22229.00390624319   2.72169916581863e-12 1.560652770285448
22235.10742186819   2.189442199115765e-12 1.577943081357508
22241.21093749319   2.608563281074046e-12 1.365111458864309
22247.31445311819   2.115202089812835e-12 1.885095048697619
22253.41796874319   2.461040363872821e-12 1.348722733447377
22259.52148436818   2.134738379014325e-12 1.731526841554236
22265.62499999318   2.626064174951806e-12 1.511230200312154
22271.72851561818   2.010875736393e-12 1.31176342443879
22277.83203124318   2.205298940280076e-12 1.91720768167231
22283.93554686818   2.917079361049018e-12 1.60558336173343
22290.03906249318   1.576927619805756e-12 1.193276934166736
22296.14257811817   2.648067914317274e-12 1.753189876924304
22302.24609374317   1.763661703087378e-12 1.391078069817247
22308.34960936817   2.320717976354263e-12 1.593258108451208
22314.45312499317   2.609688159404986e-12 1.610099112680115
22320.55664061816   1.454238461729286e-12 1.788773179772722
22326.66015624316   2.047859629858865e-12 1.592707930466751
22332.76367186816   2.325475845837812e-12 1.47658884023449
22338.86718749316   2.028203586674061e-12 1.69471174286819
22344.97070311816   2.071074880399595e-12 1.544134641526492
22351.07421874316   1.621010998451233e-12 1.722928998415568
22357.17773436815   2.329462660602894e-12 1.487121373350205
22363.28124999315   2.187695912719264e-12 1.758983172799291
22369.38476561815   1.453782492817632e-12 1.153497717926455
22375.48828124315   2.598735805856148e-12 1.968514289767627
22381.59179686815   1.754933995367442e-12 1.443307833301746
22387.69531249315   1.913316643553156e-12 1.257958228624742
22393.79882811814   2.407229191590492e-12 1.941116333983779
22399.90234374314   1.893133355555481e-12 1.701014909157539
22406.00585936814   1.626204527843786e-12 1.274080882339469
22412.10937499314   1.808569380384683e-12 1.811015518939045
22418.21289061814   2.304918367530766e-12 1.617684375942893
22424.31640624314   1.140190844673169e-12 1.270123317517033
22430.41992186813   2.272503781695597e-12 1.9214720812112
22436.52343749313   1.774807560448757e-12 1.703853665674404
22442.62695311813   1.938200458516163e-12 1.414383957645394
22448.73046874313   1.621606596225602e-12 1.34027437156094
22454.83398436812   1.761874953442854e-12 2.116734393359393
22460.93749999312   2.03585927392212e-12 1.782879629921676
22467.04101561812   2.024837825686163e-12 1.220322418966591
22473.14453124312   1.217206102083974e-12 2.3547373953523
22479.24804686812   2.535492352513416e-12 1.391870359355702
22485.35156249311   2.055536191748564e-12 2.256611192423275
22491.45507811811   1.781158636308174e-12 0.6954195447031412
22497.55859374311   2.069603205059037e-12 2.016549318622372
22503.66210936811   1.387740584926688e-12 1.641057137067093
22509.76562499311   2.042057535470899e-12 1.558204214405749
22515.86914061811   1.370469625554982e-12 1.982936215010965
22521.9726562431   2.065004113110154e-12 2.004493991091997
22528.0761718681   1.898375660809916e-12 0.8331985027755309
22534.1796874931   1.699238512379236e-12 2.034087590327487
22540.2832031181   1.423637846183491e-12 1.893575562972351
22546.3867187431   1.868779758525621e-12 1.367757218451257
22552.4902343681   1.481866190754544e-12 2.051117379148735
22558.59374999309   1.187246367507596e-12 1.855727560381734
22564.69726561809   1.965257849367034e-12 1.460033854768976
22570.80078124309   1.586007272598505e-12 1.728796908558743
22576.90429686809   1.05600498355499e-12 2.001629697542836
22583.00781249308   1.705354854462395e-12 1.837981679943409
22589.11132811808   1.778823580330916e-12 1.148701058560397
22595.21484374308   1.443414449089981e-12 2.261994970226849
22601.31835936808   1.732095120146668e-12 1.599777431118706
22607.42187499308   1.176228443090353e-12 2.024642825217946
22613.52539061808   1.498452291115328e-12 1.396631901807712
22619.62890624307   1.355768268202564e-12 2.010025389251402
22625.73242186807   1.819149560610327e-12 1.541295210535943
22631.83593749307   1.116867126518461e-12 1.875959706962731
22637.93945311807   1.30065131780157e-12 1.794700903144008
22644.04296874307   1.307043624975943e-12 1.370743083809066
22650.14648436807   1.923180325067145e-12 2.00890760569878
22656.24999999306   4.522324186743962e-13 2.563654005018044
22662.35351561806   2.345503709133318e-12 1.662754529725018
22668.45703124306   6.469935621887848e-13 1.490631769292834
22674.56054686806   2.071459732461213e-12 1.61065909907908
22680.66406249306   6.558630113338259e-13 2.691602565094858
22686.76757811806   2.003978435672137e-12 1.435102325310157
22692.87109374305   1.013950535066478e-12 2.534082839713425
22698.97460936805   1.592046445594928e-12 1.827591099448812
22705.07812499305   1.157403417896001e-12 1.148457450948094
22711.18164061804   1.783742705965789e-12 2.11172759428084
22717.28515624304   6.539984137545459e-13 1.130033765801927
22723.38867186804   2.106753094129974e-12 1.983099831776038
22729.49218749304   7.469936179010587e-13 0.743135641164267
22735.59570311804   1.934428220756851e-12 1.825513609012456
22741.69921874304   1.094099187656743e-12 2.79398805421461
22747.80273436803   1.916874997090609e-12 1.290651145716655
22753.90624999303   1.133176737090085e-12 2.18348030966606
22760.00976561803   1.050819817369522e-12 1.554055308825689
22766.11328124303   8.523021273019553e-13 1.95241941874806
22772.21679686803   1.752417671360712e-12 2.028738706917595
22778.32031249303   8.48355437729496e-13 0.6099325631642089
22784.42382811802   2.110970038712588e-12 2.060300999232334
22790.52734374302   5.660305812697529e-13 1.762559126574369
22796.63085936802   1.231846534002654e-12 1.971600136926675
22802.73437499302   1.34915762687514e-12 1.591486525216069
22808.83789061802   7.629352079871799e-13 2.365545925558495
22814.94140624302   1.266985804778066e-12 1.421424493556751
22821.04492186801   1.444394376731292e-12 2.000718000700378
22827.14843749301   4.973073609307492e-13 2.346284084678017
22833.25195311801   1.811081156261648e-12 1.508197962339542
22839.35546874301   6.060366071070526e-13 2.297271235061312
22845.458984368   1.521848536793257e-12 1.911871205176892
22851.562499993   7.672030423714123e-13 2.129879748307578
22857.666015618   1.159405855809956e-12 1.36214825282295
22863.769531243   1.110228334352407e-12 2.587776124096588
22869.873046868   1.377772086106051e-12 1.308489653147441
22875.976562493   1.100293654727681e-12 2.088403424742725
22882.08007811799   9.702940634418138e-13 2.40449939258217
22888.18359374299   1.379947010878625e-12 1.581604687969464
22894.28710936799   5.351022392627831e-13 2.127172225759629
22900.39062499299   1.123430264174216e-12 1.516607037577401
22906.49414061799   1.149016108309694e-12 1.924145401277318
22912.59765624299   8.250820152432431e-13 2.271065653795199
22918.70117186798   1.162470583203681e-12 1.881316229800871
22924.80468749298   8.041278183741237e-13 1.669180116833397
22930.90820311798   7.704877316099611e-13 2.106085394619274
22937.01171874298   1.524894196732357e-12 1.969398859098752
22943.11523436798   1.505448720496308e-14 0.1377562022062873
22949.21874999297   1.715561716774138e-12 1.66527175959353
22955.32226561797   9.050468622934417e-13 2.833449881412218
22961.42578124297   1.345815989884166e-12 1.598275641075307
22967.52929686797   6.027221406736286e-13 1.401014467870759
22973.63281249296   9.097461700512335e-13 2.421720500630163
22979.73632811796   1.381682134871976e-12 1.484466232272808
22985.83984374296   1.112739722131827e-12 2.921539859109852
22991.94335936796   1.257726257042095e-12 1.39836455658116
22998.04687499296   7.816364735624691e-13 2.220018027770329
23004.15039061796   9.760249159082385e-13 1.587862583614869
23010.25390624295   4.234173326658643e-13 2.729838928868201
23016.35742186795   1.555166876177123e-12 1.91794658734567
23022.46093749295   4.748529464074067e-13 2.539893883273972
23028.56445311795   1.13276449921474e-12 1.931739155118799
23034.66796874295   5.431683573805059e-13 0.695658409985599
23040.77148436795   1.708376639671236e-12 2.348074903273783
23046.87499999294   1.050316641568274e-12 1.987136372767117
23052.97851561794   5.494157342142514e-13 1.039890593936708
23059.08203124294   5.729164736945244e-13 2.609167650223066
23065.18554686794   1.244646558989732e-12 1.382916461380678
23071.28906249294   8.940215289785776e-13 2.556265339547836
23077.39257811794   1.372530259967392e-12 2.424377114154905
23083.49609374293   1.162290586502634e-12 0.964817919164173
23089.59960936793   5.866274250267712e-13 -2.29952212267769
23095.70312499293   2.533028476210083e-12 2.009556079171671
23101.80664061793   7.666847655383338e-13 -0.326649656584897
23107.91015624292   1.380339903501976e-12 2.686981403390577
23114.01367186792   1.24570973470073e-12 1.507485989764526
23120.11718749292   3.354114305959264e-13 -2.629300317899186
23126.22070311792   1.346553615718883e-12 1.722123671511671
23132.32421874292   8.400994563529942e-13 2.069881243399334
23138.42773436791   5.36741002442079e-13 2.656807928816254
23144.53124999291   8.589530798508372e-13 2.41970535708044
23150.63476561791   1.506079738888994e-12 1.458474443094923
23156.73828124291   4.84835287156741e-13 -2.200121522019602
23162.84179686791   1.633830471093357e-12 2.163817203425237
23168.94531249291   5.081337094228381e-13 -0.3693299838059007
23175.0488281179   1.609956677043673e-12 1.942116227829708
23181.1523437429   6.235920275329611e-13 2.798599304099142
23187.2558593679   9.427447326631013e-13 2.075174896106139
23193.3593749929   3.505503385657362e-13 1.215833272851462
23199.4628906179   6.255544033063455e-13 2.9454990794362
23205.5664062429   1.77613181700907e-12 1.551983714261894
23211.66992186789   1.051628108149837e-12 -2.74815925170228
23217.77343749289   9.926156502110926e-13 1.179120066564209
23223.87695311789   9.500253271622736e-13 2.513398462814967
23229.98046874289   9.013477583117621e-13 1.6770643302604
23236.08398436788   8.634011295511821e-13 2.769650379747691
23242.18749999288   5.973903218249255e-13 1.073966778606346
23248.29101561788   8.453733185699677e-13 2.397667995813466
23254.39453124288   1.008604028845261e-12 2.194959673677659
23260.49804686788   4.711242630325925e-13 1.224661627416615
23266.60156249288   7.260690162402407e-13 3.074192295702971
23272.70507811787   9.713422290058996e-13 1.487955379827248
23278.80859374287   1.236901098492272e-12 2.353746477655236
23284.91210936787   3.919837070977701e-13 -1.521351919712683
23291.01562499287   1.660924376630171e-12 1.648209524935898
23297.11914061787   7.657269154404316e-13 -2.401993349418449
23303.22265624287   1.14617382002882e-12 2.106071241598229
23309.32617186786   2.674331457930064e-13 2.013686531847549
23315.42968749286   1.097156649887586e-12 1.962618971007957
23321.53320311786   2.313639945938806e-13 -3.075339847550161
23327.63671874286   1.015208439625169e-12 1.741374347268446
23333.74023436786   5.217096844291787e-13 2.269903823724672
23339.84374999286   6.752605156590213e-13 2.788637313456519
23345.94726561785   6.327760275610662e-13 1.912871704258692
23352.05078124285   4.757787202805439e-13 2.368404803245573
23358.15429686785   8.434214572211298e-13 2.193765135757555
23364.25781249284   4.692708961613633e-13 1.509150046211847
23370.36132811784   4.725711838916169e-13 2.293682421193755
23376.46484374284   1.400962854953896e-12 2.316161443829423
23382.56835936784   4.695226123206659e-13 -0.9225404062910663
23388.67187499284   1.089205873074382e-12 2.373865461888518
23394.77539061784   3.614890913106329e-13 1.507237667827037
23400.87890624283   8.652452118207772e-13 2.049420297690493
23406.98242186783   9.593789862485352e-13 2.822540944335748
23413.08593749283   4.076446528799343e-13 -0.2502938740826197
23419.18945311783   1.253497429288262e-12 2.10088495199969
23425.29296874283   6.117993944882627e-13 1.703304965034129
23431.39648436783   8.006713592046058e-13 3.121710046283399
23437.49999999282   4.330487131062957e-13 1.399752530617551
23443.60351561782   9.028276092213085e-13 1.931361549767654
23449.70703124282   8.697540873909488e-13 -2.569414124496437
23455.81054686782   1.031677729614989e-12 1.215972541713668
23461.91406249281   1.373645281389561e-12 2.350258419143841
23468.01757811781   5.236625179685016e-13 -1.967644653335365
23474.12109374281   1.034821895200964e-12 2.131126781665324
23480.22460936781   3.074982392351147e-13 1.941422117617858
23486.32812499281   4.602975132517211e-13 2.219024277524037
23492.43164061781   6.831435177004218e-13 2.083799845391391
23498.5351562428   6.626724630318293e-13 -2.18104981239724
23504.6386718678   1.833485861755827e-12 1.852316906216558
23510.7421874928   3.644219791720328e-13 -1.431333268748704
23516.8457031178   8.40210356257171e-13 2.605640822914888
23522.9492187428   6.180087832091077e-13 2.195441189688009
23529.0527343678   6.416289765812775e-13 1.027741994680637
23535.15624999279   1.019153038939399e-12 -2.653013326481564
23541.25976561779   1.352509078665091e-12 1.976246461079351
23547.36328124279   1.60559517988689e-13 0.8324645461914266
23553.46679686779   5.866629200886479e-13 2.28268399167846
23559.57031249279   8.044746428195491e-13 -2.992755304888925
23565.67382811779   9.825094126502463e-13 1.609322211759952
23571.77734374278   3.731393991125872e-13 3.050626046573244
23577.88085936778   5.506250969474832e-13 2.252613251583113
23583.98437499278   6.391045618565282e-13 1.871704395086152
23590.08789061777   6.213687530692676e-13 -1.788452723343632
23596.19140624277   1.486202233385975e-12 2.511675396449221
23602.29492186777   1.112009066852795e-12 0.9243062543216057
23608.39843749277   6.751890665781831e-13 2.98047500991938
23614.50195311777   6.085159300944214e-13 -2.651231323180928
23620.60546874277   9.142147986098749e-13 2.193819563021882
23626.70898436776   2.265202821433376e-13 2.13322711215919
23632.81249999276   7.135532492555329e-13 1.963634346694539
23638.91601561776   3.584051218462862e-13 2.421282432844849
23645.01953124276   3.021023474969391e-13 -2.19941379869325
23651.12304686776   1.197030754827065e-12 2.457373441459559
23657.22656249276   2.342616218852679e-13 0.5265019308652639
23663.33007811775   1.03387420990873e-12 2.419918946551397
23669.43359374275   3.12119753203046e-13 0.6267818633767621
23675.53710936775   8.838143791294138e-13 -3.093331529295446
23681.64062499275   1.180343882002748e-12 2.040680602986826
23687.74414061775   1.211451146764887e-12 -0.70912151486671
23693.84765624275   2.127060359319926e-12 2.68183694024018
23699.95117186774   7.124693514089125e-13 0.8507695072478932
23706.05468749274   7.392124150686263e-13 -2.742698750342563
23712.15820311774   5.486489134281237e-13 1.531723729624878
23718.26171874274   7.369696679536024e-13 2.997217089408246
23724.36523436773   3.963543115474363e-13 0.8593375160534142
23730.46874999273   6.22109700585164e-13 2.64826537404956
23736.57226561773   7.503943562991301e-13 2.012680681338493
23742.67578124273   1.031628367048229e-12 -3.022900816548272
23748.77929686773   6.132213570751031e-13 0.745096268779019
23754.88281249273   4.28497173123167e-13 2.116230622818952
23760.98632811772   1.036056987473962e-12 -2.998380246919798
23767.08984374272   6.610661702545299e-13 1.801562272018263
23773.19335936772   3.643982160399371e-13 -2.618329487186538
23779.29687499272   8.231153661244645e-13 1.344666924353322
23785.40039061772   1.146023801617159e-12 -2.823584063156801
23791.50390624272   6.611123265465075e-13 1.806562820914475
23797.60742186771   6.008513126482343e-13 1.714133784494263
23803.71093749271   3.08000321819317e-13 -2.634716608589712
23809.81445311771   5.833848409591951e-13 -2.986894038283029
23815.91796874271   1.081443250109998e-12 1.916748882430089
23822.02148436771   5.122620385994025e-13 -2.101487566126704
23828.1249999927   4.942496181822576e-13 1.958056314629088
23834.2285156177   4.374142789064193e-13 2.335285459206627
23840.3320312427   7.916706624287502e-13 2.592754135788121
23846.4355468677   4.412073239627974e-13 -2.791367745955057
23852.53906249269   5.990365843370951e-13 2.065694834690815
23858.64257811769   2.366129506704844e-13 -1.191147837304993
23864.74609374269   8.685516579501427e-13 2.792474648314458
23870.84960936769   7.884251411134172e-13 1.859509659240171
23876.95312499269   1.552770410063793e-13 -0.224429385539519
23883.05664061769   9.530207037361938e-13 2.860067319972017
23889.16015624268   1.023492026001532e-13 2.682592435675886
23895.26367186768   4.587174669191586e-13 2.747257292350503
23901.36718749268   4.452620314978855e-13 2.030500667930505
23907.47070311768   4.625355696138447e-13 2.397922396173959
23913.57421874268   4.528528355409586e-13 -2.957669644597289
23919.67773436768   8.616076895662871e-13 2.177519419969703
23925.78124999267   1.02852595521796e-12 -2.215993976406958
23931.88476561767   1.393900677644674e-12 0.9720986614283158
23937.98828124267   1.051541713871291e-12 3.116759013588653
23944.09179686767   3.557550244295624e-13 2.424810712700851
23950.19531249267   4.642784825243701e-13 -2.684141345553432
23956.29882811767   4.565894175274681e-13 2.879276416435629
23962.40234374266   6.18649756046515e-13 1.928682253413417
23968.50585936766   7.135259122802548e-13 2.478340966554332
23974.60937499266   4.982917991741799e-13 -1.005197128608322
23980.71289061766   1.423089592675677e-12 2.371868670263826
23986.81640624265   9.861138663010893e-13 -1.39800061055985
23992.91992186765   1.100082429373083e-12 2.183151900580752
23999.02343749265   4.08434049808693e-13 1.571057663239606
24005.12695311765   4.913940851398344e-13 -2.74318713296303
24011.23046874265   5.333976520972553e-13 2.120420595084991
24017.33398436765   1.044543861354502e-12 -2.439174787725451
24023.43749999264   1.073213968195759e-12 1.35856528885968
24029.54101561764   7.7222090417713e-13 2.926628021088819
24035.64453124264   3.464195362093561e-13 -2.33264507351043
24041.74804686764   1.610280606160837e-13 1.956665051500776
24047.85156249264   3.156540088857233e-13 2.909666553867126
24053.95507811763   9.013725906173466e-13 2.411874462699979
24060.05859374263   3.873168052675103e-13 2.019597576036329
24066.16210936763   9.216219738003823e-13 -2.771902007151106
24072.26562499263   5.986613423604214e-14 -1.975779613017082
24078.36914061763   1.123519483961061e-12 1.41054705256275
24084.47265624263   9.255536376635054e-13 -2.217931113653187
24090.57617186762   9.078800865441324e-13 2.723104416724506
24096.67968749262   1.816972529668115e-13 0.4990718923986929
24102.78320311762   5.642121935359668e-13 2.259760197817813
24108.88671874262   6.416003007606654e-13 2.582429415511745
24114.99023436761   2.97548190484261e-13 -1.554978933259775
24121.09374999261   8.745762184102658e-13 2.909152726833225
24127.19726561761   4.788639171593574e-13 1.160348993966742
24133.30078124261   8.958558786278344e-13 -2.950776457115732
24139.40429686761   1.846877929671086e-13 2.131952782328852
24145.50781249261   5.37856270639444e-13 2.051646219413576
24151.6113281176   3.655919090747362e-13 -2.22539367102252
24157.7148437426   6.235581068601376e-13 2.548591681043701
24163.8183593676   4.889268830169726e-13 2.328595398598355
24169.9218749926   5.713598211092595e-13 -2.545780194722607
24176.0253906176   5.458528432108815e-13 1.872828162979533
24182.1289062426   3.847790653065888e-13 -0.8478211187673153
24188.23242186759   1.800574362894326e-12 2.818557415970441
24194.33593749259   1.097684587886738e-12 -0.3855218421369335
24200.43945311759   1.163603197254844e-12 2.566841641037293
24206.54296874259   4.559662110978972e-13 2.737752191652821
24212.64648436759   3.717922783862748e-13 -1.603672799699499
24218.74999999259   8.307728169213994e-13 2.49804159083108
24224.85351561758   2.693045792696353e-13 2.608211237332298
24230.95703124258   4.195741337574389e-13 -2.358460694625567
24237.06054686758   9.422335401154063e-13 1.737665282698148
24243.16406249258   8.923161515643815e-13 -2.240212604311502
24249.26757811757   4.262757357254298e-13 2.091207947111845
24255.37109374257   5.394971636977079e-13 1.686526883033813
24261.47460936757   1.079516005932067e-12 -2.918466258694614
24267.57812499257   3.553497297236516e-13 -0.6638483514449908
24273.68164061757   7.42941326752324e-13 2.346856426873101
24279.78515624256   6.189019723781298e-13 2.548034550567132
24285.88867186756   4.140153272970582e-13 -1.264299610581467
24291.99218749256   1.024259834116626e-12 3.137574172563081
24298.09570311756   5.845157090032617e-13 0.8518012520985943
24304.19921874256   6.735772928757441e-13 3.068302881978911
24310.30273436756   4.839308198176894e-13 -2.848927563095552
24316.40624999255   7.035364819344366e-13 1.692463689181176
24322.50976561755   4.193582197675771e-13 -2.580801311765951
24328.61328124255   3.335126033615172e-13 2.518944659688386
24334.71679686755   5.327521864691763e-13 3.136045540850482
24340.82031249255   4.953032477828722e-13 3.032148661453353
24346.92382811755   1.513221183599532e-13 0.8628102289590501
24353.02734374254   4.661319533987408e-13 2.949522748595618
24359.13085936754   7.739146667650253e-13 -2.878805381614968
24365.23437499254   6.68507918709828e-13 1.522711687796436
24371.33789061754   1.510831775045058e-13 -2.943104375452898
24377.44140624253   3.660630771084323e-13 -2.565993436680081
24383.54492186753   7.289294561348573e-13 2.957628869173708
24389.64843749253   3.053542031602886e-13 1.200731312293525
24395.75195311753   8.833284376457214e-13 2.809515526340002
24401.85546874253   6.983780830786351e-13 -1.960164470968007
24407.95898436753   7.938603287439689e-13 1.628919814100221
24414.06249999252   5.965313131779396e-13 -3.114651833579374
24420.16601561752   2.704193775667316e-13 -2.63496787936143
24426.26953124252   1.246214938974137e-13 -0.5270422970830525
24432.37304686752   1.101750298010277e-12 2.811553196840116
24438.47656249252   1.79599769688319e-13 0.7009002800831668
24444.58007811752   3.048539064362432e-13 2.788025518892506
24450.68359374251   9.807960006859695e-13 -2.954954833036037
24456.78710936751   8.46239349559363e-14 3.112845645158249
24462.89062499251   3.711477649686525e-13 0.9893792624505013
24468.99414061751   9.451068440766685e-13 2.953019576352307
24475.09765624251   3.443342358879662e-13 -1.930233634802087
24481.2011718675   8.552015416036424e-13 1.509041052508032
24487.3046874925   1.358232016745515e-12 -2.333166620013706
24493.4082031175   5.493591569505352e-13 1.204896997295485
24499.5117187425   5.12082309466736e-13 3.105308522670672
24505.61523436749   9.265515389490116e-13 2.373232608102989
24511.71874999249   4.333537092913519e-13 -1.341583158229062
24517.82226561749   6.120962084719113e-13 2.420129475245925
24523.92578124249   6.078946398775567e-13 -2.432841630473122
24530.02929686749   3.575052188486074e-13 -3.095250697384117
24536.13281249249   3.263437630488013e-13 0.9924440936802676
24542.23632811748   1.090790556518972e-12 2.863880171936867
24548.33984374248   1.039477944634405e-13 1.295439214932751
24554.44335936748   6.504885293649152e-13 -2.275632105543292
24560.54687499248   6.72451928090998e-13 2.256998708634328
24566.65039061748   3.124792787373221e-13 -1.477203865316111
24572.75390624248   9.095159951864495e-13 2.440925324400583
24578.85742186747   7.436210308408538e-14 -0.7952412418032424
24584.96093749247   7.538996211415184e-13 -2.534877254830357
24591.06445311747   1.330530497230481e-13 2.282024461122417
24597.16796874247   1.228586518834243e-12 2.039765396454244
24603.27148436747   1.191369568873458e-12 -1.292539657901012
24609.37499999247   1.83991560839732e-12 2.877014190216306
24615.47851561746   9.150583090190157e-13 0.01002265776762314
24621.58203124246   1.119374243800954e-12 -3.008596616383787
24627.68554686746   9.85790914574392e-13 0.550267296265238
24633.78906249246   1.409646388736872e-12 -3.131297193982499
24639.89257811745   4.259384925216096e-13 -1.793534345074979
24645.99609374245   3.946182256870727e-13 2.039105231436312
24652.09960936745   5.833569382342592e-13 2.679212973514897
24658.20312499245   3.814301529019947e-14 2.8311755579128
24664.30664061745   6.310502688579213e-13 -2.257826811478871
24670.41015624245   6.930890132415447e-13 2.446630702396865
24676.51367186744   5.592202398034341e-13 -2.85403671229703
24682.61718749244   4.754538548916772e-13 0.3321411221327324
24688.72070311744   1.213626796517255e-12 2.958604486396847
24694.82421874244   5.581998906666186e-13 -0.7646786228217708
24700.92773436744   1.041915995288001e-12 2.754350892214334
24707.03124999243   3.18570232146427e-13 1.158728697215724
24713.13476561743   7.118931939311334e-13 -1.863970013872137
24719.23828124243   7.508172696328893e-13 2.255801902302228
24725.34179686743   1.010958071512889e-12 2.962615828697218
24731.44531249243   7.872235891338472e-13 -0.6695996891456868
24737.54882811743   1.339861405289058e-12 2.58193438692498
24743.65234374242   1.07230046525556e-12 -1.091036337123465
24749.75585936742   1.404810300364697e-12 2.580069546159937
24755.85937499242   7.124622235152094e-13 -0.6192697794075624
24761.96289061742   1.082303745669421e-12 2.661359417092629
24768.06640624241   2.73159709692661e-13 -1.945539757061341
24774.16992186741   4.616978298128488e-13 2.931714728341611
24780.27343749241   2.174757625801812e-13 2.986195243939552
24786.37695311741   3.857904211327205e-13 -3.062526858681922
24792.48046874241   4.863368257807806e-13 2.195004695372498
24798.58398436741   6.610389746976578e-13 -2.600602982622363
24804.6874999924   1.457243581453031e-13 2.235838438698847
24810.7910156174   3.818546155175356e-13 -2.957235065740767
24816.8945312424   2.26309607837101e-13 1.22211154580302
24822.9980468674   1.006092855874803e-12 -2.756811829613789
24829.1015624924   5.28508573177916e-13 2.111536982266398
24835.2050781174   3.304514879660157e-13 -1.09299571896619
24841.30859374239   6.240903763987969e-13 2.782557844193068
24847.41210936739   6.188518268873066e-13 3.065744156281353
24853.51562499239   1.530871701439439e-13 2.813987158097704
24859.61914061739   3.177836065333186e-13 -3.040380790971375
24865.72265624239   3.4029790675318e-13 -1.620259932001697
24871.82617186739   1.027170084707952e-12 2.558170435477482
24877.92968749238   1.002782987821822e-13 -2.318852031697105
24884.03320311738   5.767055384915002e-13 -2.4682141334267
24890.13671874238   3.474573486482404e-13 0.8639041839389471
24896.24023436738   1.233746655628273e-12 2.866875190297053
24902.34374999237   6.884132257151839e-13 -1.340340763517503
24908.44726561737   2.286306047696859e-13 2.433577399437112
24914.55078124237   8.167224646235659e-13 2.404748999938093
24920.65429686737   4.57114234925379e-13 -2.051737476613263
24926.75781249237   4.858974106488172e-13 2.903885131861292
24932.86132811736   2.584510677746717e-14 -3.123177721620227
24938.96484374236   7.699470841204589e-13 -3.130083852739926
24945.06835936736   2.094495484135237e-13 1.43332913388194
24951.17187499236   8.576843672186609e-13 -2.414011775761902
24957.27539061736   5.916775623385204e-13 1.414608778577313
24963.37890624236   8.718076604083605e-13 -2.910269660407535
24969.48242186735   1.608297095804441e-13 1.972036189000347
24975.58593749235   5.054266872506945e-13 -1.773523736738747
24981.68945311735   6.214139181715099e-13 2.271120252826933
24987.79296874235   6.464949916155207e-13 2.918589383403062
24993.89648436735   6.476810825296574e-13 -1.002699812162876
24999.99999999235   6.462079154816712e-13 -3.141592409633049
