0.0890000000	 -0.0259315529
0.0890200000	 -0.0213438943
0.0890400000	 -0.0213514866
0.0890600000	 -0.0366689848
0.0890800000	 -0.0407426747
0.0891000000	 -0.0207499409
0.0891200000	 -0.0288225908
0.0891400000	 -0.0341573036
0.0891600000	 -0.0188258735
0.0891800000	 -0.0141631978
0.0892000000	 -0.0165603484
0.0892200000	 -0.0436888230
0.0892400000	 -0.0476640907
0.0892600000	 -0.0246418658
0.0892800000	 -0.0431926816
0.0893000000	 -0.0392801154
0.0893200000	 -0.0053027502
0.0893400000	 -0.0181411058
0.0893600000	 -0.0437889571
0.0893800000	 -0.0398961340
0.0894000000	 -0.0226201371
0.0894200000	 -0.0201362292
0.0894400000	 -0.0336151206
0.0894600000	 -0.0460609118
0.0894800000	 -0.0584414313
0.0895000000	 -0.0616281156
0.0895200000	 -0.0546625207
0.0895400000	 -0.0587903602
0.0895600000	 -0.0662150246
0.0895800000	 -0.0553409189
0.0896000000	 -0.0447357856
0.0896200000	 -0.0469908804
0.0896400000	 -0.0546268278
0.0896600000	 -0.0721817385
0.0896800000	 -0.0666543850
0.0897000000	 -0.0572747483
0.0897200000	 -0.0858775518
0.0897400000	 -0.0894476322
0.0897600000	 -0.0779617303
0.0897800000	 -0.0786260918
0.0898000000	 -0.0622880894
0.0898200000	 -0.0726814270
0.0898400000	 -0.0937872042
0.0898600000	 -0.1017241097
0.0898800000	 -0.1071436571
0.0899000000	 -0.0870999818
0.0899200000	 -0.0875055297
0.0899400000	 -0.0989969516
0.0899600000	 -0.0957291835
0.0899800000	 -0.0983153873
0.0900000000	 -0.0823706106
0.0900200000	 -0.0895387248
0.0900400000	 -0.0975095834
0.0900600000	 -0.0769729041
0.0900800000	 -0.0919077435
0.0901000000	 -0.0921687983
0.0901200000	 -0.0940742023
0.0901400000	 -0.1143593997
0.0901600000	 -0.0935352308
0.0901800000	 -0.1073839262
0.0902000000	 -0.1210793284
0.0902200000	 -0.0995712870
0.0902400000	 -0.1204022682
0.0902600000	 -0.1207618294
0.0902800000	 -0.1081246272
0.0903000000	 -0.1160854796
0.0903200000	 -0.1011955982
0.0903400000	 -0.1132501391
0.0903600000	 -0.1291991079
0.0903800000	 -0.1080547046
0.0904000000	 -0.1126037840
0.0904200000	 -0.1277197073
0.0904400000	 -0.1170576834
0.0904600000	 -0.1238322138
0.0904800000	 -0.1457659535
0.0905000000	 -0.1326506074
0.0905200000	 -0.1218210219
0.0905400000	 -0.1380941717
0.0905600000	 -0.1341894717
0.0905800000	 -0.1326727126
0.0906000000	 -0.1337249141
0.0906200000	 -0.1021234928
0.0906400000	 -0.0875167685
0.0906600000	 -0.1117583782
0.0906800000	 -0.1331975102
0.0907000000	 -0.1342012857
0.0907200000	 -0.1333336428
0.0907400000	 -0.1345980423
0.0907600000	 -0.1353383651
0.0907800000	 -0.1521632933
0.0908000000	 -0.1580344820
0.0908200000	 -0.1568501408
0.0908400000	 -0.1680135618
0.0908600000	 -0.1457536588
0.0908800000	 -0.1288114184
0.0909000000	 -0.1457447451
0.0909200000	 -0.1425539253
0.0909400000	 -0.1443949189
0.0909600000	 -0.1577419907
0.0909800000	 -0.1519050088
0.0910000000	 -0.1511871819
0.0910200000	 -0.1709111213
0.0910400000	 -0.1872185812
0.0910600000	 -0.1713322449
0.0910800000	 -0.1568435655
0.0911000000	 -0.1668164713
0.0911200000	 -0.1658619437
0.0911400000	 -0.1656422526
0.0911600000	 -0.1731102290
0.0911800000	 -0.1801597659
0.0912000000	 -0.1856934993
0.0912200000	 -0.1724396618
0.0912400000	 -0.1757278318
0.0912600000	 -0.1878682210
0.0912800000	 -0.1817820776
0.0913000000	 -0.2012153271
0.0913200000	 -0.2016183579
0.0913400000	 -0.1749480033
0.0913600000	 -0.1898944463
0.0913800000	 -0.1936968030
0.0914000000	 -0.1851222151
0.0914200000	 -0.2036058020
0.0914400000	 -0.2071712646
0.0914600000	 -0.2131260637
0.0914800000	 -0.2189052524
0.0915000000	 -0.2057462014
0.0915200000	 -0.2044831874
0.0915400000	 -0.1932589217
0.0915600000	 -0.1856059356
0.0915800000	 -0.2024955049
0.0916000000	 -0.2107936005
0.0916200000	 -0.2152655664
0.0916400000	 -0.2070258651
0.0916600000	 -0.1984577821
0.0916800000	 -0.2060975650
0.0917000000	 -0.1976830773
0.0917200000	 -0.1991092329
0.0917400000	 -0.2065692904
0.0917600000	 -0.2021596874
0.0917800000	 -0.2200999289
0.0918000000	 -0.2150039038
0.0918200000	 -0.1872302083
0.0918400000	 -0.2091904338
0.0918600000	 -0.2381839955
0.0918800000	 -0.2264049798
0.0919000000	 -0.2177356475
0.0919200000	 -0.2228019467
0.0919400000	 -0.2173188941
0.0919600000	 -0.2209886062
0.0919800000	 -0.2191406135
0.0920000000	 -0.2040349787
0.0920200000	 -0.2164122681
0.0920400000	 -0.2095798488
0.0920600000	 -0.2037892144
0.0920800000	 -0.2440815439
0.0921000000	 -0.2359772644
0.0921200000	 -0.2255696976
0.0921400000	 -0.2571312431
0.0921600000	 -0.2388604061
0.0921800000	 -0.2130538291
0.0922000000	 -0.2145240209
0.0922200000	 -0.2246714629
0.0922400000	 -0.2346776882
0.0922600000	 -0.2232857041
0.0922800000	 -0.2359503897
0.0923000000	 -0.2493190905
0.0923200000	 -0.2371155502
0.0923400000	 -0.2235582447
0.0923600000	 -0.1947424234
0.0923800000	 -0.2158125060
0.0924000000	 -0.2480696380
0.0924200000	 -0.2198096090
0.0924400000	 -0.2104009601
0.0924600000	 -0.2029386835
0.0924800000	 -0.2127849507
0.0925000000	 -0.2534356681
0.0925200000	 -0.2247954815
0.0925400000	 -0.1988586201
0.0925600000	 -0.2262477930
0.0925800000	 -0.2402849390
0.0926000000	 -0.2420343054
0.0926200000	 -0.2291389660
0.0926400000	 -0.2188216855
0.0926600000	 -0.2086789075
0.0926800000	 -0.2017161311
0.0927000000	 -0.2316266279
0.0927200000	 -0.2433930034
0.0927400000	 -0.2314867753
0.0927600000	 -0.2251432370
0.0927800000	 -0.2187434976
0.0928000000	 -0.2338741813
0.0928200000	 -0.2356340566
0.0928400000	 -0.2302020547
0.0928600000	 -0.2415534934
0.0928800000	 -0.2331846175
0.0929000000	 -0.2403590918
0.0929200000	 -0.2529973296
0.0929400000	 -0.2424504570
0.0929600000	 -0.2417089521
0.0929800000	 -0.2381810094
0.0930000000	 -0.2517471254
0.0930200000	 -0.2526315759
0.0930400000	 -0.2120044769
0.0930600000	 -0.2246665856
0.0930800000	 -0.2489933749
0.0931000000	 -0.2343078721
0.0931200000	 -0.2422235479
0.0931400000	 -0.2372307512
0.0931600000	 -0.2236735643
0.0931800000	 -0.2290752134
0.0932000000	 -0.2153826638
0.0932200000	 -0.2122080619
0.0932400000	 -0.2262981162
0.0932600000	 -0.2361112127
0.0932800000	 -0.2512402515
0.0933000000	 -0.2509610540
0.0933200000	 -0.2441341844
0.0933400000	 -0.2502447408
0.0933600000	 -0.2484581786
0.0933800000	 -0.2437122072
0.0934000000	 -0.2524554697
0.0934200000	 -0.2526434508
0.0934400000	 -0.2399570888
0.0934600000	 -0.2458366725
0.0934800000	 -0.2558240951
0.0935000000	 -0.2624444421
0.0935200000	 -0.2808548358
0.0935400000	 -0.2741223067
0.0935600000	 -0.2578039549
0.0935800000	 -0.2657080363
0.0936000000	 -0.2666028351
0.0936200000	 -0.2637078457
0.0936400000	 -0.2628838045
0.0936600000	 -0.2584143227
0.0936800000	 -0.2563771889
0.0937000000	 -0.2467730387
0.0937200000	 -0.2449145943
0.0937400000	 -0.2553317680
0.0937600000	 -0.2586632978
0.0937800000	 -0.2537285213
0.0938000000	 -0.2531039807
0.0938200000	 -0.2583736942
0.0938400000	 -0.2489976401
0.0938600000	 -0.2569417395
0.0938800000	 -0.2866564861
0.0939000000	 -0.2878409093
0.0939200000	 -0.2884872539
0.0939400000	 -0.2818845861
0.0939600000	 -0.2611390893
0.0939800000	 -0.2689433520
0.0940000000	 -0.2648457318
0.0940200000	 -0.2620472515
0.0940400000	 -0.2779324441
0.0940600000	 -0.2646246419
0.0940800000	 -0.2620847994
0.0941000000	 -0.2687606816
0.0941200000	 -0.2576154749
0.0941400000	 -0.2622272751
0.0941600000	 -0.2640699398
0.0941800000	 -0.2588340228
0.0942000000	 -0.2612593638
0.0942200000	 -0.2620210190
0.0942400000	 -0.2682081173
0.0942600000	 -0.2675469905
0.0942800000	 -0.2574542412
0.0943000000	 -0.2644185762
0.0943200000	 -0.2782184021
0.0943400000	 -0.2631186537
0.0943600000	 -0.2415278386
0.0943800000	 -0.2541144953
0.0944000000	 -0.2682482799
0.0944200000	 -0.2632984107
0.0944400000	 -0.2592458793
0.0944600000	 -0.2584077457
0.0944800000	 -0.2598954504
0.0945000000	 -0.2583134252
0.0945200000	 -0.2606762464
0.0945400000	 -0.2636762354
0.0945600000	 -0.2622221510
0.0945800000	 -0.2728341466
0.0946000000	 -0.2679817049
0.0946200000	 -0.2507152689
0.0946400000	 -0.2522018731
0.0946600000	 -0.2457741232
0.0946800000	 -0.2352340629
0.0947000000	 -0.2337847465
0.0947200000	 -0.2318600122
0.0947400000	 -0.2353245080
0.0947600000	 -0.2432280901
0.0947800000	 -0.2602046715
0.0948000000	 -0.2606835549
0.0948200000	 -0.2394101576
0.0948400000	 -0.2518336193
0.0948600000	 -0.2703218008
0.0948800000	 -0.2598345894
0.0949000000	 -0.2644704724
0.0949200000	 -0.2620559922
0.0949400000	 -0.2314610698
0.0949600000	 -0.2261929146
0.0949800000	 -0.2310089823
0.0950000000	 -0.2244664002
0.0950200000	 -0.2421090338
0.0950400000	 -0.2510003690
0.0950600000	 -0.2315070986
0.0950800000	 -0.2245174766
0.0951000000	 -0.2245106362
0.0951200000	 -0.2266973765
0.0951400000	 -0.2304392766
0.0951600000	 -0.2220966060
0.0951800000	 -0.2234271750
0.0952000000	 -0.2399529503
0.0952200000	 -0.2309486421
0.0952400000	 -0.1940008612
0.0952600000	 -0.2022275230
0.0952800000	 -0.2430798741
0.0953000000	 -0.2361972478
0.0953200000	 -0.2230395146
0.0953400000	 -0.2254772731
0.0953600000	 -0.2108811404
0.0953800000	 -0.2034813955
0.0954000000	 -0.2099752229
0.0954200000	 -0.2236207989
0.0954400000	 -0.2163181091
0.0954600000	 -0.2043560036
0.0954800000	 -0.2273221149
0.0955000000	 -0.2207356043
0.0955200000	 -0.2028235391
0.0955400000	 -0.2059153595
0.0955600000	 -0.1912302143
0.0955800000	 -0.2127772851
0.0956000000	 -0.2367393472
0.0956200000	 -0.2094286605
0.0956400000	 -0.2054481451
0.0956600000	 -0.2287098703
0.0956800000	 -0.2394686929
0.0957000000	 -0.2277942320
0.0957200000	 -0.2188304507
0.0957400000	 -0.2286419809
0.0957600000	 -0.2242960236
0.0957800000	 -0.2132555491
0.0958000000	 -0.2008020572
0.0958200000	 -0.1999025640
0.0958400000	 -0.2135970453
0.0958600000	 -0.2043470466
0.0958800000	 -0.2021436027
0.0959000000	 -0.2124111002
0.0959200000	 -0.2252395123
0.0959400000	 -0.2284222505
0.0959600000	 -0.1881982282
0.0959800000	 -0.1824224119
0.0960000000	 -0.2011439013
0.0960200000	 -0.1895014477
0.0960400000	 -0.2009800727
0.0960600000	 -0.1910268453
0.0960800000	 -0.1728496540
0.0961000000	 -0.1981795174
0.0961200000	 -0.1966414809
0.0961400000	 -0.1779329629
0.0961600000	 -0.1830202183
0.0961800000	 -0.2032368371
0.0962000000	 -0.2051209351
0.0962200000	 -0.1922349960
0.0962400000	 -0.2162813594
0.0962600000	 -0.2183227160
0.0962800000	 -0.1936516688
0.0963000000	 -0.1969844927
0.0963200000	 -0.1838382211
0.0963400000	 -0.1754455295
0.0963600000	 -0.1844323436
0.0963800000	 -0.1918362506
0.0964000000	 -0.2039528981
0.0964200000	 -0.1802212488
0.0964400000	 -0.1581276396
0.0964600000	 -0.1597206348
0.0964800000	 -0.1570634560
0.0965000000	 -0.1787527269
0.0965200000	 -0.1791298421
0.0965400000	 -0.1598198895
0.0965600000	 -0.1853484083
0.0965800000	 -0.1910920461
0.0966000000	 -0.1425444679
0.0966200000	 -0.1179638441
0.0966400000	 -0.1498353611
0.0966600000	 -0.1689520875
0.0966800000	 -0.1441017365
0.0967000000	 -0.1412307232
0.0967200000	 -0.1652053974
0.0967400000	 -0.1767552971
0.0967600000	 -0.1797639412
0.0967800000	 -0.1709390560
0.0968000000	 -0.1548627177
0.0968200000	 -0.1452171603
0.0968400000	 -0.1409355403
0.0968600000	 -0.1539901667
0.0968800000	 -0.1760110769
0.0969000000	 -0.1683034024
0.0969200000	 -0.1534469516
0.0969400000	 -0.1614832446
0.0969600000	 -0.1515319928
0.0969800000	 -0.1455782309
0.0970000000	 -0.1716482813
0.0970200000	 -0.1671492794
0.0970400000	 -0.1434221619
0.0970600000	 -0.1438931994
0.0970800000	 -0.1562682719
0.0971000000	 -0.1657729467
0.0971200000	 -0.1461183549
0.0971400000	 -0.1297660430
0.0971600000	 -0.1476365054
0.0971800000	 -0.1486285750
0.0972000000	 -0.1341856371
0.0972200000	 -0.1261232119
0.0972400000	 -0.1169595042
0.0972600000	 -0.1133226243
0.0972800000	 -0.1023105089
0.0973000000	 -0.1007955010
0.0973200000	 -0.1199901272
0.0973400000	 -0.1101474818
0.0973600000	 -0.0912933955
0.0973800000	 -0.1051621838
0.0974000000	 -0.1068961093
0.0974200000	 -0.0892160382
0.0974400000	 -0.0947275499
0.0974600000	 -0.1035526008
0.0974800000	 -0.0922246099
0.0975000000	 -0.0860014536
0.0975200000	 -0.0829581820
0.0975400000	 -0.0753527211
0.0975600000	 -0.0898547449
0.0975800000	 -0.1055902798
0.0976000000	 -0.0892132438
0.0976200000	 -0.0684847669
0.0976400000	 -0.0601668958
0.0976600000	 -0.0700527970
0.0976800000	 -0.0841956197
0.0977000000	 -0.0662454207
0.0977200000	 -0.0650262431
0.0977400000	 -0.0874500072
0.0977600000	 -0.0629313408
0.0977800000	 -0.0391206885
0.0978000000	 -0.0486384543
0.0978200000	 -0.0456664325
0.0978400000	 -0.0404036474
0.0978600000	 -0.0319744249
0.0978800000	 -0.0225619567
0.0979000000	 -0.0260362225
0.0979200000	 -0.0142763048
0.0979400000	 -0.0033054295
0.0979600000	 -0.0158560769
0.0979800000	 -0.0204418339
0.0980000000	 -0.0155169610
0.0980200000	 -0.0166840858
0.0980400000	 0.0001142977
0.0980600000	 0.0180225156
0.0980800000	 0.0022310898
0.0981000000	 0.0087384956
0.0981200000	 0.0313917579
0.0981400000	 0.0247776039
0.0981600000	 0.0417457614
0.0981800000	 0.0387509750
0.0982000000	 0.0026577900
0.0982200000	 0.0224859586
0.0982400000	 0.0297416530
0.0982600000	 0.0154557925
0.0982800000	 0.0418848526
0.0983000000	 0.0525222281
0.0983200000	 0.0515732964
0.0983400000	 0.0464690760
0.0983600000	 0.0378415267
0.0983800000	 0.0531183492
0.0984000000	 0.0451079073
0.0984200000	 0.0386680174
0.0984400000	 0.0545881466
0.0984600000	 0.0470254312
0.0984800000	 0.0474097760
0.0985000000	 0.0660845388
0.0985200000	 0.0856941801
0.0985400000	 0.0839640910
0.0985600000	 0.0622654991
0.0985800000	 0.0669965319
0.0986000000	 0.0642107896
0.0986200000	 0.0640381242
0.0986400000	 0.0902621487
0.0986600000	 0.0857844262
0.0986800000	 0.0813150117
0.0987000000	 0.0848468284
0.0987200000	 0.0883388269
0.0987400000	 0.1079997608
0.0987600000	 0.0900572088
0.0987800000	 0.0868791483
0.0988000000	 0.1222047884
0.0988200000	 0.1190752310
0.0988400000	 0.1019024001
0.0988600000	 0.0848056176
0.0988800000	 0.0874312432
0.0989000000	 0.1090442199
0.0989200000	 0.1024182939
0.0989400000	 0.1083865776
0.0989600000	 0.1103615392
0.0989800000	 0.1047798897
0.0990000000	 0.1315093271
0.0990200000	 0.1283812916
0.0990400000	 0.1181853644
0.0990600000	 0.1314194473
0.0990800000	 0.1283549116
0.0991000000	 0.1354515779
0.0991200000	 0.1521174915
0.0991400000	 0.1670682866
0.0991600000	 0.1715323139
0.0991800000	 0.1586816217
0.0992000000	 0.1703361362
0.0992200000	 0.1959379071
0.0992400000	 0.2004234182
0.0992600000	 0.1822242105
0.0992800000	 0.1769552876
0.0993000000	 0.1942323414
0.0993200000	 0.1836115041
0.0993400000	 0.1782979009
0.0993600000	 0.1918047211
0.0993800000	 0.1901063101
0.0994000000	 0.1959392139
0.0994200000	 0.1915320584
0.0994400000	 0.2023784386
0.0994600000	 0.2219970483
0.0994800000	 0.1958632259
0.0995000000	 0.2032881258
0.0995200000	 0.2247872589
0.0995400000	 0.2062717016
0.0995600000	 0.2099556706
0.0995800000	 0.2135796147
0.0996000000	 0.2117270081
0.0996200000	 0.2266470141
0.0996400000	 0.2357852373
0.0996600000	 0.2333183094
0.0996800000	 0.2113970756
0.0997000000	 0.2168674381
0.0997200000	 0.2423497063
0.0997400000	 0.2304559802
0.0997600000	 0.2328175619
0.0997800000	 0.2491655426
0.0998000000	 0.2428160785
0.0998200000	 0.2529803664
0.0998400000	 0.2709133715
0.0998600000	 0.2668709602
0.0998800000	 0.2703537073
0.0999000000	 0.2795942757
0.0999200000	 0.2597794319
0.0999400000	 0.2490748514
0.0999600000	 0.2583734017
0.0999800000	 0.2591475720
0.1000000000	 0.2763573533
0.1000200000	 0.2763721801
0.1000400000	 0.2710766034
0.1000600000	 0.3008227526
0.1000800000	 0.2968039250
0.1001000000	 0.2965161743
0.1001200000	 0.3125327491
0.1001400000	 0.2942543813
0.1001600000	 0.3174587558
0.1001800000	 0.3325044816
0.1002000000	 0.2979799004
0.1002200000	 0.3042217482
0.1002400000	 0.3119561832
0.1002600000	 0.3101821567
0.1002800000	 0.3168627441
0.1003000000	 0.3001812594
0.1003200000	 0.3138213936
0.1003400000	 0.3366166208
0.1003600000	 0.3118786409
0.1003800000	 0.2946542366
0.1004000000	 0.2920124555
0.1004200000	 0.2860301276
0.1004400000	 0.3026305003
0.1004600000	 0.3324908381
0.1004800000	 0.3551243421
0.1005000000	 0.3489970086
0.1005200000	 0.3189773237
0.1005400000	 0.3233524836
0.1005600000	 0.3393204838
0.1005800000	 0.3190761398
0.1006000000	 0.3094077276
0.1006200000	 0.3189711669
0.1006400000	 0.3314459425
0.1006600000	 0.3529620933
0.1006800000	 0.3589938553
0.1007000000	 0.3537628308
0.1007200000	 0.3474730300
0.1007400000	 0.3460370903
0.1007600000	 0.3583133720
0.1007800000	 0.3570955512
0.1008000000	 0.3472852284
0.1008200000	 0.3460057011
0.1008400000	 0.3511895084
0.1008600000	 0.3531144439
0.1008800000	 0.3411785901
0.1009000000	 0.3447786230
0.1009200000	 0.3587751354
0.1009400000	 0.3694765573
0.1009600000	 0.3675548956
0.1009800000	 0.3361473127
0.1010000000	 0.3471463611
0.1010200000	 0.3678358567
0.1010400000	 0.3417622308
0.1010600000	 0.3662599067
0.1010800000	 0.3948844403
0.1011000000	 0.3834080160
0.1011200000	 0.3943318753
0.1011400000	 0.3725166206
0.1011600000	 0.3446736513
0.1011800000	 0.3653721837
0.1012000000	 0.3714169150
0.1012200000	 0.3674520024
0.1012400000	 0.3799618146
0.1012600000	 0.3814342886
0.1012800000	 0.3602123615
0.1013000000	 0.3497713191
0.1013200000	 0.3657279613
0.1013400000	 0.3732748596
0.1013600000	 0.3738144484
0.1013800000	 0.3791498088
0.1014000000	 0.3805965550
0.1014200000	 0.3816523403
0.1014400000	 0.3810946323
0.1014600000	 0.3752416279
0.1014800000	 0.3649922291
0.1015000000	 0.3754179744
0.1015200000	 0.3946147645
0.1015400000	 0.3834900207
0.1015600000	 0.3739593728
0.1015800000	 0.3742727549
0.1016000000	 0.3701521843
0.1016200000	 0.3727976208
0.1016400000	 0.3750208679
0.1016600000	 0.3876591253
0.1016800000	 0.3859374595
0.1017000000	 0.3589088624
0.1017200000	 0.3630512698
0.1017400000	 0.3785493833
0.1017600000	 0.3710959582
0.1017800000	 0.3637190712
0.1018000000	 0.3638494461
0.1018200000	 0.3684875155
0.1018400000	 0.3738833473
0.1018600000	 0.3764983852
0.1018800000	 0.3763710135
0.1019000000	 0.3772002632
0.1019200000	 0.3615149402
0.1019400000	 0.3281683545
0.1019600000	 0.3375802322
0.1019800000	 0.3738118020
0.1020000000	 0.3609974118
0.1020200000	 0.3293920276
0.1020400000	 0.3442550973
0.1020600000	 0.3777670724
0.1020800000	 0.3781056564
0.1021000000	 0.3681248633
0.1021200000	 0.3555092148
0.1021400000	 0.3378948946
0.1021600000	 0.3503112872
0.1021800000	 0.3489006590
0.1022000000	 0.3241962810
0.1022200000	 0.3271027867
0.1022400000	 0.3280595920
0.1022600000	 0.3270237504
0.1022800000	 0.3322094467
0.1023000000	 0.3281425171
0.1023200000	 0.3322314212
0.1023400000	 0.3290806259
0.1023600000	 0.3245772696
0.1023800000	 0.3290112925
0.1024000000	 0.3218953216
0.1024200000	 0.3167649258
0.1024400000	 0.3141209800
0.1024600000	 0.3118782595
0.1024800000	 0.3093883312
0.1025000000	 0.2955016078
0.1025200000	 0.2936721966
0.1025400000	 0.3148584887
0.1025600000	 0.3252581750
0.1025800000	 0.3065278070
0.1026000000	 0.2976948255
0.1026200000	 0.2968269002
0.1026400000	 0.2799558471
0.1026600000	 0.2838374337
0.1026800000	 0.2823549202
0.1027000000	 0.2806577842
0.1027200000	 0.3079693905
0.1027400000	 0.2877830626
0.1027600000	 0.2643433301
0.1027800000	 0.2816965558
0.1028000000	 0.2691107131
0.1028200000	 0.2547720605
0.1028400000	 0.2555662576
0.1028600000	 0.2571619588
0.1028800000	 0.2608157750
0.1029000000	 0.2651601128
0.1029200000	 0.2834575031
0.1029400000	 0.2700646125
0.1029600000	 0.2543559434
0.1029800000	 0.2609558402
0.1030000000	 0.2346152664
0.1030200000	 0.2439341756
0.1030400000	 0.2745448653
0.1030600000	 0.2596290468
0.1030800000	 0.2459844894
0.1031000000	 0.2317917129
0.1031200000	 0.2377933631
0.1031400000	 0.2488085563
0.1031600000	 0.2327966544
0.1031800000	 0.2379334429
0.1032000000	 0.2311469520
0.1032200000	 0.2357581261
0.1032400000	 0.2721354507
0.1032600000	 0.2621243531
0.1032800000	 0.2478429728
0.1033000000	 0.2449672793
0.1033200000	 0.2326532349
0.1033400000	 0.2345174186
0.1033600000	 0.2214428132
0.1033800000	 0.2107023542
0.1034000000	 0.2124789705
0.1034200000	 0.2182089487
0.1034400000	 0.2353344356
0.1034600000	 0.2238016293
0.1034800000	 0.2155710535
0.1035000000	 0.2279261172
0.1035200000	 0.2212661079
0.1035400000	 0.2176587998
0.1035600000	 0.2106116770
0.1035800000	 0.2032451923
0.1036000000	 0.2058945487
0.1036200000	 0.1956448290
0.1036400000	 0.1961557645
0.1036600000	 0.2066204981
0.1036800000	 0.2125943959
0.1037000000	 0.2094837511
0.1037200000	 0.1883510230
0.1037400000	 0.1865586221
0.1037600000	 0.1972547899
0.1037800000	 0.1927125474
0.1038000000	 0.1866627558
0.1038200000	 0.1759486927
0.1038400000	 0.1714763243
0.1038600000	 0.1757794725
0.1038800000	 0.1745904005
0.1039000000	 0.1679389856
0.1039200000	 0.1528308444
0.1039400000	 0.1481285419
0.1039600000	 0.1615234538
0.1039800000	 0.1765040641
0.1040000000	 0.1788385112
0.1040200000	 0.1673744889
0.1040400000	 0.1616373003
0.1040600000	 0.1469169021
0.1040800000	 0.1339784563
0.1041000000	 0.1576126646
0.1041200000	 0.1684559007
0.1041400000	 0.1464723384
0.1041600000	 0.1329235888
0.1041800000	 0.1385797824
0.1042000000	 0.1489718621
0.1042200000	 0.1436189440
0.1042400000	 0.1399781721
0.1042600000	 0.1382381457
0.1042800000	 0.1215492525
0.1043000000	 0.1269408472
0.1043200000	 0.1317510353
0.1043400000	 0.1064277946
0.1043600000	 0.1074811953
0.1043800000	 0.1208347428
0.1044000000	 0.1030993759
0.1044200000	 0.0992561885
0.1044400000	 0.1186537047
0.1044600000	 0.1145184331
0.1044800000	 0.0976522722
0.1045000000	 0.0928065681
0.1045200000	 0.0951988923
0.1045400000	 0.1050447210
0.1045600000	 0.1042076079
0.1045800000	 0.0912285906
0.1046000000	 0.0847655145
0.1046200000	 0.0784738237
0.1046400000	 0.0784605268
0.1046600000	 0.0720323335
0.1046800000	 0.0563280124
0.1047000000	 0.0681417809
0.1047200000	 0.0788427863
0.1047400000	 0.0637464126
0.1047600000	 0.0605578858
0.1047800000	 0.0674886601
0.1048000000	 0.0489998984
0.1048200000	 0.0257330222
0.1048400000	 0.0501225243
0.1048600000	 0.0765294613
0.1048800000	 0.0577814166
0.1049000000	 0.0464160171
0.1049200000	 0.0555509380
0.1049400000	 0.0663333684
0.1049600000	 0.0607942328
0.1049800000	 0.0404489633
0.1050000000	 0.0433375277
0.1050200000	 0.0447841405
0.1050400000	 0.0450846199
0.1050600000	 0.0523293206
0.1050800000	 0.0323614666
0.1051000000	 0.0320188535
0.1051200000	 0.0361577558
0.1051400000	 0.0157624262
0.1051600000	 0.0219398684
0.1051800000	 0.0105067639
0.1052000000	 -0.0077970170
0.1052200000	 0.0131063925
0.1052400000	 0.0091843950
0.1052600000	 -0.0095811905
0.1052800000	 -0.0114236235
0.1053000000	 -0.0045026590
0.1053200000	 0.0117753386
0.1053400000	 -0.0019911793
0.1053600000	 -0.0126415394
0.1053800000	 0.0237579996
0.1054000000	 0.0235954130
0.1054200000	 -0.0149158203
0.1054400000	 -0.0060537996
0.1054600000	 0.0098155645
0.1054800000	 0.0025398253
0.1055000000	 0.0165802404
0.1055200000	 0.0171589710
0.1055400000	 -0.0020272686
0.1055600000	 -0.0079488321
0.1055800000	 -0.0198807786
0.1056000000	 -0.0158005570
0.1056200000	 -0.0005195196
0.1056400000	 -0.0024216177
0.1056600000	 0.0025909473
0.1056800000	 0.0022701471
0.1057000000	 0.0002435635
0.1057200000	 0.0032763873
0.1057400000	 -0.0147216894
0.1057600000	 -0.0251531327
0.1057800000	 -0.0203905644
0.1058000000	 -0.0249216006
0.1058200000	 -0.0271278725
0.1058400000	 -0.0221037258
0.1058600000	 -0.0231759430
0.1058800000	 -0.0294744174
0.1059000000	 -0.0368211067
0.1059200000	 -0.0547507031
0.1059400000	 -0.0442200793
0.1059600000	 -0.0012676355
0.1059800000	 -0.0089264922
0.1060000000	 -0.0444054158
0.1060200000	 -0.0502999269
0.1060400000	 -0.0463447092
0.1060600000	 -0.0449522485
0.1060800000	 -0.0527210259
0.1061000000	 -0.0554732952
0.1061200000	 -0.0629881908
0.1061400000	 -0.0688398366
0.1061600000	 -0.0444489324
0.1061800000	 -0.0648547573
0.1062000000	 -0.1030694029
0.1062200000	 -0.0752347415
0.1062400000	 -0.0633992331
0.1062600000	 -0.0838577579
0.1062800000	 -0.0819371831
0.1063000000	 -0.0790526735
0.1063200000	 -0.0887677475
0.1063400000	 -0.0909315440
0.1063600000	 -0.0757773195
0.1063800000	 -0.0749579582
0.1064000000	 -0.0835283633
0.1064200000	 -0.0778024548
0.1064400000	 -0.0833329835
0.1064600000	 -0.0905903814
0.1064800000	 -0.0875766917
0.1065000000	 -0.0767894966
0.1065200000	 -0.0642413370
0.1065400000	 -0.0798954003
0.1065600000	 -0.0937391710
0.1065800000	 -0.0850040130
0.1066000000	 -0.0921448982
0.1066200000	 -0.1113420384
0.1066400000	 -0.1137703938
0.1066600000	 -0.1060434815
0.1066800000	 -0.1096709355
0.1067000000	 -0.1163603311
0.1067200000	 -0.1237555516
0.1067400000	 -0.1206017782
0.1067600000	 -0.1028161950
0.1067800000	 -0.1154442050
0.1068000000	 -0.1217090431
0.1068200000	 -0.1131028160
0.1068400000	 -0.1318963879
0.1068600000	 -0.1146666658
0.1068800000	 -0.1005498008
0.1069000000	 -0.1271632144
0.1069200000	 -0.1223658466
0.1069400000	 -0.1239580068
0.1069600000	 -0.1334423723
0.1069800000	 -0.1310809317
0.1070000000	 -0.1330493779
0.1070200000	 -0.1100909933
0.1070400000	 -0.1151820562
0.1070600000	 -0.1375845429
0.1070800000	 -0.1201596166
0.1071000000	 -0.1195985823
0.1071200000	 -0.1296784139
0.1071400000	 -0.1261043493
0.1071600000	 -0.1202771751
0.1071800000	 -0.1166110983
0.1072000000	 -0.1367658778
0.1072200000	 -0.1462513606
0.1072400000	 -0.1370746177
0.1072600000	 -0.1434671483
0.1072800000	 -0.1419132552
0.1073000000	 -0.1271562304
0.1073200000	 -0.1355329358
0.1073400000	 -0.1582475523
0.1073600000	 -0.1480127118
0.1073800000	 -0.1415938889
0.1074000000	 -0.1660124678
0.1074200000	 -0.1565995749
0.1074400000	 -0.1442068477
0.1074600000	 -0.1521352617
0.1074800000	 -0.1320647376
0.1075000000	 -0.1192172615
0.1075200000	 -0.1322620886
0.1075400000	 -0.1562470528
0.1075600000	 -0.1697118943
0.1075800000	 -0.1477614572
0.1076000000	 -0.1390692046
0.1076200000	 -0.1539165473
0.1076400000	 -0.1649438275
0.1076600000	 -0.1740532761
0.1076800000	 -0.1685602270
0.1077000000	 -0.1662563381
0.1077200000	 -0.1662801253
0.1077400000	 -0.1568302417
0.1077600000	 -0.1666499892
0.1077800000	 -0.1703322274
0.1078000000	 -0.1545958010
0.1078200000	 -0.1575607654
0.1078400000	 -0.1711585216
0.1078600000	 -0.1761696070
0.1078800000	 -0.1698768769
0.1079000000	 -0.1588020301
0.1079200000	 -0.1637779622
0.1079400000	 -0.1826179947
0.1079600000	 -0.1984041593
0.1079800000	 -0.1971245134
0.1080000000	 -0.1780958072
0.1080200000	 -0.1748507300
0.1080400000	 -0.1917524309
0.1080600000	 -0.1950048854
0.1080800000	 -0.1842558506
0.1081000000	 -0.1681659042
0.1081200000	 -0.1642474126
0.1081400000	 -0.1881782201
0.1081600000	 -0.2029532519
0.1081800000	 -0.1948328499
0.1082000000	 -0.1827195569
0.1082200000	 -0.1782116697
0.1082400000	 -0.1930126820
0.1082600000	 -0.2007337922
0.1082800000	 -0.1994995100
0.1083000000	 -0.2110881566
0.1083200000	 -0.2113890609
0.1083400000	 -0.2019689005
0.1083600000	 -0.1986266656
0.1083800000	 -0.2024530776
0.1084000000	 -0.2116455824
0.1084200000	 -0.2153228342
0.1084400000	 -0.2259003040
0.1084600000	 -0.2283207174
0.1084800000	 -0.2163575523
0.1085000000	 -0.2256481337
0.1085200000	 -0.2339088646
0.1085400000	 -0.2299965373
0.1085600000	 -0.2312917434
0.1085800000	 -0.2234919475
0.1086000000	 -0.2086961331
0.1086200000	 -0.1984555423
0.1086400000	 -0.2044599061
0.1086600000	 -0.2095772942
0.1086800000	 -0.1999682455
0.1087000000	 -0.2074146944
0.1087200000	 -0.2143318752
0.1087400000	 -0.2085794444
0.1087600000	 -0.2021789933
0.1087800000	 -0.1815957709
0.1088000000	 -0.1906469713
0.1088200000	 -0.2289013687
0.1088400000	 -0.2277236919
0.1088600000	 -0.2068423834
0.1088800000	 -0.2116595565
0.1089000000	 -0.2219139701
0.1089200000	 -0.2117209141
0.1089400000	 -0.2155612174
0.1089600000	 -0.2328739694
0.1089800000	 -0.2144575226
0.1090000000	 -0.2065677184
0.1090200000	 -0.2179665851
0.1090400000	 -0.1944952477
0.1090600000	 -0.1894284292
0.1090800000	 -0.2185687881
0.1091000000	 -0.2273129204
0.1091200000	 -0.2183002564
0.1091400000	 -0.2083407393
0.1091600000	 -0.2069854494
0.1091800000	 -0.2132072712
0.1092000000	 -0.2204857874
0.1092200000	 -0.2128681900
0.1092400000	 -0.1886815126
0.1092600000	 -0.2032479548
0.1092800000	 -0.2343789695
0.1093000000	 -0.2166245346
0.1093200000	 -0.2006355032
0.1093400000	 -0.2199196774
0.1093600000	 -0.2299326125
0.1093800000	 -0.2170527829
0.1094000000	 -0.2098977710
0.1094200000	 -0.2195868730
0.1094400000	 -0.2149057792
0.1094600000	 -0.2034256826
0.1094800000	 -0.2082151624
0.1095000000	 -0.2054122644
0.1095200000	 -0.2127848755
0.1095400000	 -0.2423678116
0.1095600000	 -0.2408628350
0.1095800000	 -0.2147934702
0.1096000000	 -0.2158598457
0.1096200000	 -0.2229734937
0.1096400000	 -0.2080652394
0.1096600000	 -0.2136678531
0.1096800000	 -0.2319951273
0.1097000000	 -0.2122527663
0.1097200000	 -0.2072161307
0.1097400000	 -0.2366460581
0.1097600000	 -0.2314869930
0.1097800000	 -0.2246066181
0.1098000000	 -0.2489106592
0.1098200000	 -0.2429146760
0.1098400000	 -0.2284202664
0.1098600000	 -0.2432116312
0.1098800000	 -0.2382496229
0.1099000000	 -0.2294985021
0.1099200000	 -0.2374792063
0.1099400000	 -0.2231114382
0.1099600000	 -0.2315223589
0.1099800000	 -0.2615448905
0.1100000000	 -0.2424491017
0.1100200000	 -0.2264849173
0.1100400000	 -0.2458685614
0.1100600000	 -0.2649366135
0.1100800000	 -0.2719292387
0.1101000000	 -0.2486921264
0.1101200000	 -0.2420617053
0.1101400000	 -0.2615134652
0.1101600000	 -0.2426886379
0.1101800000	 -0.2307741792
0.1102000000	 -0.2548939847
0.1102200000	 -0.2568198674
0.1102400000	 -0.2368600529
0.1102600000	 -0.2462445712
0.1102800000	 -0.2804557461
0.1103000000	 -0.2722322162
0.1103200000	 -0.2540868150
0.1103400000	 -0.2675724584
0.1103600000	 -0.2434365125
0.1103800000	 -0.2287466885
0.1104000000	 -0.2653337247
0.1104200000	 -0.2627826912
0.1104400000	 -0.2488290945
0.1104600000	 -0.2622263446
0.1104800000	 -0.2591200629
0.1105000000	 -0.2585872390
0.1105200000	 -0.2549667190
0.1105400000	 -0.2332570721
0.1105600000	 -0.2374214656
0.1105800000	 -0.2506899749
0.1106000000	 -0.2519042238
0.1106200000	 -0.2643318952
0.1106400000	 -0.2634563548
0.1106600000	 -0.2493511196
0.1106800000	 -0.2424752104
0.1107000000	 -0.2397136771
0.1107200000	 -0.2663285586
0.1107400000	 -0.2810569606
0.1107600000	 -0.2634318798
0.1107800000	 -0.2614073100
0.1108000000	 -0.2356166780
0.1108200000	 -0.2290711139
0.1108400000	 -0.2674730759
0.1108600000	 -0.2482691526
0.1108800000	 -0.2457683914
0.1109000000	 -0.2769554122
0.1109200000	 -0.2461108067
0.1109400000	 -0.2320241204
0.1109600000	 -0.2482168061
0.1109800000	 -0.2586555293
0.1110000000	 -0.2762608020
0.1110200000	 -0.2649222990
0.1110400000	 -0.2527210357
0.1110600000	 -0.2497542989
0.1110800000	 -0.2501840597
0.1111000000	 -0.2713058884
0.1111200000	 -0.2574829008
0.1111400000	 -0.2389251114
0.1111600000	 -0.2641807223
0.1111800000	 -0.2806191765
0.1112000000	 -0.2691085727
0.1112200000	 -0.2507467273
0.1112400000	 -0.2589268249
0.1112600000	 -0.2648865626
0.1112800000	 -0.2486467524
0.1113000000	 -0.2649749262
0.1113200000	 -0.2704018060
0.1113400000	 -0.2487425896
0.1113600000	 -0.2487900319
0.1113800000	 -0.2419502558
0.1114000000	 -0.2474158245
0.1114200000	 -0.2740569504
0.1114400000	 -0.2804500806
0.1114600000	 -0.2802225797
0.1114800000	 -0.2714692179
0.1115000000	 -0.2594035544
0.1115200000	 -0.2606682398
0.1115400000	 -0.2616448890
0.1115600000	 -0.2662085415
0.1115800000	 -0.2638064974
0.1116000000	 -0.2547881099
0.1116200000	 -0.2660412145
0.1116400000	 -0.2717694349
0.1116600000	 -0.2479823312
0.1116800000	 -0.2370323293
0.1117000000	 -0.2546044042
0.1117200000	 -0.2537779836
0.1117400000	 -0.2403994092
0.1117600000	 -0.2427826019
0.1117800000	 -0.2347747188
0.1118000000	 -0.2340080309
0.1118200000	 -0.2464932889
0.1118400000	 -0.2324521300
0.1118600000	 -0.2290016253
0.1118800000	 -0.2374368245
0.1119000000	 -0.2262080788
0.1119200000	 -0.2368619871
0.1119400000	 -0.2393170243
0.1119600000	 -0.2193064823
0.1119800000	 -0.2397799950
0.1120000000	 -0.2524119240
0.1120200000	 -0.2388805773
0.1120400000	 -0.2456536712
0.1120600000	 -0.2410082468
0.1120800000	 -0.2378145374
0.1121000000	 -0.2414622066
0.1121200000	 -0.2269571028
0.1121400000	 -0.2311573215
0.1121600000	 -0.2318649198
0.1121800000	 -0.2308067921
0.1122000000	 -0.2502075407
0.1122200000	 -0.2323968781
0.1122400000	 -0.2202144416
0.1122600000	 -0.2387584102
0.1122800000	 -0.2300086042
0.1123000000	 -0.2183311516
0.1123200000	 -0.2070441747
0.1123400000	 -0.2088998824
0.1123600000	 -0.2251791051
0.1123800000	 -0.2101004619
0.1124000000	 -0.2205976621
0.1124200000	 -0.2332499624
0.1124400000	 -0.2002141682
0.1124600000	 -0.2059005990
0.1124800000	 -0.2208256571
0.1125000000	 -0.2153092045
0.1125200000	 -0.2262636525
0.1125400000	 -0.2174783761
0.1125600000	 -0.2093442923
0.1125800000	 -0.2091217353
0.1126000000	 -0.2065068949
0.1126200000	 -0.2340172495
0.1126400000	 -0.2356184576
0.1126600000	 -0.2098055852
0.1126800000	 -0.2073923962
0.1127000000	 -0.1946398460
0.1127200000	 -0.1901757070
0.1127400000	 -0.2095121293
0.1127600000	 -0.2182870804
0.1127800000	 -0.2235146428
0.1128000000	 -0.2100968302
0.1128200000	 -0.1861300349
0.1128400000	 -0.1957624172
0.1128600000	 -0.2115741353
0.1128800000	 -0.2030741577
0.1129000000	 -0.1813360870
0.1129200000	 -0.1744020203
0.1129400000	 -0.2063551537
0.1129600000	 -0.2147875450
0.1129800000	 -0.1799398851
0.1130000000	 -0.1866557287
0.1130200000	 -0.1967388853
0.1130400000	 -0.1758382598
0.1130600000	 -0.1929499826
0.1130800000	 -0.1982535946
0.1131000000	 -0.1843284832
0.1131200000	 -0.2021466283
0.1131400000	 -0.1859784475
0.1131600000	 -0.1715921654
0.1131800000	 -0.2017056640
0.1132000000	 -0.2041939898
0.1132200000	 -0.1973284168
0.1132400000	 -0.1866943462
0.1132600000	 -0.1616108938
0.1132800000	 -0.1623525045
0.1133000000	 -0.1595734156
0.1133200000	 -0.1500456326
0.1133400000	 -0.1553053486
0.1133600000	 -0.1531414366
0.1133800000	 -0.1500346321
0.1134000000	 -0.1507899663
0.1134200000	 -0.1627938113
0.1134400000	 -0.1777109645
0.1134600000	 -0.1612108317
0.1134800000	 -0.1427782554
0.1135000000	 -0.1531872732
0.1135200000	 -0.1625446989
0.1135400000	 -0.1449509955
0.1135600000	 -0.1274890140
0.1135800000	 -0.1336749866
0.1136000000	 -0.1265226699
0.1136200000	 -0.1174935173
0.1136400000	 -0.1324728733
0.1136600000	 -0.1241646579
0.1136800000	 -0.1074946887
0.1137000000	 -0.1132937934
0.1137200000	 -0.1032633647
0.1137400000	 -0.0897259580
0.1137600000	 -0.0950713371
0.1137800000	 -0.0938574536
0.1138000000	 -0.0930199920
0.1138200000	 -0.1009911096
0.1138400000	 -0.1015073623
0.1138600000	 -0.1025762868
0.1138800000	 -0.0988925677
0.1139000000	 -0.0846853703
0.1139200000	 -0.0902718197
0.1139400000	 -0.1039098022
0.1139600000	 -0.1028427794
0.1139800000	 -0.0995465237
0.1140000000	 -0.0851180898
0.1140200000	 -0.0725453258
0.1140400000	 -0.0845135754
0.1140600000	 -0.0972896278
0.1140800000	 -0.1026534399
0.1141000000	 -0.1055205165
0.1141200000	 -0.0910958541
0.1141400000	 -0.0723325758
0.1141600000	 -0.0883272750
0.1141800000	 -0.1111439858
0.1142000000	 -0.0935194879
0.1142200000	 -0.0817892380
0.1142400000	 -0.0832744031
0.1142600000	 -0.0622067006
0.1142800000	 -0.0620039768
0.1143000000	 -0.0783268863
0.1143200000	 -0.0824748768
0.1143400000	 -0.0872704291
0.1143600000	 -0.0712952962
0.1143800000	 -0.0606038987
0.1144000000	 -0.0761676295
0.1144200000	 -0.0757764271
0.1144400000	 -0.0700055642
0.1144600000	 -0.0572678307
0.1144800000	 -0.0324484018
0.1145000000	 -0.0398491939
0.1145200000	 -0.0577415923
0.1145400000	 -0.0567926608
0.1145600000	 -0.0564924600
0.1145800000	 -0.0427218565
0.1146000000	 -0.0200014289
0.1146200000	 -0.0162070376
0.1146400000	 -0.0175542156
0.1146600000	 -0.0209566869
0.1146800000	 -0.0283607315
0.1147000000	 -0.0226259104
0.1147200000	 -0.0206329016
0.1147400000	 -0.0298755829
0.1147600000	 -0.0186162477
0.1147800000	 0.0072406986
0.1148000000	 0.0120716912
0.1148200000	 0.0055512118
0.1148400000	 0.0140526046
0.1148600000	 0.0165924758
0.1148800000	 0.0099264707
0.1149000000	 0.0156065716
0.1149200000	 0.0098948175
0.1149400000	 0.0102114477
0.1149600000	 0.0446520595
0.1149800000	 0.0579717370
0.1150000000	 0.0447260981
0.1150200000	 0.0493476290
0.1150400000	 0.0551282070
0.1150600000	 0.0435992970
0.1150800000	 0.0433916210
0.1151000000	 0.0610469231
0.1151200000	 0.0558679298
0.1151400000	 0.0456040448
0.1151600000	 0.0600525760
0.1151800000	 0.0579331182
0.1152000000	 0.0611541226
0.1152200000	 0.0879353948
0.1152400000	 0.0779718293
0.1152600000	 0.0578662603
0.1152800000	 0.0714188518
0.1153000000	 0.0840588026
0.1153200000	 0.0839589061
0.1153400000	 0.0886319259
0.1153600000	 0.0965438852
0.1153800000	 0.0942180811
0.1154000000	 0.0912024632
0.1154200000	 0.1024159871
0.1154400000	 0.1214544297
0.1154600000	 0.1343908781
0.1154800000	 0.1177684137
0.1155000000	 0.0955183647
0.1155200000	 0.1138998152
0.1155400000	 0.1345060156
0.1155600000	 0.1230816708
0.1155800000	 0.1167862135
0.1156000000	 0.1313683667
0.1156200000	 0.1409257593
0.1156400000	 0.1283524378
0.1156600000	 0.1190918623
0.1156800000	 0.1457970320
0.1157000000	 0.1727244034
0.1157200000	 0.1550315753
0.1157400000	 0.1296495059
0.1157600000	 0.1238197050
0.1157800000	 0.1174677958
0.1158000000	 0.1289398396
0.1158200000	 0.1583322132
0.1158400000	 0.1665363056
0.1158600000	 0.1607719432
0.1158800000	 0.1545704909
0.1159000000	 0.1430249832
0.1159200000	 0.1438841199
0.1159400000	 0.1688965136
0.1159600000	 0.1896084376
0.1159800000	 0.1734713536
0.1160000000	 0.1539092772
0.1160200000	 0.1772532114
0.1160400000	 0.1967043216
0.1160600000	 0.1764354904
0.1160800000	 0.1755554707
0.1161000000	 0.1980712686
0.1161200000	 0.1992540754
0.1161400000	 0.2008561486
0.1161600000	 0.2012943283
0.1161800000	 0.1994671457
0.1162000000	 0.2270274989
0.1162200000	 0.2332796407
0.1162400000	 0.2141839045
0.1162600000	 0.2248380426
0.1162800000	 0.2252523641
0.1163000000	 0.2104732137
0.1163200000	 0.2208828314
0.1163400000	 0.2379299457
0.1163600000	 0.2378376456
0.1163800000	 0.2213306235
0.1164000000	 0.2236088509
0.1164200000	 0.2423659714
0.1164400000	 0.2382020245
0.1164600000	 0.2391937938
0.1164800000	 0.2527033107
0.1165000000	 0.2469767788
0.1165200000	 0.2483142185
0.1165400000	 0.2650692961
0.1165600000	 0.2486004622
0.1165800000	 0.2215841596
0.1166000000	 0.2495007509
0.1166200000	 0.2790173787
0.1166400000	 0.2636149762
0.1166600000	 0.2631164048
0.1166800000	 0.2768350191
0.1167000000	 0.2788203997
0.1167200000	 0.2814658363
0.1167400000	 0.2686823853
0.1167600000	 0.2541787553
0.1167800000	 0.2696794118
0.1168000000	 0.2789519638
0.1168200000	 0.2576096016
0.1168400000	 0.2617475197
0.1168600000	 0.2874311463
0.1168800000	 0.2737127457
0.1169000000	 0.2698361830
0.1169200000	 0.3017395255
0.1169400000	 0.3080555355
0.1169600000	 0.2995874760
0.1169800000	 0.2994308208
0.1170000000	 0.2954696505
0.1170200000	 0.2978462588
0.1170400000	 0.3128669986
0.1170600000	 0.3138795713
0.1170800000	 0.2988163210
0.1171000000	 0.3091257775
0.1171200000	 0.3178210747
0.1171400000	 0.3132580845
0.1171600000	 0.3301412913
0.1171800000	 0.3147768649
0.1172000000	 0.2948567720
0.1172200000	 0.3306874763
0.1172400000	 0.3469943089
0.1172600000	 0.3319589077
0.1172800000	 0.3278570358
0.1173000000	 0.3353613314
0.1173200000	 0.3400328385
0.1173400000	 0.3254082991
0.1173600000	 0.3185298108
0.1173800000	 0.3227861265
0.1174000000	 0.3381767985
0.1174200000	 0.3636439344
0.1174400000	 0.3535486741
0.1174600000	 0.3335354485
0.1174800000	 0.3375220616
0.1175000000	 0.3557424293
0.1175200000	 0.3638684221
0.1175400000	 0.3480781946
0.1175600000	 0.3681389963
0.1175800000	 0.3785127199
0.1176000000	 0.3407912649
0.1176200000	 0.3563029772
0.1176400000	 0.3713362022
0.1176600000	 0.3470497793
0.1176800000	 0.3593751290
0.1177000000	 0.3752138097
0.1177200000	 0.3814487959
0.1177400000	 0.3735453805
0.1177600000	 0.3504606874
0.1177800000	 0.3686394365
0.1178000000	 0.3836715974
0.1178200000	 0.3641516118
0.1178400000	 0.3557338906
0.1178600000	 0.3552436363
0.1178800000	 0.3622844011
0.1179000000	 0.3749514091
0.1179200000	 0.3732006257
0.1179400000	 0.3690044350
0.1179600000	 0.3734053461
0.1179800000	 0.3710954105
0.1180000000	 0.3651143737
0.1180200000	 0.3769598770
0.1180400000	 0.3870018260
0.1180600000	 0.3770354434
0.1180800000	 0.3697894896
0.1181000000	 0.3678933871
0.1181200000	 0.3657280751
0.1181400000	 0.3725049151
0.1181600000	 0.3780895391
0.1181800000	 0.3759068465
0.1182000000	 0.3835387868
0.1182200000	 0.3885014387
0.1182400000	 0.3747342680
0.1182600000	 0.3590556305
0.1182800000	 0.3327485133
0.1183000000	 0.3240794693
0.1183200000	 0.3613990404
0.1183400000	 0.3710992365
0.1183600000	 0.3551405905
0.1183800000	 0.3674820906
0.1184000000	 0.3772990019
0.1184200000	 0.3790912534
0.1184400000	 0.3776944097
0.1184600000	 0.3647361217
0.1184800000	 0.3529695748
0.1185000000	 0.3522598908
0.1185200000	 0.3684429800
0.1185400000	 0.3614088237
0.1185600000	 0.3344605797
0.1185800000	 0.3428997649
0.1186000000	 0.3555485328
0.1186200000	 0.3544717193
0.1186400000	 0.3540169392
0.1186600000	 0.3455075293
0.1186800000	 0.3482975202
0.1187000000	 0.3470924109
0.1187200000	 0.3344725587
0.1187400000	 0.3441843617
0.1187600000	 0.3466394339
0.1187800000	 0.3330203330
0.1188000000	 0.3480078925
0.1188200000	 0.3594105161
0.1188400000	 0.3368967469
0.1188600000	 0.3333900773
0.1188800000	 0.3418307025
0.1189000000	 0.3325376748
0.1189200000	 0.3344279770
0.1189400000	 0.3286360856
0.1189600000	 0.3283065123
0.1189800000	 0.3530157426
0.1190000000	 0.3386862104
0.1190200000	 0.3207685116
0.1190400000	 0.3242718242
0.1190600000	 0.3056202640
0.1190800000	 0.3181564063
0.1191000000	 0.3380221435
0.1191200000	 0.3179286354
0.1191400000	 0.3131002531
0.1191600000	 0.3187790423
0.1191800000	 0.3317900383
0.1192000000	 0.3421175687
0.1192200000	 0.3117403764
0.1192400000	 0.3007570774
0.1192600000	 0.3302056772
0.1192800000	 0.3368057573
0.1193000000	 0.3155902272
0.1193200000	 0.3160550620
0.1193400000	 0.3403466488
0.1193600000	 0.3241624971
0.1193800000	 0.2930366230
0.1194000000	 0.3071615442
0.1194200000	 0.3091254214
0.1194400000	 0.2835024898
0.1194600000	 0.2786982388
0.1194800000	 0.2917869469
0.1195000000	 0.3141162429
0.1195200000	 0.3232305837
0.1195400000	 0.3039982947
0.1195600000	 0.2937008711
0.1195800000	 0.2984853849
0.1196000000	 0.2912873961
0.1196200000	 0.2774833397
0.1196400000	 0.2678222116
0.1196600000	 0.2664443581
0.1196800000	 0.2732468225
0.1197000000	 0.2718277156
0.1197200000	 0.2708779703
0.1197400000	 0.2804779206
0.1197600000	 0.2841771138
0.1197800000	 0.2804929368
0.1198000000	 0.2620305404
0.1198200000	 0.2469905863
0.1198400000	 0.2525092531
0.1198600000	 0.2398708109
0.1198800000	 0.2341383344
0.1199000000	 0.2444912230
0.1199200000	 0.2282252330
0.1199400000	 0.2265240078
0.1199600000	 0.2308378869
0.1199800000	 0.2230227033
0.1200000000	 0.2358160043
0.1200200000	 0.2214748725
0.1200400000	 0.2036356365
0.1200600000	 0.2255108904
0.1200800000	 0.2317797898
0.1201000000	 0.2264283292
0.1201200000	 0.2203971770
0.1201400000	 0.2188012886
0.1201600000	 0.2256188503
0.1201800000	 0.2154686244
0.1202000000	 0.2268133218
0.1202200000	 0.2297512575
0.1202400000	 0.1864209075
0.1202600000	 0.1836865530
0.1202800000	 0.2153236311
0.1203000000	 0.2246625755
0.1203200000	 0.2158759334
0.1203400000	 0.2018665912
0.1203600000	 0.2036566146
0.1203800000	 0.1982078793
0.1204000000	 0.1872562705
0.1204200000	 0.1958535205
0.1204400000	 0.1977289660
0.1204600000	 0.2014773491
0.1204800000	 0.2079441855
0.1205000000	 0.2006258788
0.1205200000	 0.1971483900
0.1205400000	 0.1903090701
0.1205600000	 0.1783405838
0.1205800000	 0.1772529277
0.1206000000	 0.1851777589
0.1206200000	 0.1804799288
0.1206400000	 0.1643500625
0.1206600000	 0.1724699956
0.1206800000	 0.1763405456
0.1207000000	 0.1618728025
0.1207200000	 0.1711228635
0.1207400000	 0.1789847584
0.1207600000	 0.1708673704
0.1207800000	 0.1575674990
0.1208000000	 0.1429785022
0.1208200000	 0.1507663300
0.1208400000	 0.1556928558
0.1208600000	 0.1505215103
0.1208800000	 0.1393392282
0.1209000000	 0.1150165123
0.1209200000	 0.1387714083
0.1209400000	 0.1660560514
0.1209600000	 0.1322302457
0.1209800000	 0.1253460935
0.1210000000	 0.1365813265
0.1210200000	 0.1179906795
0.1210400000	 0.1081979030
0.1210600000	 0.1023600349
0.1210800000	 0.1211459601
0.1211000000	 0.1492847655
0.1211200000	 0.1254295115
0.1211400000	 0.1105920758
0.1211600000	 0.1208308182
0.1211800000	 0.1062664240
0.1212000000	 0.0959229036
0.1212200000	 0.0914366938
0.1212400000	 0.0928308786
0.1212600000	 0.1041892407
0.1212800000	 0.0850962684
0.1213000000	 0.0738536097
0.1213200000	 0.0884234745
0.1213400000	 0.0772079493
0.1213600000	 0.0760132174
0.1213800000	 0.0977072308
0.1214000000	 0.0906429067
0.1214200000	 0.0686405186
0.1214400000	 0.0625739438
0.1214600000	 0.0718451509
0.1214800000	 0.0715458202
0.1215000000	 0.0520127555
0.1215200000	 0.0465973385
0.1215400000	 0.0484167501
0.1215600000	 0.0429371449
0.1215800000	 0.0456469476
0.1216000000	 0.0447968170
0.1216200000	 0.0573800230
0.1216400000	 0.0731994632
0.1216600000	 0.0432486969
0.1216800000	 0.0261438164
0.1217000000	 0.0376191772
0.1217200000	 0.0256034685
0.1217400000	 0.0384992587
0.1217600000	 0.0616285152
0.1217800000	 0.0408066832
0.1218000000	 0.0230781998
0.1218200000	 0.0190790131
0.1218400000	 0.0205094422
0.1218600000	 0.0350199577
0.1218800000	 0.0412573366
0.1219000000	 0.0306003921
0.1219200000	 0.0079213354
0.1219400000	 0.0009599158
0.1219600000	 0.0024766856
0.1219800000	 -0.0060230347
0.1220000000	 0.0063541409
0.1220200000	 0.0113106042
0.1220400000	 0.0094353656
0.1220600000	 0.0243564691
0.1220800000	 0.0053676097
0.1221000000	 -0.0152261159
0.1221200000	 -0.0171194926
0.1221400000	 -0.0314656490
0.1221600000	 -0.0222649632
0.1221800000	 -0.0079154949
0.1222000000	 -0.0119441230
0.1222200000	 -0.0215044624
0.1222400000	 -0.0398343148
0.1222600000	 -0.0480310436
0.1222800000	 -0.0463288283
0.1223000000	 -0.0354803184
0.1223200000	 -0.0472728287
0.1223400000	 -0.0793690477
0.1223600000	 -0.0553355951
0.1223800000	 -0.0370090102
0.1224000000	 -0.0546254578
0.1224200000	 -0.0440517829
0.1224400000	 -0.0458000916
0.1224600000	 -0.0529913476
0.1224800000	 -0.0550343689
0.1225000000	 -0.0692761909
0.1225200000	 -0.0618263570
0.1225400000	 -0.0718770767
0.1225600000	 -0.0881406645
0.1225800000	 -0.0637189029
0.1226000000	 -0.0440192088
0.1226200000	 -0.0476716070
0.1226400000	 -0.0742286981
0.1226600000	 -0.0956714532
0.1226800000	 -0.0890075324
0.1227000000	 -0.0830691296
0.1227200000	 -0.0716953002
0.1227400000	 -0.0632380462
0.1227600000	 -0.0591267152
0.1227800000	 -0.0458596509
0.1228000000	 -0.0564645521
0.1228200000	 -0.0741705527
0.1228400000	 -0.0667993981
0.1228600000	 -0.0605019293
0.1228800000	 -0.0732580859
0.1229000000	 -0.0837407747
0.1229200000	 -0.0861543657
0.1229400000	 -0.1000418150
0.1229600000	 -0.1024667520
0.1229800000	 -0.0934645054
0.1230000000	 -0.0894268471
0.1230200000	 -0.0698970515
0.1230400000	 -0.0670465236
0.1230600000	 -0.0889230804
0.1230800000	 -0.0944100692
0.1231000000	 -0.0741191404
0.1231200000	 -0.0587904080
0.1231400000	 -0.0859890978
0.1231600000	 -0.0859233563
0.1231800000	 -0.0594657493
0.1232000000	 -0.0896753200
0.1232200000	 -0.1003399118
0.1232400000	 -0.0837580031
0.1232600000	 -0.0856837673
0.1232800000	 -0.0714233238
0.1233000000	 -0.0746840741
0.1233200000	 -0.0841805059
0.1233400000	 -0.0902821550
0.1233600000	 -0.1083787661
0.1233800000	 -0.0980836392
0.1234000000	 -0.0926035176
0.1234200000	 -0.0939907801
0.1234400000	 -0.0991545585
0.1234600000	 -0.1234174810
0.1234800000	 -0.1068639449
0.1235000000	 -0.0868116927
0.1235200000	 -0.0781797923
0.1235400000	 -0.0601694537
0.1235600000	 -0.0914746630
0.1235800000	 -0.1191765989
0.1236000000	 -0.1140051931
0.1236200000	 -0.1173450714
0.1236400000	 -0.1205698571
0.1236600000	 -0.1313336259
0.1236800000	 -0.1204075667
0.1237000000	 -0.1020016069
0.1237200000	 -0.1138901297
0.1237400000	 -0.1173391028
0.1237600000	 -0.1153634829
0.1237800000	 -0.1136638731
0.1238000000	 -0.1117530390
0.1238200000	 -0.1185727053
0.1238400000	 -0.1288467575
0.1238600000	 -0.1432198814
0.1238800000	 -0.1265319041
0.1239000000	 -0.1160432870
0.1239200000	 -0.1451970281
0.1239400000	 -0.1502642009
0.1239600000	 -0.1383481926
0.1239800000	 -0.1191372694
0.1240000000	 -0.1173482518
0.1240200000	 -0.1434498086
0.1240400000	 -0.1177301121
0.1240600000	 -0.1018620003
0.1240800000	 -0.1343322067
0.1241000000	 -0.1327114857
0.1241200000	 -0.1346456122
0.1241400000	 -0.1527443459
0.1241600000	 -0.1450381978
0.1241800000	 -0.1395954856
0.1242000000	 -0.1523342662
0.1242200000	 -0.1545155276
0.1242400000	 -0.1452321375
0.1242600000	 -0.1557903410
0.1242800000	 -0.1465894327
0.1243000000	 -0.1336865238
0.1243200000	 -0.1722305512
0.1243400000	 -0.1709614903
0.1243600000	 -0.1465299339
0.1243800000	 -0.1620126090
0.1244000000	 -0.1428596017
0.1244200000	 -0.1362856853
0.1244400000	 -0.1787725260
0.1244600000	 -0.1905682859
0.1244800000	 -0.1864952328
0.1245000000	 -0.1942463071
0.1245200000	 -0.1906726729
0.1245400000	 -0.1748482257
0.1245600000	 -0.1753855661
0.1245800000	 -0.1916716696
0.1246000000	 -0.1889686459
0.1246200000	 -0.1785362317
0.1246400000	 -0.1807395522
0.1246600000	 -0.1892834833
0.1246800000	 -0.1923831579
0.1247000000	 -0.1922916712
0.1247200000	 -0.2006285899
0.1247400000	 -0.1978160072
0.1247600000	 -0.1932873045
0.1247800000	 -0.1913324094
0.1248000000	 -0.1764700829
0.1248200000	 -0.1897102944
0.1248400000	 -0.2082491018
0.1248600000	 -0.1995713753
0.1248800000	 -0.1968151210
0.1249000000	 -0.1841534025
0.1249200000	 -0.1753181197
0.1249400000	 -0.1922466522
0.1249600000	 -0.2022141039
0.1249800000	 -0.2030673603
0.1250000000	 -0.2031044002
0.1250200000	 -0.2053602178
0.1250400000	 -0.1959506927
0.1250600000	 -0.1821682785
0.1250800000	 -0.1973505052
0.1251000000	 -0.2019821637
0.1251200000	 -0.1912894691
0.1251400000	 -0.2011519143
0.1251600000	 -0.1925595433
0.1251800000	 -0.1756298536
0.1252000000	 -0.1956797507
0.1252200000	 -0.2159159119
0.1252400000	 -0.2129842777
0.1252600000	 -0.2046169995
0.1252800000	 -0.1919045195
0.1253000000	 -0.1961209826
0.1253200000	 -0.2080394098
0.1253400000	 -0.1956826059
0.1253600000	 -0.2123609736
0.1253800000	 -0.2408202260
0.1254000000	 -0.2138423739
0.1254200000	 -0.1993541175
0.1254400000	 -0.2155951693
0.1254600000	 -0.2186332750
0.1254800000	 -0.2167579486
0.1255000000	 -0.2112132139
0.1255200000	 -0.2183024868
0.1255400000	 -0.2142945714
0.1255600000	 -0.1927018300
0.1255800000	 -0.1925534233
0.1256000000	 -0.1857055490
0.1256200000	 -0.1931873798
0.1256400000	 -0.2188712827
0.1256600000	 -0.2188462760
0.1256800000	 -0.2283312468
0.1257000000	 -0.2320615810
0.1257200000	 -0.2220521339
0.1257400000	 -0.2228603683
0.1257600000	 -0.2125562317
0.1257800000	 -0.2138558950
0.1258000000	 -0.2198902195
0.1258200000	 -0.2245206640
0.1258400000	 -0.2342538061
0.1258600000	 -0.2121485963
0.1258800000	 -0.2050183640
0.1259000000	 -0.2159131257
0.1259200000	 -0.2083294460
0.1259400000	 -0.2263692709
0.1259600000	 -0.2362331636
0.1259800000	 -0.2189428905
0.1260000000	 -0.2237561790
0.1260200000	 -0.2363688071
0.1260400000	 -0.2334172470
0.1260600000	 -0.2227714148
0.1260800000	 -0.2281681934
0.1261000000	 -0.2380987711
0.1261200000	 -0.2383898286
0.1261400000	 -0.2476896160
0.1261600000	 -0.2451405250
0.1261800000	 -0.2365699476
0.1262000000	 -0.2374309946
0.1262200000	 -0.2341513957
0.1262400000	 -0.2421378951
0.1262600000	 -0.2510523483
0.1262800000	 -0.2564833466
0.1263000000	 -0.2505493472
0.1263200000	 -0.2244948774
0.1263400000	 -0.2296986016
0.1263600000	 -0.2437817606
0.1263800000	 -0.2449865247
0.1264000000	 -0.2610644583
0.1264200000	 -0.2477057119
0.1264400000	 -0.2345512772
0.1264600000	 -0.2625078746
0.1264800000	 -0.2652732578
0.1265000000	 -0.2386785226
0.1265200000	 -0.2315661538
0.1265400000	 -0.2549724735
0.1265600000	 -0.2627812978
0.1265800000	 -0.2376813270
0.1266000000	 -0.2432608195
0.1266200000	 -0.2596394646
0.1266400000	 -0.2452562999
0.1266600000	 -0.2411784870
0.1266800000	 -0.2538633688
0.1267000000	 -0.2635361673
0.1267200000	 -0.2520243820
0.1267400000	 -0.2361443328
0.1267600000	 -0.2500505229
0.1267800000	 -0.2527111193
0.1268000000	 -0.2450796042
0.1268200000	 -0.2561127252
0.1268400000	 -0.2464873003
0.1268600000	 -0.2294756067
0.1268800000	 -0.2361913411
0.1269000000	 -0.2507938414
0.1269200000	 -0.2578169254
0.1269400000	 -0.2455651437
0.1269600000	 -0.2402776407
0.1269800000	 -0.2488708267
0.1270000000	 -0.2432503268
0.1270200000	 -0.2359097657
0.1270400000	 -0.2289277107
0.1270600000	 -0.2290384236
0.1270800000	 -0.2506584660
0.1271000000	 -0.2602121863
0.1271200000	 -0.2556354858
0.1271400000	 -0.2494409979
0.1271600000	 -0.2326681654
0.1271800000	 -0.2372568561
0.1272000000	 -0.2602827494
0.1272200000	 -0.2530693597
0.1272400000	 -0.2323902677
0.1272600000	 -0.2341297943
0.1272800000	 -0.2520549604
0.1273000000	 -0.2695089895
0.1273200000	 -0.2660057840
0.1273400000	 -0.2495384466
0.1273600000	 -0.2523192053
0.1273800000	 -0.2568662159
0.1274000000	 -0.2440670341
0.1274200000	 -0.2455389093
0.1274400000	 -0.2602038756
0.1274600000	 -0.2557735999
0.1274800000	 -0.2525938692
0.1275000000	 -0.2628685979
0.1275200000	 -0.2408141493
0.1275400000	 -0.2146426359
0.1275600000	 -0.2356183629
0.1275800000	 -0.2441269776
0.1276000000	 -0.2333257054
0.1276200000	 -0.2428514574
0.1276400000	 -0.2437674138
0.1276600000	 -0.2453669603
0.1276800000	 -0.2445250848
0.1277000000	 -0.2297616199
0.1277200000	 -0.2349416469
0.1277400000	 -0.2411099999
0.1277600000	 -0.2523276838
0.1277800000	 -0.2630156161
0.1278000000	 -0.2395686035
0.1278200000	 -0.2375524041
0.1278400000	 -0.2471963212
0.1278600000	 -0.2334666637
0.1278800000	 -0.2339673760
0.1279000000	 -0.2310908833
0.1279200000	 -0.2302737724
0.1279400000	 -0.2396680981
0.1279600000	 -0.2271438207
0.1279800000	 -0.2222859469
0.1280000000	 -0.2348748556
0.1280200000	 -0.2488130851
0.1280400000	 -0.2610421919
0.1280600000	 -0.2543078387
0.1280800000	 -0.2430888304
0.1281000000	 -0.2415122957
0.1281200000	 -0.2451208486
0.1281400000	 -0.2566755761
0.1281600000	 -0.2708978318
0.1281800000	 -0.2775781864
0.1282000000	 -0.2649517564
0.1282200000	 -0.2474663665
0.1282400000	 -0.2486763428
0.1282600000	 -0.2599501931
0.1282800000	 -0.2690245919
0.1283000000	 -0.2707392066
0.1283200000	 -0.2645472450
0.1283400000	 -0.2552543497
0.1283600000	 -0.2508352855
0.1283800000	 -0.2656539206
0.1284000000	 -0.2865603417
0.1284200000	 -0.2748055381
0.1284400000	 -0.2428272215
0.1284600000	 -0.2355657087
0.1284800000	 -0.2451562720
0.1285000000	 -0.2564517447
0.1285200000	 -0.2617616342
0.1285400000	 -0.2492561698
0.1285600000	 -0.2502346306
0.1285800000	 -0.2558781927
0.1286000000	 -0.2484111515
0.1286200000	 -0.2592068729
0.1286400000	 -0.2688651230
0.1286600000	 -0.2715356176
0.1286800000	 -0.2699803938
0.1287000000	 -0.2628607479
0.1287200000	 -0.2777967759
0.1287400000	 -0.2660317957
0.1287600000	 -0.2444324376
0.1287800000	 -0.2540090647
0.1288000000	 -0.2333457935
0.1288200000	 -0.2332325818
0.1288400000	 -0.2688894008
0.1288600000	 -0.2715833531
0.1288800000	 -0.2679997275
0.1289000000	 -0.2556418601
0.1289200000	 -0.2487725234
0.1289400000	 -0.2598575139
0.1289600000	 -0.2422528072
0.1289800000	 -0.2210105116
0.1290000000	 -0.2288369631
0.1290200000	 -0.2463128622
0.1290400000	 -0.2269768001
0.1290600000	 -0.2137220452
0.1290800000	 -0.2640690337
0.1291000000	 -0.2698030964
0.1291200000	 -0.2294580088
0.1291400000	 -0.2212319347
0.1291600000	 -0.2213608299
0.1291800000	 -0.2358408282
0.1292000000	 -0.2295980011
0.1292200000	 -0.2217921738
0.1292400000	 -0.2490537563
0.1292600000	 -0.2372910190
0.1292800000	 -0.2322519163
0.1293000000	 -0.2427642739
0.1293200000	 -0.2119257322
0.1293400000	 -0.1974160138
0.1293600000	 -0.1937763002
0.1293800000	 -0.1990547284
0.1294000000	 -0.2170022778
0.1294200000	 -0.1998499795
0.1294400000	 -0.1996666312
0.1294600000	 -0.2274075676
0.1294800000	 -0.2194955033
0.1295000000	 -0.1993501955
0.1295200000	 -0.2095026679
0.1295400000	 -0.2190291714
0.1295600000	 -0.2099634962
0.1295800000	 -0.2155519448
0.1296000000	 -0.2007523640
0.1296200000	 -0.1686229801
0.1296400000	 -0.1847350019
0.1296600000	 -0.1983960752
0.1296800000	 -0.1853754695
0.1297000000	 -0.1815261589
0.1297200000	 -0.1837831967
0.1297400000	 -0.1921005784
0.1297600000	 -0.1831261943
0.1297800000	 -0.1722145258
0.1298000000	 -0.1767180516
0.1298200000	 -0.1688827930
0.1298400000	 -0.1686770583
0.1298600000	 -0.1640788959
0.1298800000	 -0.1509694400
0.1299000000	 -0.1622743645
0.1299200000	 -0.1633431255
0.1299400000	 -0.1604522691
0.1299600000	 -0.1710666220
0.1299800000	 -0.1550899814
0.1300000000	 -0.1430895170
0.1300200000	 -0.1534860193
0.1300400000	 -0.1335453531
0.1300600000	 -0.1193718651
0.1300800000	 -0.1532701911
0.1301000000	 -0.1686340804
0.1301200000	 -0.1612465309
0.1301400000	 -0.1726440469
0.1301600000	 -0.1691353434
0.1301800000	 -0.1413853287
0.1302000000	 -0.1183112028
0.1302200000	 -0.1223271774
0.1302400000	 -0.1395853095
0.1302600000	 -0.1310809954
0.1302800000	 -0.1267360202
0.1303000000	 -0.1387057253
0.1303200000	 -0.1299172986
0.1303400000	 -0.1090350194
0.1303600000	 -0.1008948402
0.1303800000	 -0.1155686771
0.1304000000	 -0.1174284057
0.1304200000	 -0.0987018424
0.1304400000	 -0.1006458751
0.1304600000	 -0.1074177328
0.1304800000	 -0.1177325604
0.1305000000	 -0.1200534362
0.1305200000	 -0.0988140248
0.1305400000	 -0.1032054329
0.1305600000	 -0.1038830456
0.1305800000	 -0.0899662425
0.1306000000	 -0.1003325129
0.1306200000	 -0.1008764780
0.1306400000	 -0.1107902825
0.1306600000	 -0.1129951172
0.1306800000	 -0.0697596201
0.1307000000	 -0.0714375844
0.1307200000	 -0.1031717757
0.1307400000	 -0.0918149986
0.1307600000	 -0.0826565064
0.1307800000	 -0.0884958429
0.1308000000	 -0.0898797229
0.1308200000	 -0.0826345641
0.1308400000	 -0.0646931320
0.1308600000	 -0.0676384944
0.1308800000	 -0.0819867313
0.1309000000	 -0.0758777059
0.1309200000	 -0.0711175487
0.1309400000	 -0.0680963954
0.1309600000	 -0.0548517126
0.1309800000	 -0.0489079672
0.1310000000	 -0.0427192497
0.1310200000	 -0.0393440079
0.1310400000	 -0.0547589923
0.1310600000	 -0.0591526990
0.1310800000	 -0.0427177601
0.1311000000	 -0.0330891104
0.1311200000	 -0.0332228347
0.1311400000	 -0.0295062586
0.1311600000	 -0.0257875931
0.1311800000	 -0.0363737699
0.1312000000	 -0.0400921176
0.1312200000	 -0.0205845387
0.1312400000	 -0.0155758071
0.1312600000	 -0.0295095743
0.1312800000	 -0.0232420172
0.1313000000	 -0.0035482492
0.1313200000	 -0.0022561740
0.1313400000	 -0.0097544404
0.1313600000	 -0.0102346909
0.1313800000	 -0.0126072117
0.1314000000	 -0.0066652484
0.1314200000	 -0.0027708311
0.1314400000	 -0.0212147327
0.1314600000	 -0.0164883408
0.1314800000	 0.0060351672
0.1315000000	 -0.0011869765
0.1315200000	 0.0029187878
0.1315400000	 0.0227233368
0.1315600000	 0.0173264999
0.1315800000	 0.0170668616
0.1316000000	 0.0223595986
0.1316200000	 0.0106580739
0.1316400000	 0.0168020344
0.1316600000	 0.0349636129
0.1316800000	 0.0336961194
0.1317000000	 0.0347774628
0.1317200000	 0.0373417425
0.1317400000	 0.0193343548
0.1317600000	 0.0167642239
0.1317800000	 0.0437554408
0.1318000000	 0.0458200295
0.1318200000	 0.0387700260
0.1318400000	 0.0643891918
0.1318600000	 0.0620207000
0.1318800000	 0.0344634810
0.1319000000	 0.0469332738
0.1319200000	 0.0657859503
0.1319400000	 0.0807557855
0.1319600000	 0.0971372054
0.1319800000	 0.0813364519
0.1320000000	 0.0728743090
0.1320200000	 0.0914454090
0.1320400000	 0.1086646711
0.1320600000	 0.1220682072
0.1320800000	 0.1175463121
0.1321000000	 0.1151171940
0.1321200000	 0.1292004040
0.1321400000	 0.1243751468
0.1321600000	 0.1093133105
0.1321800000	 0.1089547677
0.1322000000	 0.1213517143
0.1322200000	 0.1293693008
0.1322400000	 0.1186583748
0.1322600000	 0.1187756700
0.1322800000	 0.1438182033
0.1323000000	 0.1619211070
0.1323200000	 0.1667021891
0.1323400000	 0.1651035924
0.1323600000	 0.1626121062
0.1323800000	 0.1764943207
0.1324000000	 0.1763958763
0.1324200000	 0.1501541917
0.1324400000	 0.1537367748
0.1324600000	 0.1623084677
0.1324800000	 0.1444013816
0.1325000000	 0.1451538335
0.1325200000	 0.1612866117
0.1325400000	 0.1906450328
0.1325600000	 0.2082061185
0.1325800000	 0.1740484750
0.1326000000	 0.1563541110
0.1326200000	 0.1690494747
0.1326400000	 0.1724900385
0.1326600000	 0.1795868505
0.1326800000	 0.1800450069
0.1327000000	 0.1789737667
0.1327200000	 0.1764111782
0.1327400000	 0.1790747124
0.1327600000	 0.2086302792
0.1327800000	 0.2197017741
0.1328000000	 0.2160753935
0.1328200000	 0.2197726947
0.1328400000	 0.2094428494
0.1328600000	 0.2089214587
0.1328800000	 0.2153386887
0.1329000000	 0.2182945874
0.1329200000	 0.2280998955
0.1329400000	 0.2372763436
0.1329600000	 0.2441507945
0.1329800000	 0.2235819013
0.1330000000	 0.2045124928
0.1330200000	 0.2294784307
0.1330400000	 0.2438479341
0.1330600000	 0.2363447864
0.1330800000	 0.2396507183
0.1331000000	 0.2443530535
0.1331200000	 0.2454559763
0.1331400000	 0.2479263703
0.1331600000	 0.2497370199
0.1331800000	 0.2541334626
0.1332000000	 0.2780807294
0.1332200000	 0.2938833723
0.1332400000	 0.2728764997
0.1332600000	 0.2579929997
0.1332800000	 0.2605427083
0.1333000000	 0.2755500547
0.1333200000	 0.2958257101
0.1333400000	 0.2755203820
0.1333600000	 0.2461060516
0.1333800000	 0.2488797370
0.1334000000	 0.2559543164
0.1334200000	 0.2668379591
0.1334400000	 0.2803725804
0.1334600000	 0.2875350338
0.1334800000	 0.2921842428
0.1335000000	 0.2831613808
0.1335200000	 0.2797524440
0.1335400000	 0.2946581739
0.1335600000	 0.2964933620
0.1335800000	 0.2941610934
0.1336000000	 0.2985891952
0.1336200000	 0.2967936249
0.1336400000	 0.3141427951
0.1336600000	 0.3221241393
0.1336800000	 0.2895790325
0.1337000000	 0.2919903247
0.1337200000	 0.3237400455
0.1337400000	 0.3212685336
0.1337600000	 0.3169942364
0.1337800000	 0.3208491873
0.1338000000	 0.3133111259
0.1338200000	 0.3100979159
0.1338400000	 0.3095579610
0.1338600000	 0.3084320872
0.1338800000	 0.3200623356
0.1339000000	 0.3283548186
0.1339200000	 0.3221024860
0.1339400000	 0.3331677361
0.1339600000	 0.3415253441
0.1339800000	 0.3230696101
0.1340000000	 0.3247472772
0.1340200000	 0.3368058163
0.1340400000	 0.3329615669
0.1340600000	 0.3278030055
0.1340800000	 0.3305329955
0.1341000000	 0.3437802151
0.1341200000	 0.3292052201
0.1341400000	 0.3288491252
0.1341600000	 0.3820743001
0.1341800000	 0.3784592596
0.1342000000	 0.3364675219
0.1342200000	 0.3452148081
0.1342400000	 0.3601461148
0.1342600000	 0.3542997740
0.1342800000	 0.3464785549
0.1343000000	 0.3519136406
0.1343200000	 0.3511340785
0.1343400000	 0.3439702555
0.1343600000	 0.3614896655
0.1343800000	 0.3660588738
0.1344000000	 0.3628059581
0.1344200000	 0.3680188446
0.1344400000	 0.3543132220
0.1344600000	 0.3502938848
0.1344800000	 0.3488235883
0.1345000000	 0.3505070876
0.1345200000	 0.3685960438
0.1345400000	 0.3576772399
0.1345600000	 0.3463110768
0.1345800000	 0.3596234716
0.1346000000	 0.3650388365
0.1346200000	 0.3705635064
0.1346400000	 0.3773024277
0.1346600000	 0.3746218883
0.1346800000	 0.3733426554
0.1347000000	 0.3729041210
0.1347200000	 0.3555428590
0.1347400000	 0.3539137838
0.1347600000	 0.3808581877
0.1347800000	 0.3804871362
0.1348000000	 0.3722489359
0.1348200000	 0.3694275761
0.1348400000	 0.3643972662
0.1348600000	 0.3777914271
0.1348800000	 0.3604737251
0.1349000000	 0.3493152838
0.1349200000	 0.3765595205
0.1349400000	 0.3731709530
0.1349600000	 0.3731438127
0.1349800000	 0.3764399807
0.1350000000	 0.3683105111
0.1350200000	 0.3699741410
0.1350400000	 0.3480826627
0.1350600000	 0.3503081006
0.1350800000	 0.3657473665
0.1351000000	 0.3484671118
0.1351200000	 0.3549505014
0.1351400000	 0.3605280769
0.1351600000	 0.3563892508
0.1351800000	 0.3663165781
0.1352000000	 0.3629087130
0.1352200000	 0.3578380213
0.1352400000	 0.3516390180
0.1352600000	 0.3498702858
0.1352800000	 0.3606431539
0.1353000000	 0.3739240783
0.1353200000	 0.3773916829
0.1353400000	 0.3491909577
0.1353600000	 0.3353769919
0.1353800000	 0.3444708030
0.1354000000	 0.3536415239
0.1354200000	 0.3780485655
0.1354400000	 0.3687272819
0.1354600000	 0.3473086527
0.1354800000	 0.3398448241
0.1355000000	 0.3115405997
0.1355200000	 0.3202073061
0.1355400000	 0.3441395487
0.1355600000	 0.3440354021
0.1355800000	 0.3529506491
0.1356000000	 0.3379274100
0.1356200000	 0.3312291793
0.1356400000	 0.3511294819
0.1356600000	 0.3433043475
0.1356800000	 0.3402014759
0.1357000000	 0.3475963590
0.1357200000	 0.3372778889
0.1357400000	 0.3237477038
0.1357600000	 0.3169108596
0.1357800000	 0.3299943074
0.1358000000	 0.3389723076
0.1358200000	 0.3128536676
0.1358400000	 0.2962296483
0.1358600000	 0.3177820117
0.1358800000	 0.3319214873
0.1359000000	 0.3205233344
0.1359200000	 0.3147144319
0.1359400000	 0.3161434666
0.1359600000	 0.3104124678
0.1359800000	 0.3076455056
0.1360000000	 0.3192484519
0.1360200000	 0.3263917015
0.1360400000	 0.3083650210
0.1360600000	 0.2868651353
0.1360800000	 0.2837340582
0.1361000000	 0.2996876280
0.1361200000	 0.3182469487
0.1361400000	 0.3152023973
0.1361600000	 0.3023851969
0.1361800000	 0.2854196075
0.1362000000	 0.2776674157
0.1362200000	 0.3019648100
0.1362400000	 0.3059243350
0.1362600000	 0.2766179187
0.1362800000	 0.2707942357
0.1363000000	 0.2875389495
0.1363200000	 0.2968500898
0.1363400000	 0.2819542533
0.1363600000	 0.2620322581
0.1363800000	 0.2574356292
0.1364000000	 0.2495989250
0.1364200000	 0.2538684678
0.1364400000	 0.2674426057
0.1364600000	 0.2581384031
0.1364800000	 0.2532758418
0.1365000000	 0.2539572212
0.1365200000	 0.2384306694
0.1365400000	 0.2366245719
0.1365600000	 0.2483851225
0.1365800000	 0.2504860492
0.1366000000	 0.2500879100
0.1366200000	 0.2466438930
0.1366400000	 0.2375078821
0.1366600000	 0.2318931253
0.1366800000	 0.2323791542
0.1367000000	 0.2291296155
0.1367200000	 0.2196537625
0.1367400000	 0.2197450790
0.1367600000	 0.2274761579
0.1367800000	 0.2371522683
0.1368000000	 0.2433211693
0.1368200000	 0.2294155249
0.1368400000	 0.2188802773
0.1368600000	 0.2141155199
0.1368800000	 0.1996857626
0.1369000000	 0.1967063794
0.1369200000	 0.1785208601
0.1369400000	 0.1579166661
0.1369600000	 0.1711556055
0.1369800000	 0.1712389944
0.1370000000	 0.1749989908
0.1370200000	 0.1914876453
0.1370400000	 0.1766007861
0.1370600000	 0.1627808541
0.1370800000	 0.1736186991
0.1371000000	 0.1952929601
0.1371200000	 0.1807786684
0.1371400000	 0.1380318989
0.1371600000	 0.1482723988
0.1371800000	 0.1590365408
0.1372000000	 0.1511820062
0.1372200000	 0.1776635864
0.1372400000	 0.1763409489
0.1372600000	 0.1593071516
0.1372800000	 0.1656954144
0.1373000000	 0.1544834572
0.1373200000	 0.1414246861
0.1373400000	 0.1402411086
0.1373600000	 0.1426997938
0.1373800000	 0.1564502320
0.1374000000	 0.1703232927
0.1374200000	 0.1591365102
0.1374400000	 0.1362295479
0.1374600000	 0.1486013015
0.1374800000	 0.1613494150
0.1375000000	 0.1391903924
0.1375200000	 0.1209387593
0.1375400000	 0.1151514746
0.1375600000	 0.1213373786
0.1375800000	 0.1221155102
0.1376000000	 0.1078025094
0.1376200000	 0.1078507840
0.1376400000	 0.1076946731
0.1376600000	 0.0988787248
0.1376800000	 0.0953184565
0.1377000000	 0.0968549157
0.1377200000	 0.0964766378
0.1377400000	 0.0916697225
0.1377600000	 0.1067886333
0.1377800000	 0.1102897246
0.1378000000	 0.0778679775
0.1378200000	 0.0652733026
0.1378400000	 0.0761086972
0.1378600000	 0.0830749977
0.1378800000	 0.0844389300
0.1379000000	 0.0913844397
0.1379200000	 0.0924857582
0.1379400000	 0.0721242170
0.1379600000	 0.0729362601
0.1379800000	 0.0730002986
0.1380000000	 0.0655644754
0.1380200000	 0.0933130102
0.1380400000	 0.0834147709
0.1380600000	 0.0631238883
0.1380800000	 0.0855036323
0.1381000000	 0.0704384688
0.1381200000	 0.0563690222
0.1381400000	 0.0626820941
0.1381600000	 0.0506523936
0.1381800000	 0.0743872545
0.1382000000	 0.0976810943
0.1382200000	 0.0670843635
0.1382400000	 0.0326092910
0.1382600000	 0.0347466470
0.1382800000	 0.0634013917
0.1383000000	 0.0688039609
0.1383200000	 0.0506041023
0.1383400000	 0.0419462985
0.1383600000	 0.0293461885
0.1383800000	 0.0220236819
0.1384000000	 0.0414877026
0.1384200000	 0.0503536108
0.1384400000	 0.0233300269
0.1384600000	 0.0176501498
0.1384800000	 0.0523026772
0.1385000000	 0.0585363462
0.1385200000	 0.0346655079
0.1385400000	 0.0195297998
0.1385600000	 0.0093286807
0.1385800000	 0.0190942943
0.1386000000	 0.0307759637
0.1386200000	 0.0078275699
0.1386400000	 -0.0028691292
0.1386600000	 0.0184611965
0.1386800000	 0.0334005388
0.1387000000	 0.0347989767
0.1387200000	 0.0150573910
0.1387400000	 -0.0013973439
0.1387600000	 0.0052510664
0.1387800000	 0.0011813915
0.1388000000	 0.0152442065
0.1388200000	 0.0313138413
0.1388400000	 0.0000126486
0.1388600000	 -0.0059878716
0.1388800000	 0.0092751590
0.1389000000	 -0.0012971179
0.1389200000	 -0.0100577302
0.1389400000	 -0.0160952016
0.1389600000	 0.0077461206
0.1389800000	 0.0181800351
0.1390000000	 -0.0234634721
0.1390200000	 -0.0175541408
0.1390400000	 -0.0011596256
0.1390600000	 -0.0200661833
0.1390800000	 -0.0108419850
0.1391000000	 -0.0184277297
0.1391200000	 -0.0354482543
0.1391400000	 -0.0206378094
0.1391600000	 -0.0263745735
0.1391800000	 -0.0349842272
0.1392000000	 -0.0283481711
0.1392200000	 -0.0383747911
0.1392400000	 -0.0447451261
0.1392600000	 -0.0414787257
0.1392800000	 -0.0444449364
0.1393000000	 -0.0334246219
0.1393200000	 -0.0169570363
0.1393400000	 -0.0279859629
0.1393600000	 -0.0437675912
0.1393800000	 -0.0445476654
0.1394000000	 -0.0390859908
0.1394200000	 -0.0281222994
0.1394400000	 -0.0359318481
0.1394600000	 -0.0518613322
0.1394800000	 -0.0505310532
0.1395000000	 -0.0658392644
0.1395200000	 -0.0816264326
0.1395400000	 -0.0703748217
0.1395600000	 -0.0755146149
0.1395800000	 -0.0875955641
0.1396000000	 -0.0772775379
0.1396200000	 -0.0746414625
0.1396400000	 -0.0736672916
0.1396600000	 -0.0684218241
0.1396800000	 -0.0822791267
0.1397000000	 -0.0758009166
0.1397200000	 -0.0597933725
0.1397400000	 -0.0799296518
0.1397600000	 -0.0810250884
0.1397800000	 -0.0803117751
0.1398000000	 -0.1093757256
0.1398200000	 -0.0977139628
0.1398400000	 -0.0867951778
0.1398600000	 -0.1145467949
0.1398800000	 -0.1117885291
0.1399000000	 -0.0876529418
0.1399200000	 -0.0740813039
0.1399400000	 -0.0772766843
0.1399600000	 -0.0981220210
0.1399800000	 -0.1096615136
0.1400000000	 -0.1077540865
0.1400200000	 -0.0995349411
0.1400400000	 -0.0980649244
0.1400600000	 -0.1037927398
0.1400800000	 -0.0925538343
0.1401000000	 -0.0923179288
0.1401200000	 -0.1143915700
0.1401400000	 -0.1133709893
0.1401600000	 -0.1002195747
0.1401800000	 -0.1067651543
0.1402000000	 -0.1092345644
0.1402200000	 -0.0972073805
0.1402400000	 -0.1024303506
0.1402600000	 -0.1274873635
0.1402800000	 -0.1425664591
0.1403000000	 -0.1295420191
0.1403200000	 -0.1079686291
0.1403400000	 -0.1164527488
0.1403600000	 -0.1272651784
0.1403800000	 -0.1099780785
0.1404000000	 -0.1081479537
0.1404200000	 -0.1216691756
0.1404400000	 -0.1198097308
0.1404600000	 -0.1144075370
0.1404800000	 -0.1169596323
0.1405000000	 -0.1303646839
0.1405200000	 -0.1357314044
0.1405400000	 -0.1293103585
0.1405600000	 -0.1358559389
0.1405800000	 -0.1331142332
0.1406000000	 -0.1205882668
0.1406200000	 -0.1343870186
0.1406400000	 -0.1452107353
0.1406600000	 -0.1321842332
0.1406800000	 -0.1270010728
0.1407000000	 -0.1326809903
0.1407200000	 -0.1367926474
0.1407400000	 -0.1409526879
0.1407600000	 -0.1473445954
0.1407800000	 -0.1535134355
0.1408000000	 -0.1467640356
0.1408200000	 -0.1389408045
0.1408400000	 -0.1535798505
0.1408600000	 -0.1631687648
0.1408800000	 -0.1547842399
0.1409000000	 -0.1565746916
0.1409200000	 -0.1616711898
0.1409400000	 -0.1663479462
0.1409600000	 -0.1678671525
0.1409800000	 -0.1439007507
0.1410000000	 -0.1296184930
0.1410200000	 -0.1444580620
0.1410400000	 -0.1554422472
0.1410600000	 -0.1604740345
0.1410800000	 -0.1581601229
0.1411000000	 -0.1698538211
0.1411200000	 -0.1961859337
0.1411400000	 -0.1795546365
0.1411600000	 -0.1564245670
0.1411800000	 -0.1631562024
0.1412000000	 -0.1712650496
0.1412200000	 -0.1946213174
0.1412400000	 -0.2023831566
0.1412600000	 -0.1860762705
0.1412800000	 -0.1762125366
0.1413000000	 -0.1585346558
0.1413200000	 -0.1740272322
0.1413400000	 -0.1993075592
0.1413600000	 -0.1936955883
0.1413800000	 -0.2102419855
0.1414000000	 -0.2040048244
0.1414200000	 -0.1808975618
0.1414400000	 -0.1952349161
0.1414600000	 -0.1928793127
0.1414800000	 -0.1947440279
0.1415000000	 -0.2040537811
0.1415200000	 -0.1965290001
0.1415400000	 -0.1986749894
0.1415600000	 -0.1705109958
0.1415800000	 -0.1534640939
0.1416000000	 -0.1841663118
0.1416200000	 -0.1992405406
0.1416400000	 -0.2157151763
0.1416600000	 -0.2181806701
0.1416800000	 -0.1948727396
0.1417000000	 -0.1876853229
0.1417200000	 -0.1775645520
0.1417400000	 -0.1871475003
0.1417600000	 -0.2053848209
0.1417800000	 -0.1920591159
0.1418000000	 -0.2098534048
0.1418200000	 -0.2403381561
0.1418400000	 -0.2180071080
0.1418600000	 -0.1979379888
0.1418800000	 -0.2185992839
0.1419000000	 -0.2317434907
0.1419200000	 -0.2086833019
0.1419400000	 -0.1821192857
0.1419600000	 -0.1915794910
0.1419800000	 -0.2214179962
0.1420000000	 -0.2211789926
0.1420200000	 -0.2043976369
0.1420400000	 -0.2055940080
0.1420600000	 -0.1961169569
0.1420800000	 -0.2004181653
0.1421000000	 -0.2395052942
0.1421200000	 -0.2320550401
0.1421400000	 -0.1956257577
0.1421600000	 -0.2056486030
0.1421800000	 -0.2259133337
0.1422000000	 -0.2290983149
0.1422200000	 -0.2235362635
0.1422400000	 -0.2161418751
0.1422600000	 -0.2270060072
0.1422800000	 -0.2208634140
0.1423000000	 -0.2012757342
0.1423200000	 -0.2225628650
0.1423400000	 -0.2296754957
0.1423600000	 -0.2163235173
0.1423800000	 -0.2401909180
0.1424000000	 -0.2522134701
0.1424200000	 -0.2502078583
0.1424400000	 -0.2459492178
0.1424600000	 -0.2162095133
0.1424800000	 -0.2159065659
0.1425000000	 -0.2251983526
0.1425200000	 -0.2152199225
0.1425400000	 -0.2277661803
0.1425600000	 -0.2353616173
0.1425800000	 -0.2358654440
0.1426000000	 -0.2315044919
0.1426200000	 -0.2075198635
0.1426400000	 -0.2069816436
0.1426600000	 -0.2318834961
0.1426800000	 -0.2554431186
0.1427000000	 -0.2538728789
0.1427200000	 -0.2392732924
0.1427400000	 -0.2409976753
0.1427600000	 -0.2334769762
0.1427800000	 -0.2381778823
0.1428000000	 -0.2447062051
0.1428200000	 -0.2278267574
0.1428400000	 -0.2412443434
0.1428600000	 -0.2418300913
0.1428800000	 -0.2271116831
0.1429000000	 -0.2533025060
0.1429200000	 -0.2586611963
0.1429400000	 -0.2410622427
0.1429600000	 -0.2350986698
0.1429800000	 -0.2325720310
0.1430000000	 -0.2344620347
0.1430200000	 -0.2322260068
0.1430400000	 -0.2462521495
0.1430600000	 -0.2524425671
0.1430800000	 -0.2237609717
0.1431000000	 -0.2185267627
0.1431200000	 -0.2425604157
0.1431400000	 -0.2524365774
0.1431600000	 -0.2453169867
0.1431800000	 -0.2415934229
0.1432000000	 -0.2375237910
0.1432200000	 -0.2406431680
0.1432400000	 -0.2631205120
0.1432600000	 -0.2552730431
0.1432800000	 -0.2377836120
0.1433000000	 -0.2536772464
0.1433200000	 -0.2613393303
0.1433400000	 -0.2605715788
0.1433600000	 -0.2561970262
0.1433800000	 -0.2600067899
0.1434000000	 -0.2700247520
0.1434200000	 -0.2547985830
0.1434400000	 -0.2542194624
0.1434600000	 -0.2423973436
0.1434800000	 -0.2220009914
0.1435000000	 -0.2514929155
0.1435200000	 -0.2696130267
0.1435400000	 -0.2843429291
0.1435600000	 -0.2787677588
0.1435800000	 -0.2328578698
0.1436000000	 -0.2558416986
0.1436200000	 -0.2755603830
0.1436400000	 -0.2539679413
0.1436600000	 -0.2644202660
0.1436800000	 -0.2461769142
0.1437000000	 -0.2417610926
0.1437200000	 -0.2679366883
0.1437400000	 -0.2533835639
0.1437600000	 -0.2497387566
0.1437800000	 -0.2556406433
0.1438000000	 -0.2463719418
0.1438200000	 -0.2413049727
0.1438400000	 -0.2469661799
0.1438600000	 -0.2625871867
0.1438800000	 -0.2426152533
0.1439000000	 -0.2284519814
0.1439200000	 -0.2516642904
0.1439400000	 -0.2409234908
0.1439600000	 -0.2386516446
0.1439800000	 -0.2665363749
0.1440000000	 -0.2630635429
0.1440200000	 -0.2486757976
0.1440400000	 -0.2394847144
0.1440600000	 -0.2296999510
0.1440800000	 -0.2321263198
0.1441000000	 -0.2474573645
0.1441200000	 -0.2582096575
0.1441400000	 -0.2509513135
0.1441600000	 -0.2520997838
0.1441800000	 -0.2439211875
0.1442000000	 -0.2082221633
0.1442200000	 -0.2154455933
0.1442400000	 -0.2517540940
0.1442600000	 -0.2519997588
0.1442800000	 -0.2417397723
0.1443000000	 -0.2361282032
0.1443200000	 -0.2365606650
0.1443400000	 -0.2515546607
0.1443600000	 -0.2551756157
0.1443800000	 -0.2487206051
0.1444000000	 -0.2547874773
0.1444200000	 -0.2638362307
0.1444400000	 -0.2552974110
0.1444600000	 -0.2365771675
0.1444800000	 -0.2341820254
0.1445000000	 -0.2386385787
0.1445200000	 -0.2378203943
0.1445400000	 -0.2460006605
0.1445600000	 -0.2485582298
0.1445800000	 -0.2374746705
0.1446000000	 -0.2388803358
0.1446200000	 -0.2512393861
0.1446400000	 -0.2513985206
0.1446600000	 -0.2453464176
0.1446800000	 -0.2483702728
0.1447000000	 -0.2465680637
0.1447200000	 -0.2357684345
0.1447400000	 -0.2381939974
0.1447600000	 -0.2521729522
0.1447800000	 -0.2507181696
0.1448000000	 -0.2356445402
0.1448200000	 -0.2483308743
0.1448400000	 -0.2756323149
0.1448600000	 -0.2657696619
0.1448800000	 -0.2495889983
0.1449000000	 -0.2545528751
0.1449200000	 -0.2531379517
0.1449400000	 -0.2482869949
0.1449600000	 -0.2427734630
0.1449800000	 -0.2390224766
0.1450000000	 -0.2472939137
0.1450200000	 -0.2508816656
0.1450400000	 -0.2499026587
0.1450600000	 -0.2468753285
0.1450800000	 -0.2335415247
0.1451000000	 -0.2363811694
0.1451200000	 -0.2520801386
0.1451400000	 -0.2422722112
0.1451600000	 -0.2352263779
0.1451800000	 -0.2530872879
0.1452000000	 -0.2574167703
0.1452200000	 -0.2534072578
0.1452400000	 -0.2558146101
0.1452600000	 -0.2573669467
0.1452800000	 -0.2599945798
0.1453000000	 -0.2501357609
0.1453200000	 -0.2509292967
0.1453400000	 -0.2590481542
0.1453600000	 -0.2389960560
0.1453800000	 -0.2427826166
0.1454000000	 -0.2648160670
0.1454200000	 -0.2578543307
0.1454400000	 -0.2491678561
0.1454600000	 -0.2414145740
0.1454800000	 -0.2431304100
0.1455000000	 -0.2441491678
0.1455200000	 -0.2326101865
0.1455400000	 -0.2524142804
0.1455600000	 -0.2656556567
0.1455800000	 -0.2483082720
0.1456000000	 -0.2356000678
0.1456200000	 -0.2201909127
0.1456400000	 -0.2224258059
0.1456600000	 -0.2315860397
0.1456800000	 -0.2257375748
0.1457000000	 -0.2365168040
0.1457200000	 -0.2491674971
0.1457400000	 -0.2474789364
0.1457600000	 -0.2416906966
0.1457800000	 -0.2283997833
0.1458000000	 -0.2148424468
0.1458200000	 -0.2203332747
0.1458400000	 -0.2374885744
0.1458600000	 -0.2262666732
0.1458800000	 -0.2124184586
0.1459000000	 -0.2290705231
0.1459200000	 -0.2338456013
0.1459400000	 -0.2210990149
0.1459600000	 -0.2057186651
0.1459800000	 -0.1986049614
0.1460000000	 -0.2184747047
0.1460200000	 -0.2350695545
0.1460400000	 -0.2182186566
0.1460600000	 -0.1938900264
0.1460800000	 -0.2056729059
0.1461000000	 -0.2211578601
0.1461200000	 -0.2083298725
0.1461400000	 -0.2148190714
0.1461600000	 -0.2180944053
0.1461800000	 -0.1994035715
0.1462000000	 -0.1966818975
0.1462200000	 -0.1955773526
0.1462400000	 -0.2032120267
0.1462600000	 -0.2150420483
0.1462800000	 -0.2083002022
0.1463000000	 -0.1943899861
0.1463200000	 -0.1863845977
0.1463400000	 -0.1998950805
0.1463600000	 -0.1947119438
0.1463800000	 -0.1809143877
0.1464000000	 -0.1853276902
0.1464200000	 -0.1554993636
0.1464400000	 -0.1607385135
0.1464600000	 -0.1917203424
0.1464800000	 -0.1575424096
0.1465000000	 -0.1554685885
0.1465200000	 -0.1766933495
0.1465400000	 -0.1598692073
0.1465600000	 -0.1538287971
0.1465800000	 -0.1414086400
0.1466000000	 -0.1360213049
0.1466200000	 -0.1512849602
0.1466400000	 -0.1630619095
0.1466600000	 -0.1712827448
0.1466800000	 -0.1586248256
0.1467000000	 -0.1510582162
0.1467200000	 -0.1445608937
0.1467400000	 -0.1392125404
0.1467600000	 -0.1649940052
0.1467800000	 -0.1592819140
0.1468000000	 -0.1436670770
0.1468200000	 -0.1524332633
0.1468400000	 -0.1407280651
0.1468600000	 -0.1546478101
0.1468800000	 -0.1656020242
0.1469000000	 -0.1359024071
0.1469200000	 -0.1387641316
0.1469400000	 -0.1395920802
0.1469600000	 -0.1184613447
0.1469800000	 -0.1271450191
0.1470000000	 -0.1355747566
0.1470200000	 -0.1272057647
0.1470400000	 -0.1208869542
0.1470600000	 -0.1282604577
0.1470800000	 -0.1503380709
0.1471000000	 -0.1450404933
0.1471200000	 -0.1183918380
0.1471400000	 -0.1150703600
0.1471600000	 -0.1125518339
0.1471800000	 -0.1135032412
0.1472000000	 -0.1339601578
0.1472200000	 -0.1236236029
0.1472400000	 -0.1024820727
0.1472600000	 -0.1101790435
0.1472800000	 -0.1107692977
0.1473000000	 -0.1140989033
0.1473200000	 -0.1173586195
0.1473400000	 -0.1056921475
0.1473600000	 -0.1141122179
0.1473800000	 -0.1078966227
0.1474000000	 -0.0831596412
0.1474200000	 -0.0893386022
0.1474400000	 -0.0985114529
0.1474600000	 -0.1100970702
0.1474800000	 -0.1140128433
0.1475000000	 -0.0763231397
0.1475200000	 -0.0622776789
0.1475400000	 -0.0882691875
0.1475600000	 -0.0886802603
0.1475800000	 -0.0673028889
0.1476000000	 -0.0565968271
0.1476200000	 -0.0547729726
0.1476400000	 -0.0544601616
0.1476600000	 -0.0560563234
0.1476800000	 -0.0555048522
0.1477000000	 -0.0548963556
0.1477200000	 -0.0546828784
0.1477400000	 -0.0488044898
0.1477600000	 -0.0486251687
0.1477800000	 -0.0454628754
0.1478000000	 -0.0301135025
0.1478200000	 -0.0200067438
0.1478400000	 -0.0157153027
0.1478600000	 -0.0120956935
0.1478800000	 0.0034635953
0.1479000000	 -0.0019146317
0.1479200000	 -0.0396195638
0.1479400000	 -0.0144852692
0.1479600000	 0.0280798200
0.1479800000	 0.0139008728
0.1480000000	 0.0262772178
0.1480200000	 0.0380814547
0.1480400000	 0.0197823775
0.1480600000	 0.0195098661
0.1480800000	 0.0085258498
0.1481000000	 0.0085626922
0.1481200000	 0.0286869113
0.1481400000	 0.0397594103
0.1481600000	 0.0453277119
0.1481800000	 0.0267874914
0.1482000000	 0.0215294502
0.1482200000	 0.0216719117
0.1482400000	 0.0044363832
0.1482600000	 0.0306817308
0.1482800000	 0.0443073971
0.1483000000	 0.0227730870
0.1483200000	 0.0387203766
0.1483400000	 0.0616797913
0.1483600000	 0.0562869031
0.1483800000	 0.0348827731
0.1484000000	 0.0444595749
0.1484200000	 0.0659319666
0.1484400000	 0.0331504492
0.1484600000	 0.0194390634
0.1484800000	 0.0417124731
0.1485000000	 0.0491322909
0.1485200000	 0.0647417783
0.1485400000	 0.0682463739
0.1485600000	 0.0676407094
0.1485800000	 0.0687442481
0.1486000000	 0.0566507960
0.1486200000	 0.0751944517
0.1486400000	 0.0860940493
0.1486600000	 0.0789643274
0.1486800000	 0.0951003756
0.1487000000	 0.0812321634
0.1487200000	 0.0682936833
0.1487400000	 0.1034727452
0.1487600000	 0.1082984896
0.1487800000	 0.0882491039
0.1488000000	 0.1019477718
0.1488200000	 0.1087986748
0.1488400000	 0.1020211807
0.1488600000	 0.1177994709
0.1488800000	 0.1172492952
0.1489000000	 0.1006535703
0.1489200000	 0.1199413467
0.1489400000	 0.1519899135
0.1489600000	 0.1555581649
0.1489800000	 0.1403305536
0.1490000000	 0.1427012226
0.1490200000	 0.1518335032
0.1490400000	 0.1488608924
0.1490600000	 0.1565548911
0.1490800000	 0.1447591271
0.1491000000	 0.1285244744
0.1491200000	 0.1477202491
0.1491400000	 0.1547179542
0.1491600000	 0.1662018301
0.1491800000	 0.1770126271
0.1492000000	 0.1623071628
0.1492200000	 0.1748389936
0.1492400000	 0.1733610275
0.1492600000	 0.1579158812
0.1492800000	 0.1728825822
0.1493000000	 0.1660998168
0.1493200000	 0.1685994580
0.1493400000	 0.1948820948
0.1493600000	 0.1969307126
0.1493800000	 0.1944315723
0.1494000000	 0.1845475849
0.1494200000	 0.1751546054
0.1494400000	 0.1812808433
0.1494600000	 0.1878086568
0.1494800000	 0.2066881735
0.1495000000	 0.2184223489
0.1495200000	 0.2095577395
0.1495400000	 0.2087469267
0.1495600000	 0.2166621595
0.1495800000	 0.2194881984
0.1496000000	 0.2105277477
0.1496200000	 0.2087310475
0.1496400000	 0.2331220359
0.1496600000	 0.2502507334
0.1496800000	 0.2444630068
0.1497000000	 0.2486718371
0.1497200000	 0.2465301336
0.1497400000	 0.2216347859
0.1497600000	 0.2256144058
0.1497800000	 0.2415566518
0.1498000000	 0.2390956344
0.1498200000	 0.2548600087
0.1498400000	 0.2582241234
0.1498600000	 0.2493058594
0.1498800000	 0.2633201100
0.1499000000	 0.2485767814
0.1499200000	 0.2302599728
0.1499400000	 0.2560166502
0.1499600000	 0.2689671706
0.1499800000	 0.2561675700
0.1500000000	 0.2548333199
0.1500200000	 0.2741534948
0.1500400000	 0.2962852741
0.1500600000	 0.2975476011
0.1500800000	 0.2831147354
0.1501000000	 0.2765654459
0.1501200000	 0.2889672550
0.1501400000	 0.2977913110
0.1501600000	 0.2923772089
0.1501800000	 0.2967127973
0.1502000000	 0.3021867658
0.1502200000	 0.2958888920
0.1502400000	 0.3017322945
0.1502600000	 0.3197004423
0.1502800000	 0.3191321792
0.1503000000	 0.3056442775
0.1503200000	 0.3097532268
0.1503400000	 0.3200070601
0.1503600000	 0.3196976696
0.1503800000	 0.3200235091
0.1504000000	 0.3256652979
0.1504200000	 0.3318375267
0.1504400000	 0.3195274008
0.1504600000	 0.3005537026
0.1504800000	 0.3181189359
0.1505000000	 0.3460210408
0.1505200000	 0.3429428311
0.1505400000	 0.3315239151
0.1505600000	 0.3333501393
0.1505800000	 0.3460698345
0.1506000000	 0.3490658085
0.1506200000	 0.3303630175
0.1506400000	 0.3329773285
0.1506600000	 0.3574100964
0.1506800000	 0.3437109938
0.1507000000	 0.3214911048
0.1507200000	 0.3352257856
0.1507400000	 0.3421473534
0.1507600000	 0.3353644862
0.1507800000	 0.3421951044
0.1508000000	 0.3538378815
0.1508200000	 0.3560665502
0.1508400000	 0.3452544261
0.1508600000	 0.3425574863
0.1508800000	 0.3553691111
0.1509000000	 0.3644856731
0.1509200000	 0.3725506965
0.1509400000	 0.3756016905
0.1509600000	 0.3773852706
0.1509800000	 0.3878971079
0.1510000000	 0.3826276556
0.1510200000	 0.3795470220
0.1510400000	 0.3920262062
0.1510600000	 0.3737101007
0.1510800000	 0.3628803438
0.1511000000	 0.3935664987
0.1511200000	 0.3875748313
0.1511400000	 0.3558169921
0.1511600000	 0.3650336904
0.1511800000	 0.3818679040
0.1512000000	 0.3763235327
0.1512200000	 0.3708997399
0.1512400000	 0.3836450145
0.1512600000	 0.3921180528
0.1512800000	 0.3795235501
0.1513000000	 0.3767369514
0.1513200000	 0.3783125887
0.1513400000	 0.3754558566
0.1513600000	 0.3737435374
0.1513800000	 0.3636605800
0.1514000000	 0.3712932925
0.1514200000	 0.3739108882
0.1514400000	 0.3636676674
0.1514600000	 0.3703025154
0.1514800000	 0.3520843333
0.1515000000	 0.3540323658
0.1515200000	 0.3837092396
0.1515400000	 0.3611559972
0.1515600000	 0.3520943696
0.1515800000	 0.3734788241
0.1516000000	 0.3784243130
0.1516200000	 0.3659415953
0.1516400000	 0.3373940981
0.1516600000	 0.3509800088
0.1516800000	 0.3658782387
0.1517000000	 0.3454561733
0.1517200000	 0.3563374846
0.1517400000	 0.3641839863
0.1517600000	 0.3630391248
0.1517800000	 0.3612818612
0.1518000000	 0.3498701101
0.1518200000	 0.3653073169
0.1518400000	 0.3585110527
0.1518600000	 0.3399189137
0.1518800000	 0.3392894470
0.1519000000	 0.3201342231
0.1519200000	 0.3341927326
0.1519400000	 0.3605739102
0.1519600000	 0.3381974589
0.1519800000	 0.3107430084
0.1520000000	 0.3200232223
0.1520200000	 0.3522366340
0.1520400000	 0.3542311598
0.1520600000	 0.3401372974
0.1520800000	 0.3365858356
0.1521000000	 0.3339419167
0.1521200000	 0.3360309867
0.1521400000	 0.3215194663
0.1521600000	 0.3266216418
0.1521800000	 0.3420083803
0.1522000000	 0.3264107151
0.1522200000	 0.3308475613
0.1522400000	 0.3225340607
0.1522600000	 0.3100825376
0.1522800000	 0.3280193548
0.1523000000	 0.3284395460
0.1523200000	 0.3321603268
0.1523400000	 0.3133835407
0.1523600000	 0.3033896636
0.1523800000	 0.3361616803
0.1524000000	 0.3216131578
0.1524200000	 0.3194475939
0.1524400000	 0.3323161897
0.1524600000	 0.3208280498
0.1524800000	 0.3355334529
0.1525000000	 0.3105827394
0.1525200000	 0.2873019805
0.1525400000	 0.3010038988
0.1525600000	 0.2961498263
0.1525800000	 0.3107491613
0.1526000000	 0.3004374965
0.1526200000	 0.2873540254
0.1526400000	 0.2950960912
0.1526600000	 0.2704065347
0.1526800000	 0.2862542579
0.1527000000	 0.2913081477
0.1527200000	 0.2690677406
0.1527400000	 0.2975883439
0.1527600000	 0.2930362331
0.1527800000	 0.2783370525
0.1528000000	 0.2794444672
0.1528200000	 0.2596021146
0.1528400000	 0.2745994081
0.1528600000	 0.2807352796
0.1528800000	 0.2631981801
0.1529000000	 0.2674070000
0.1529200000	 0.2651495426
0.1529400000	 0.2663600627
0.1529600000	 0.2705615770
0.1529800000	 0.2654293102
0.1530000000	 0.2699464444
0.1530200000	 0.2752942994
0.1530400000	 0.2671205297
0.1530600000	 0.2635593546
0.1530800000	 0.2802069862
0.1531000000	 0.2811956082
0.1531200000	 0.2674888962
0.1531400000	 0.2696059136
0.1531600000	 0.2746124319
0.1531800000	 0.2798653909
0.1532000000	 0.2661484589
0.1532200000	 0.2456099074
0.1532400000	 0.2518852639
0.1532600000	 0.2586710842
0.1532800000	 0.2670953218
0.1533000000	 0.2669295248
0.1533200000	 0.2530940604
0.1533400000	 0.2539717430
0.1533600000	 0.2462238493
0.1533800000	 0.2417333222
0.1534000000	 0.2447915438
0.1534200000	 0.2276178846
0.1534400000	 0.2181565469
0.1534600000	 0.2225922224
0.1534800000	 0.2348741135
0.1535000000	 0.2354345883
0.1535200000	 0.2068840496
0.1535400000	 0.1996095848
0.1535600000	 0.2223487351
0.1535800000	 0.2296523137
0.1536000000	 0.2091920455
0.1536200000	 0.1982586720
0.1536400000	 0.1993968922
0.1536600000	 0.1692716313
0.1536800000	 0.1563320614
0.1537000000	 0.1781519261
0.1537200000	 0.1813356352
0.1537400000	 0.1894858753
0.1537600000	 0.1952759611
0.1537800000	 0.1816487129
0.1538000000	 0.1781167487
0.1538200000	 0.1835244868
0.1538400000	 0.1945251009
0.1538600000	 0.1842591686
0.1538800000	 0.1598062579
0.1539000000	 0.1662373452
0.1539200000	 0.1810513536
0.1539400000	 0.1869759548
0.1539600000	 0.1737893915
0.1539800000	 0.1537668627
0.1540000000	 0.1728632186
0.1540200000	 0.1841874451
0.1540400000	 0.1643705370
0.1540600000	 0.1610422825
0.1540800000	 0.1516727720
0.1541000000	 0.1285157543
0.1541200000	 0.1296194127
0.1541400000	 0.1506171509
0.1541600000	 0.1670916514
0.1541800000	 0.1627505820
0.1542000000	 0.1411082692
0.1542200000	 0.1204986123
0.1542400000	 0.1125295739
0.1542600000	 0.1196852447
0.1542800000	 0.1342855457
0.1543000000	 0.1495782985
0.1543200000	 0.1514834866
0.1543400000	 0.1280836495
0.1543600000	 0.1049017805
0.1543800000	 0.1054317547
0.1544000000	 0.1204828847
0.1544200000	 0.1259446388
0.1544400000	 0.1111859753
0.1544600000	 0.1034848809
0.1544800000	 0.1002939403
0.1545000000	 0.0836234246
0.1545200000	 0.0852900413
0.1545400000	 0.0919264892
0.1545600000	 0.0768002228
0.1545800000	 0.0687981115
0.1546000000	 0.0657918679
0.1546200000	 0.0622105713
0.1546400000	 0.0688676214
0.1546600000	 0.0773182498
0.1546800000	 0.0777122366
0.1547000000	 0.0606780725
0.1547200000	 0.0541554500
0.1547400000	 0.0703108100
0.1547600000	 0.0664388173
0.1547800000	 0.0535029774
0.1548000000	 0.0649311145
0.1548200000	 0.0688422648
0.1548400000	 0.0405019686
0.1548600000	 0.0303912388
0.1548800000	 0.0482164212
0.1549000000	 0.0424351397
0.1549200000	 0.0411428734
0.1549400000	 0.0442028277
0.1549600000	 0.0247964199
0.1549800000	 0.0387523524
0.1550000000	 0.0523591566
0.1550200000	 0.0318623603
0.1550400000	 0.0287585754
0.1550600000	 0.0313831576
0.1550800000	 0.0380286828
0.1551000000	 0.0407082179
0.1551200000	 0.0371644546
0.1551400000	 0.0477947075
0.1551600000	 0.0256532068
0.1551800000	 0.0157955374
0.1552000000	 0.0407795688
0.1552200000	 0.0194723504
0.1552400000	 0.0118792705
0.1552600000	 0.0259186622
0.1552800000	 0.0000546668
0.1553000000	 0.0003050647
0.1553200000	 0.0188955714
0.1553400000	 0.0072472576
0.1553600000	 0.0020146944
0.1553800000	 0.0099175623
0.1554000000	 0.0052494585
0.1554200000	 -0.0152538136
0.1554400000	 -0.0238149522
0.1554600000	 -0.0180769607
0.1554800000	 -0.0257225433
0.1555000000	 -0.0264774476
0.1555200000	 -0.0069194381
0.1555400000	 0.0044348785
0.1555600000	 0.0003154129
0.1555800000	 -0.0127208809
0.1556000000	 -0.0262909278
0.1556200000	 -0.0253540479
0.1556400000	 -0.0188635178
0.1556600000	 -0.0204900263
0.1556800000	 -0.0222821068
0.1557000000	 -0.0235037261
0.1557200000	 -0.0208954232
0.1557400000	 -0.0225569549
0.1557600000	 -0.0408752529
0.1557800000	 -0.0461089087
0.1558000000	 -0.0459531745
0.1558200000	 -0.0505762530
0.1558400000	 -0.0319522806
0.1558600000	 -0.0327572053
0.1558800000	 -0.0457160254
0.1559000000	 -0.0298499062
0.1559200000	 -0.0421280524
0.1559400000	 -0.0569768378
0.1559600000	 -0.0389793402
0.1559800000	 -0.0438568281
0.1560000000	 -0.0538420685
0.1560200000	 -0.0645050194
0.1560400000	 -0.0781128602
0.1560600000	 -0.0565717182
0.1560800000	 -0.0592732071
0.1561000000	 -0.0808317589
0.1561200000	 -0.0543189246
0.1561400000	 -0.0433319924
0.1561600000	 -0.0572825788
0.1561800000	 -0.0669728742
0.1562000000	 -0.0922121859
0.1562200000	 -0.0733781752
0.1562400000	 -0.0427220844
0.1562600000	 -0.0720808417
0.1562800000	 -0.0734033776
0.1563000000	 -0.0517047373
0.1563200000	 -0.0609023126
0.1563400000	 -0.0503015923
0.1563600000	 -0.0445475063
0.1563800000	 -0.0617757982
0.1564000000	 -0.0656496619
0.1564200000	 -0.0724818814
0.1564400000	 -0.0755058728
0.1564600000	 -0.0731816360
0.1564800000	 -0.0862744178
0.1565000000	 -0.0882574858
0.1565200000	 -0.0803756142
0.1565400000	 -0.0878223759
0.1565600000	 -0.0817786460
0.1565800000	 -0.0671194870
0.1566000000	 -0.0848959159
0.1566200000	 -0.0977461772
0.1566400000	 -0.0901080232
0.1566600000	 -0.0881874326
0.1566800000	 -0.0779742164
0.1567000000	 -0.0868974225
0.1567200000	 -0.0985641299
0.1567400000	 -0.0812984441
0.1567600000	 -0.0958841581
0.1567800000	 -0.1090770087
0.1568000000	 -0.0910963916
0.1568200000	 -0.0913969919
0.1568400000	 -0.0923728827
0.1568600000	 -0.1002851135
0.1568800000	 -0.1110935453
0.1569000000	 -0.1108804264
0.1569200000	 -0.1228584301
0.1569400000	 -0.1224472014
0.1569600000	 -0.1161394968
0.1569800000	 -0.1110072862
0.1570000000	 -0.1104705078
0.1570200000	 -0.1230396790
0.1570400000	 -0.1086098037
0.1570600000	 -0.1161849441
0.1570800000	 -0.1338068451
0.1571000000	 -0.1159947124
0.1571200000	 -0.1459992599
0.1571400000	 -0.1537298551
0.1571600000	 -0.1204610778
0.1571800000	 -0.1574483088
0.1572000000	 -0.1705536546
0.1572200000	 -0.1311379864
0.1572400000	 -0.1245715200
0.1572600000	 -0.1385461804
0.1572800000	 -0.1480744312
0.1573000000	 -0.1371718705
0.1573200000	 -0.1407484633
0.1573400000	 -0.1678105007
0.1573600000	 -0.1679148709
0.1573800000	 -0.1571975966
0.1574000000	 -0.1545399775
0.1574200000	 -0.1583664275
0.1574400000	 -0.1657024314
0.1574600000	 -0.1683413646
0.1574800000	 -0.1742566494
0.1575000000	 -0.1765072465
0.1575200000	 -0.1780428422
0.1575400000	 -0.1782824546
0.1575600000	 -0.1705554669
0.1575800000	 -0.1781029613
0.1576000000	 -0.1987698011
0.1576200000	 -0.1949530371
0.1576400000	 -0.1664611356
0.1576600000	 -0.1673962870
0.1576800000	 -0.1823905934
0.1577000000	 -0.1769557562
0.1577200000	 -0.1934407708
0.1577400000	 -0.1944943860
0.1577600000	 -0.1690880139
0.1577800000	 -0.1726133580
0.1578000000	 -0.1617573021
0.1578200000	 -0.1475688903
0.1578400000	 -0.1581799915
0.1578600000	 -0.1634745712
0.1578800000	 -0.1725960857
0.1579000000	 -0.1721823993
0.1579200000	 -0.1719736971
0.1579400000	 -0.1785344297
0.1579600000	 -0.1754701010
0.1579800000	 -0.1789131060
0.1580000000	 -0.1639326310
0.1580200000	 -0.1617923100
0.1580400000	 -0.1876589311
0.1580600000	 -0.1804628032
0.1580800000	 -0.1747007632
0.1581000000	 -0.1721677582
0.1581200000	 -0.1736498061
0.1581400000	 -0.2101334735
0.1581600000	 -0.2023958855
0.1581800000	 -0.1818370681
0.1582000000	 -0.2045087491
0.1582200000	 -0.1850940795
0.1582400000	 -0.1701259408
0.1582600000	 -0.2130122789
0.1582800000	 -0.2064220628
0.1583000000	 -0.1662111755
0.1583200000	 -0.1816456407
0.1583400000	 -0.2009727688
0.1583600000	 -0.1981362445
0.1583800000	 -0.2074896820
0.1584000000	 -0.2040670973
0.1584200000	 -0.1873555555
0.1584400000	 -0.1906927717
0.1584600000	 -0.2157006910
0.1584800000	 -0.2274234662
0.1585000000	 -0.2139770476
0.1585200000	 -0.2103679147
0.1585400000	 -0.1958992802
0.1585600000	 -0.1870224456
0.1585800000	 -0.2191208750
0.1586000000	 -0.2168887863
0.1586200000	 -0.1993820754
0.1586400000	 -0.2095146725
0.1586600000	 -0.2087106648
0.1586800000	 -0.2225620843
0.1587000000	 -0.2260458291
0.1587200000	 -0.2084359955
0.1587400000	 -0.2187165758
0.1587600000	 -0.2197525697
0.1587800000	 -0.2211413857
0.1588000000	 -0.2462035959
0.1588200000	 -0.2491134813
0.1588400000	 -0.2286594634
0.1588600000	 -0.2107205529
0.1588800000	 -0.2128136704
0.1589000000	 -0.2224625060
0.1589200000	 -0.2174915001
0.1589400000	 -0.2164309982
0.1589600000	 -0.2272310668
0.1589800000	 -0.2246508972
0.1590000000	 -0.2113837632
0.1590200000	 -0.2225611362
0.1590400000	 -0.2307547013
0.1590600000	 -0.2071857710
0.1590800000	 -0.1996504703
0.1591000000	 -0.2184643616
0.1591200000	 -0.2325604659
0.1591400000	 -0.2196832477
0.1591600000	 -0.2077842046
0.1591800000	 -0.2373749707
0.1592000000	 -0.2557999978
0.1592200000	 -0.2411995908
0.1592400000	 -0.2230956929
0.1592600000	 -0.2142072030
0.1592800000	 -0.2204718024
0.1593000000	 -0.2108181006
0.1593200000	 -0.2169945149
0.1593400000	 -0.2335920749
0.1593600000	 -0.2098911389
0.1593800000	 -0.2199470594
0.1594000000	 -0.2292460553
0.1594200000	 -0.1910467458
0.1594400000	 -0.2016006229
0.1594600000	 -0.2263873440
0.1594800000	 -0.2183622480
0.1595000000	 -0.2217753919
0.1595200000	 -0.2424715351
0.1595400000	 -0.2584110040
0.1595600000	 -0.2464947557
0.1595800000	 -0.2370560093
0.1596000000	 -0.2372928384
0.1596200000	 -0.2310922497
0.1596400000	 -0.2408765400
0.1596600000	 -0.2405872382
0.1596800000	 -0.2307322248
0.1597000000	 -0.2344068846
0.1597200000	 -0.2377021757
0.1597400000	 -0.2418018667
0.1597600000	 -0.2305191667
0.1597800000	 -0.2262798633
0.1598000000	 -0.2519353001
0.1598200000	 -0.2617566940
0.1598400000	 -0.2584741265
0.1598600000	 -0.2605047700
0.1598800000	 -0.2551449188
0.1599000000	 -0.2511921178
0.1599200000	 -0.2584793711
0.1599400000	 -0.2670017411
0.1599600000	 -0.2665635385
0.1599800000	 -0.2590495859
0.1600000000	 -0.2442572659
0.1600200000	 -0.2391528126
0.1600400000	 -0.2517104822
0.1600600000	 -0.2556542514
0.1600800000	 -0.2547375816
0.1601000000	 -0.2541346342
0.1601200000	 -0.2450845086
0.1601400000	 -0.2439239177
0.1601600000	 -0.2551345521
0.1601800000	 -0.2595116714
0.1602000000	 -0.2472918947
0.1602200000	 -0.2333196776
0.1602400000	 -0.2247942830
0.1602600000	 -0.2230830968
0.1602800000	 -0.2273509183
0.1603000000	 -0.2302494443
0.1603200000	 -0.2463131456
0.1603400000	 -0.2516510219
0.1603600000	 -0.2329997738
0.1603800000	 -0.2177331398
0.1604000000	 -0.2060696686
0.1604200000	 -0.2235904024
0.1604400000	 -0.2264248314
0.1604600000	 -0.2045020304
0.1604800000	 -0.2381402404
0.1605000000	 -0.2398487689
0.1605200000	 -0.2154785001
0.1605400000	 -0.2498867523
0.1605600000	 -0.2467465989
0.1605800000	 -0.2231164634
0.1606000000	 -0.2275679193
0.1606200000	 -0.2383782430
0.1606400000	 -0.2494086495
0.1606600000	 -0.2161226893
0.1606800000	 -0.2167559437
0.1607000000	 -0.2660155615
0.1607200000	 -0.2546687021
0.1607400000	 -0.2226192759
0.1607600000	 -0.2178228864
0.1607800000	 -0.2375127966
0.1608000000	 -0.2530634716
0.1608200000	 -0.2384747216
0.1608400000	 -0.2281414965
0.1608600000	 -0.2265742013
0.1608800000	 -0.2466161300
0.1609000000	 -0.2604593320
0.1609200000	 -0.2452697767
0.1609400000	 -0.2460055395
0.1609600000	 -0.2415360879
0.1609800000	 -0.2465047609
0.1610000000	 -0.2547317567
0.1610200000	 -0.2454831210
0.1610400000	 -0.2691851371
0.1610600000	 -0.2613632689
0.1610800000	 -0.2271673987
0.1611000000	 -0.2388622251
0.1611200000	 -0.2501965105
0.1611400000	 -0.2560543936
0.1611600000	 -0.2512747758
0.1611800000	 -0.2450588560
0.1612000000	 -0.2506759724
0.1612200000	 -0.2415122990
0.1612400000	 -0.2473710142
0.1612600000	 -0.2383267114
0.1612800000	 -0.2214821386
0.1613000000	 -0.2515281716
0.1613200000	 -0.2654716764
0.1613400000	 -0.2476169785
0.1613600000	 -0.2347829972
0.1613800000	 -0.2339691766
0.1614000000	 -0.2286089027
0.1614200000	 -0.2193959153
0.1614400000	 -0.2279367786
0.1614600000	 -0.2202806149
0.1614800000	 -0.2298326100
0.1615000000	 -0.2451837689
0.1615200000	 -0.2168639267
0.1615400000	 -0.2379139720
0.1615600000	 -0.2598097517
0.1615800000	 -0.2360222104
0.1616000000	 -0.2427842759
0.1616200000	 -0.2396856381
0.1616400000	 -0.2404824093
0.1616600000	 -0.2385094466
0.1616800000	 -0.2106577698
0.1617000000	 -0.2220101095
0.1617200000	 -0.2292784746
0.1617400000	 -0.2284498343
0.1617600000	 -0.2392091501
0.1617800000	 -0.2266764113
0.1618000000	 -0.2273863282
0.1618200000	 -0.2358266065
0.1618400000	 -0.2328151191
0.1618600000	 -0.2195984498
0.1618800000	 -0.2131120295
0.1619000000	 -0.2355549689
0.1619200000	 -0.2383155426
0.1619400000	 -0.2361559420
0.1619600000	 -0.2372865973
0.1619800000	 -0.2198073787
0.1620000000	 -0.2247514747
0.1620200000	 -0.2239778207
0.1620400000	 -0.2166122662
0.1620600000	 -0.2225506362
0.1620800000	 -0.2239814666
0.1621000000	 -0.2444062853
0.1621200000	 -0.2509883814
0.1621400000	 -0.2417525574
0.1621600000	 -0.2440790619
0.1621800000	 -0.2501117879
0.1622000000	 -0.2779973549
0.1622200000	 -0.2772219580
0.1622400000	 -0.2520234969
0.1622600000	 -0.2484965207
0.1622800000	 -0.2385689704
0.1623000000	 -0.2532590410
0.1623200000	 -0.2670090453
0.1623400000	 -0.2445087053
0.1623600000	 -0.2417828101
0.1623800000	 -0.2493091348
0.1624000000	 -0.2565162301
0.1624200000	 -0.2563237612
0.1624400000	 -0.2373909582
0.1624600000	 -0.2353415803
0.1624800000	 -0.2451351252
0.1625000000	 -0.2527486981
0.1625200000	 -0.2476680053
0.1625400000	 -0.2299124099
0.1625600000	 -0.2210529632
0.1625800000	 -0.2057008637
0.1626000000	 -0.1968775305
0.1626200000	 -0.2090541641
0.1626400000	 -0.2205157598
0.1626600000	 -0.2303252280
0.1626800000	 -0.2312404104
0.1627000000	 -0.2291313844
0.1627200000	 -0.2312368734
0.1627400000	 -0.2284892549
0.1627600000	 -0.2251394945
0.1627800000	 -0.2229809569
0.1628000000	 -0.2339134754
0.1628200000	 -0.2323443196
0.1628400000	 -0.2100146413
0.1628600000	 -0.2283812944
0.1628800000	 -0.2418560929
0.1629000000	 -0.2181570420
0.1629200000	 -0.2313159251
0.1629400000	 -0.2341819931
0.1629600000	 -0.2120028328
0.1629800000	 -0.2316141985
0.1630000000	 -0.2285694423
0.1630200000	 -0.2007315129
0.1630400000	 -0.2084749989
0.1630600000	 -0.2118325341
0.1630800000	 -0.2046062901
0.1631000000	 -0.1997918461
0.1631200000	 -0.2120888706
0.1631400000	 -0.2248973502
0.1631600000	 -0.1809418665
0.1631800000	 -0.1722833307
0.1632000000	 -0.2156306418
0.1632200000	 -0.1949334351
0.1632400000	 -0.1711319872
0.1632600000	 -0.1810794002
0.1632800000	 -0.1736776108
0.1633000000	 -0.1652650165
0.1633200000	 -0.1592429771
0.1633400000	 -0.1579186251
0.1633600000	 -0.1467210505
0.1633800000	 -0.1372850643
0.1634000000	 -0.1467008307
0.1634200000	 -0.1301023116
0.1634400000	 -0.1274010124
0.1634600000	 -0.1428476438
0.1634800000	 -0.1416538729
0.1635000000	 -0.1644405716
0.1635200000	 -0.1565818368
0.1635400000	 -0.1369434211
0.1635600000	 -0.1709497019
0.1635800000	 -0.1643121965
0.1636000000	 -0.1380006092
0.1636200000	 -0.1428690718
0.1636400000	 -0.1244636932
0.1636600000	 -0.1274032490
0.1636800000	 -0.1451810480
0.1637000000	 -0.1096794740
0.1637200000	 -0.0926980861
0.1637400000	 -0.1252357757
0.1637600000	 -0.1242072042
0.1637800000	 -0.1002117847
0.1638000000	 -0.1023013220
0.1638200000	 -0.1079362395
0.1638400000	 -0.1183387537
0.1638600000	 -0.1186343865
0.1638800000	 -0.0934688382
0.1639000000	 -0.1007545048
0.1639200000	 -0.1082137609
0.1639400000	 -0.0752099856
0.1639600000	 -0.0734930647
0.1639800000	 -0.0918727937
0.1640000000	 -0.0952075839
0.1640200000	 -0.1007025726
0.1640400000	 -0.0828739125
0.1640600000	 -0.0634872506
0.1640800000	 -0.0695605504
0.1641000000	 -0.0788468416
0.1641200000	 -0.1002965972
0.1641400000	 -0.0964255883
0.1641600000	 -0.0679653390
0.1641800000	 -0.0826646104
0.1642000000	 -0.0836025649
0.1642200000	 -0.0535994679
0.1642400000	 -0.0635753807
0.1642600000	 -0.0725624317
0.1642800000	 -0.0496893537
0.1643000000	 -0.0361679828
0.1643200000	 -0.0521604778
0.1643400000	 -0.0756431563
0.1643600000	 -0.0733675419
0.1643800000	 -0.0600182663
0.1644000000	 -0.0384803602
0.1644200000	 -0.0287289271
0.1644400000	 -0.0549012291
0.1644600000	 -0.0572041317
0.1644800000	 -0.0474226572
0.1645000000	 -0.0541935523
0.1645200000	 -0.0390747283
0.1645400000	 -0.0213375576
0.1645600000	 -0.0142368219
0.1645800000	 -0.0241129171
0.1646000000	 -0.0352356515
0.1646200000	 -0.0167185512
0.1646400000	 -0.0129649024
0.1646600000	 -0.0168908727
0.1646800000	 -0.0214013673
0.1647000000	 -0.0327085269
0.1647200000	 -0.0097914557
0.1647400000	 -0.0085875563
0.1647600000	 -0.0211489262
0.1647800000	 0.0070195515
0.1648000000	 0.0076237485
0.1648200000	 -0.0051353185
0.1648400000	 0.0084791575
0.1648600000	 0.0099178551
0.1648800000	 -0.0011810150
0.1649000000	 0.0056997684
0.1649200000	 0.0240262196
0.1649400000	 0.0082730679
0.1649600000	 0.0027730519
0.1649800000	 0.0310348643
0.1650000000	 0.0237128313
0.1650200000	 0.0276884859
0.1650400000	 0.0492192417
0.1650600000	 0.0423989622
0.1650800000	 0.0594922226
0.1651000000	 0.0618832463
0.1651200000	 0.0320378406
0.1651400000	 0.0329985280
0.1651600000	 0.0352621728
0.1651800000	 0.0456459431
0.1652000000	 0.0733783160
0.1652200000	 0.0602734031
0.1652400000	 0.0421962617
0.1652600000	 0.0704247521
0.1652800000	 0.1039826400
0.1653000000	 0.1019219066
0.1653200000	 0.0736597800
0.1653400000	 0.0699283140
0.1653600000	 0.1041469112
0.1653800000	 0.1196347408
0.1654000000	 0.0982574044
0.1654200000	 0.0763347918
0.1654400000	 0.0854536379
0.1654600000	 0.1084923065
0.1654800000	 0.1108224104
0.1655000000	 0.1251032398
0.1655200000	 0.1321534124
0.1655400000	 0.1021989838
0.1655600000	 0.1064457556
0.1655800000	 0.1200132984
0.1656000000	 0.1237865121
0.1656200000	 0.1439441610
0.1656400000	 0.1211956232
0.1656600000	 0.1222921475
0.1656800000	 0.1638848890
0.1657000000	 0.1440542490
0.1657200000	 0.1304834119
0.1657400000	 0.1438776081
0.1657600000	 0.1422616331
0.1657800000	 0.1540115009
0.1658000000	 0.1628019163
0.1658200000	 0.1743764608
0.1658400000	 0.1870872575
0.1658600000	 0.1836084847
0.1658800000	 0.1790652701
0.1659000000	 0.1736937290
0.1659200000	 0.1805866369
0.1659400000	 0.1831511450
0.1659600000	 0.1791507021
0.1659800000	 0.1843513863
0.1660000000	 0.1779554553
0.1660200000	 0.1862448533
0.1660400000	 0.2053036576
0.1660600000	 0.2117912576
0.1660800000	 0.2108316406
0.1661000000	 0.2048843421
0.1661200000	 0.2348510628
0.1661400000	 0.2484323849
0.1661600000	 0.2216677067
0.1661800000	 0.2393252641
0.1662000000	 0.2456651846
0.1662200000	 0.2199021474
0.1662400000	 0.2261460635
0.1662600000	 0.2351234437
0.1662800000	 0.2354507533
0.1663000000	 0.2312601722
0.1663200000	 0.2306157589
0.1663400000	 0.2433790415
0.1663600000	 0.2463327669
0.1663800000	 0.2524703371
0.1664000000	 0.2618837794
0.1664200000	 0.2608641582
0.1664400000	 0.2591299552
0.1664600000	 0.2614804578
0.1664800000	 0.2768542943
0.1665000000	 0.2758456182
0.1665200000	 0.2532856682
0.1665400000	 0.2712797641
0.1665600000	 0.3058775239
0.1665800000	 0.2840502172
0.1666000000	 0.2639023881
0.1666200000	 0.3031839488
0.1666400000	 0.3169951228
0.1666600000	 0.2924624997
0.1666800000	 0.2926244437
0.1667000000	 0.2982704739
0.1667200000	 0.3008908778
0.1667400000	 0.2891471117
0.1667600000	 0.2712175798
0.1667800000	 0.2891366760
0.1668000000	 0.2935659000
0.1668200000	 0.2828881039
0.1668400000	 0.2979345422
0.1668600000	 0.3047378028
0.1668800000	 0.3016702532
0.1669000000	 0.2891243724
0.1669200000	 0.2784459637
0.1669400000	 0.3027254074
0.1669600000	 0.3215933329
0.1669800000	 0.3033833377
0.1670000000	 0.2773221726
0.1670200000	 0.2850044869
0.1670400000	 0.3130921892
0.1670600000	 0.3035941841
0.1670800000	 0.2799603551
0.1671000000	 0.2939876472
0.1671200000	 0.3175029516
0.1671400000	 0.3125901247
0.1671600000	 0.3119378689
0.1671800000	 0.3318753525
0.1672000000	 0.3249238106
0.1672200000	 0.3141505304
0.1672400000	 0.3249694294
0.1672600000	 0.3181603172
0.1672800000	 0.3096301912
0.1673000000	 0.3016709021
0.1673200000	 0.2929796767
0.1673400000	 0.3170677800
0.1673600000	 0.3402669865
0.1673800000	 0.3370885675
0.1674000000	 0.3259648142
0.1674200000	 0.3241650689
0.1674400000	 0.3326415792
0.1674600000	 0.3259570478
0.1674800000	 0.3198465950
0.1675000000	 0.3168747762
0.1675200000	 0.3176619665
0.1675400000	 0.3577045074
0.1675600000	 0.3699722430
0.1675800000	 0.3313579912
0.1676000000	 0.3277329283
0.1676200000	 0.3442427624
0.1676400000	 0.3505434819
0.1676600000	 0.3540099720
0.1676800000	 0.3448657769
0.1677000000	 0.3475734367
0.1677200000	 0.3649422723
0.1677400000	 0.3736797790
0.1677600000	 0.3691857115
0.1677800000	 0.3615110650
0.1678000000	 0.3651973796
0.1678200000	 0.3587047191
0.1678400000	 0.3532949213
0.1678600000	 0.3719168373
0.1678800000	 0.3759839120
0.1679000000	 0.3772441102
0.1679200000	 0.3904235907
0.1679400000	 0.3819423628
0.1679600000	 0.3726955864
0.1679800000	 0.3877452156
0.1680000000	 0.4072870774
0.1680200000	 0.3905300094
0.1680400000	 0.3526194277
0.1680600000	 0.3650539334
0.1680800000	 0.3903776919
0.1681000000	 0.3796201278
0.1681200000	 0.3781809679
0.1681400000	 0.3811907835
0.1681600000	 0.3752295968
0.1681800000	 0.3810237711
0.1682000000	 0.3847710851
0.1682200000	 0.3812796023
0.1682400000	 0.3761050632
0.1682600000	 0.3587199522
0.1682800000	 0.3512093478
0.1683000000	 0.3736720928
0.1683200000	 0.3702869188
0.1683400000	 0.3420064181
0.1683600000	 0.3619999549
0.1683800000	 0.3908269581
0.1684000000	 0.3832595112
0.1684200000	 0.3678453884
0.1684400000	 0.3624886409
0.1684600000	 0.3757182273
0.1684800000	 0.3682558756
0.1685000000	 0.3598652768
0.1685200000	 0.3837653240
0.1685400000	 0.3714392642
0.1685600000	 0.3644712334
0.1685800000	 0.3870141755
0.1686000000	 0.3766906434
0.1686200000	 0.3802349701
0.1686400000	 0.3793319722
0.1686600000	 0.3577516444
0.1686800000	 0.3701864582
0.1687000000	 0.3720459782
0.1687200000	 0.3668307832
0.1687400000	 0.3659507969
0.1687600000	 0.3455497064
0.1687800000	 0.3528695394
0.1688000000	 0.3583965116
0.1688200000	 0.3433145245
0.1688400000	 0.3557575455
0.1688600000	 0.3546032628
0.1688800000	 0.3356055336
0.1689000000	 0.3339633717
0.1689200000	 0.3319671920
0.1689400000	 0.3412027307
0.1689600000	 0.3420323052
0.1689800000	 0.3201485619
0.1690000000	 0.3376696082
0.1690200000	 0.3555415494
0.1690400000	 0.3304476209
0.1690600000	 0.3291968295
0.1690800000	 0.3300525699
0.1691000000	 0.3195907626
0.1691200000	 0.3347133017
0.1691400000	 0.3255061443
0.1691600000	 0.3101058411
0.1691800000	 0.3278618487
0.1692000000	 0.3358893620
0.1692200000	 0.3248181673
0.1692400000	 0.3048737898
0.1692600000	 0.3002607567
0.1692800000	 0.3031595772
0.1693000000	 0.2916491045
0.1693200000	 0.2952452850
0.1693400000	 0.2938202083
0.1693600000	 0.2911239596
0.1693800000	 0.2951114155
0.1694000000	 0.2661962442
0.1694200000	 0.2544799975
0.1694400000	 0.2637750707
0.1694600000	 0.2682718918
0.1694800000	 0.2913166461
0.1695000000	 0.2755340910
0.1695200000	 0.2433675665
0.1695400000	 0.2484479445
0.1695600000	 0.2429809554
0.1695800000	 0.2544360583
0.1696000000	 0.2791286037
0.1696200000	 0.2610570564
0.1696400000	 0.2493125393
0.1696600000	 0.2567738282
0.1696800000	 0.2512572210
0.1697000000	 0.2549750538
0.1697200000	 0.2624609918
0.1697400000	 0.2576159828
0.1697600000	 0.2557161898
0.1697800000	 0.2530333487
0.1698000000	 0.2501361436
0.1698200000	 0.2476526360
0.1698400000	 0.2361147604
0.1698600000	 0.2349867420
0.1698800000	 0.2427197036
0.1699000000	 0.2443346983
0.1699200000	 0.2425737878
0.1699400000	 0.2313276233
0.1699600000	 0.2209505281
0.1699800000	 0.2144673257
0.1700000000	 0.2165002117
0.1700200000	 0.2226948165
0.1700400000	 0.2091396201
0.1700600000	 0.2167533300
0.1700800000	 0.2280948589
0.1701000000	 0.1972570815
0.1701200000	 0.1895601819
0.1701400000	 0.2003071643
0.1701600000	 0.1955949263
0.1701800000	 0.1957808562
0.1702000000	 0.1937841494
0.1702200000	 0.2025178839
0.1702400000	 0.2004105696
0.1702600000	 0.1728251077
0.1702800000	 0.1632287926
0.1703000000	 0.1757264585
0.1703200000	 0.1956906917
0.1703400000	 0.1861712699
0.1703600000	 0.1664626507
0.1703800000	 0.1896346787
0.1704000000	 0.1998202378
0.1704200000	 0.1803511188
0.1704400000	 0.1659419506
0.1704600000	 0.1564520069
0.1704800000	 0.1558716710
0.1705000000	 0.1509001739
0.1705200000	 0.1615724927
0.1705400000	 0.1859530610
0.1705600000	 0.1807226619
0.1705800000	 0.1720804771
0.1706000000	 0.1678095656
0.1706200000	 0.1475196640
0.1706400000	 0.1312699681
0.1706600000	 0.1355242797
0.1706800000	 0.1495929606
0.1707000000	 0.1489800624
0.1707200000	 0.1462238228
0.1707400000	 0.1564862833
0.1707600000	 0.1561660601
0.1707800000	 0.1468946050
0.1708000000	 0.1476154110
0.1708200000	 0.1397664603
0.1708400000	 0.1162896543
0.1708600000	 0.1299510157
0.1708800000	 0.1588994222
0.1709000000	 0.1391536520
0.1709200000	 0.1259008266
0.1709400000	 0.1326927357
0.1709600000	 0.1277917477
0.1709800000	 0.1312771975
0.1710000000	 0.1152901202
0.1710200000	 0.1020794646
0.1710400000	 0.1217076188
0.1710600000	 0.1199184043
0.1710800000	 0.1076584259
0.1711000000	 0.1042594752
0.1711200000	 0.1011874129
0.1711400000	 0.1104107164
0.1711600000	 0.1096406464
0.1711800000	 0.0892717105
0.1712000000	 0.0710896157
0.1712200000	 0.0780421276
0.1712400000	 0.1041070640
0.1712600000	 0.1081137518
0.1712800000	 0.0900638323
0.1713000000	 0.0731245383
0.1713200000	 0.0820085858
0.1713400000	 0.1169685814
0.1713600000	 0.1072377972
0.1713800000	 0.0657109176
0.1714000000	 0.0776962943
0.1714200000	 0.0969566148
0.1714400000	 0.0782542833
0.1714600000	 0.0790531141
0.1714800000	 0.0866477150
0.1715000000	 0.0655373242
0.1715200000	 0.0504670180
0.1715400000	 0.0487346678
0.1715600000	 0.0477964986
0.1715800000	 0.0496638342
0.1716000000	 0.0519763356
0.1716200000	 0.0624738775
0.1716400000	 0.0713710362
0.1716600000	 0.0584965361
0.1716800000	 0.0459404125
0.1717000000	 0.0524897750
0.1717200000	 0.0428241761
0.1717400000	 0.0313464886
0.1717600000	 0.0535237251
0.1717800000	 0.0429915816
0.1718000000	 0.0195518845
0.1718200000	 0.0412089590
0.1718400000	 0.0330068162
0.1718600000	 0.0171879006
0.1718800000	 0.0191983712
0.1719000000	 -0.0010126341
0.1719200000	 0.0174716612
0.1719400000	 0.0290167461
0.1719600000	 -0.0009787509
0.1719800000	 0.0086800231
0.1720000000	 0.0160302205
0.1720200000	 0.0116800134
0.1720400000	 0.0127505018
0.1720600000	 -0.0153655133
0.1720800000	 -0.0199636215
0.1721000000	 0.0000186651
0.1721200000	 -0.0036245745
0.1721400000	 -0.0131239625
0.1721600000	 -0.0128925111
0.1721800000	 -0.0029078350
0.1722000000	 0.0027021410
0.1722200000	 -0.0000670629
0.1722400000	 -0.0036783268
0.1722600000	 -0.0085550225
0.1722800000	 -0.0080461938
0.1723000000	 -0.0114576402
0.1723200000	 -0.0298684425
0.1723400000	 -0.0449127782
0.1723600000	 -0.0353270722
0.1723800000	 -0.0284000321
0.1724000000	 -0.0351415392
0.1724200000	 -0.0258271389
0.1724400000	 -0.0298689497
0.1724600000	 -0.0405191437
0.1724800000	 -0.0276106774
0.1725000000	 -0.0247779539
0.1725200000	 -0.0260175671
0.1725400000	 -0.0402309957
0.1725600000	 -0.0569106202
0.1725800000	 -0.0390626843
0.1726000000	 -0.0354302614
0.1726200000	 -0.0429477566
0.1726400000	 -0.0474735774
0.1726600000	 -0.0592177638
0.1726800000	 -0.0566744856
0.1727000000	 -0.0667068992
0.1727200000	 -0.0654082505
0.1727400000	 -0.0595237209
0.1727600000	 -0.0821389758
0.1727800000	 -0.0538108291
0.1728000000	 -0.0199332104
0.1728200000	 -0.0427585845
0.1728400000	 -0.0578580589
0.1728600000	 -0.0642885138
0.1728800000	 -0.0676878192
0.1729000000	 -0.0761909446
0.1729200000	 -0.0905509530
0.1729400000	 -0.0863747529
0.1729600000	 -0.0886905574
0.1729800000	 -0.0784070020
0.1730000000	 -0.0623430269
0.1730200000	 -0.0782323647
0.1730400000	 -0.0879597775
0.1730600000	 -0.0941458026
0.1730800000	 -0.0980220374
0.1731000000	 -0.0820377895
0.1731200000	 -0.0810880455
0.1731400000	 -0.0831688877
0.1731600000	 -0.0725100018
0.1731800000	 -0.0815663439
0.1732000000	 -0.0949920829
0.1732200000	 -0.0837772658
0.1732400000	 -0.0736446451
0.1732600000	 -0.0825397171
0.1732800000	 -0.0993743727
0.1733000000	 -0.1071615847
0.1733200000	 -0.0897992609
0.1733400000	 -0.0919032850
0.1733600000	 -0.1148378120
0.1733800000	 -0.0937659828
0.1734000000	 -0.0894916400
0.1734200000	 -0.1194367559
0.1734400000	 -0.1084636787
0.1734600000	 -0.1055456371
0.1734800000	 -0.1137073661
0.1735000000	 -0.0965183908
0.1735200000	 -0.1122142950
0.1735400000	 -0.1334768062
0.1735600000	 -0.1172468588
0.1735800000	 -0.1082134836
0.1736000000	 -0.1181414898
0.1736200000	 -0.1364903712
0.1736400000	 -0.1438889429
0.1736600000	 -0.1281941405
0.1736800000	 -0.1179297810
0.1737000000	 -0.1101305597
0.1737200000	 -0.0960105466
0.1737400000	 -0.1014487504
0.1737600000	 -0.1294969330
0.1737800000	 -0.1514722181
0.1738000000	 -0.1331320228
0.1738200000	 -0.1151524029
0.1738400000	 -0.1474718591
0.1738600000	 -0.1637706860
0.1738800000	 -0.1532770521
0.1739000000	 -0.1474310152
0.1739200000	 -0.1247589011
0.1739400000	 -0.1394959653
0.1739600000	 -0.1665910295
0.1739800000	 -0.1452769277
0.1740000000	 -0.1468203598
0.1740200000	 -0.1445667344
0.1740400000	 -0.1243524151
0.1740600000	 -0.1473059526
0.1740800000	 -0.1534074541
0.1741000000	 -0.1405995854
0.1741200000	 -0.1513513997
0.1741400000	 -0.1608280584
0.1741600000	 -0.1736961290
0.1741800000	 -0.1861637214
0.1742000000	 -0.1845909392
0.1742200000	 -0.1646517893
0.1742400000	 -0.1530943101
0.1742600000	 -0.1706870570
0.1742800000	 -0.1671527318
0.1743000000	 -0.1564710969
0.1743200000	 -0.1657571706
0.1743400000	 -0.1723644361
0.1743600000	 -0.1889022181
0.1743800000	 -0.1846106595
0.1744000000	 -0.1601081876
0.1744200000	 -0.1592951788
0.1744400000	 -0.1584064914
0.1744600000	 -0.1649238008
0.1744800000	 -0.1787834115
0.1745000000	 -0.1754722086
0.1745200000	 -0.1752687730
0.1745400000	 -0.1713194397
0.1745600000	 -0.1659031992
0.1745800000	 -0.1700002537
0.1746000000	 -0.1644391096
0.1746200000	 -0.1580789015
0.1746400000	 -0.1549946880
0.1746600000	 -0.1569429432
0.1746800000	 -0.1736950249
0.1747000000	 -0.1864308395
0.1747200000	 -0.1929467741
0.1747400000	 -0.1908728850
0.1747600000	 -0.1762669003
0.1747800000	 -0.1813984636
0.1748000000	 -0.1966269762
0.1748200000	 -0.2006535210
0.1748400000	 -0.2132265529
0.1748600000	 -0.2159771441
0.1748800000	 -0.2044076406
0.1749000000	 -0.2046508401
0.1749200000	 -0.1965367911
0.1749400000	 -0.1889885292
0.1749600000	 -0.2109111066
0.1749800000	 -0.2263944964
0.1750000000	 -0.2054142336
0.1750200000	 -0.1750433017
0.1750400000	 -0.1633851817
0.1750600000	 -0.1741913782
0.1750800000	 -0.2044232341
0.1751000000	 -0.2148349803
0.1751200000	 -0.1899462739
0.1751400000	 -0.1815481376
0.1751600000	 -0.1810245106
0.1751800000	 -0.1791885073
0.1752000000	 -0.1936218996
0.1752200000	 -0.1818432916
0.1752400000	 -0.1785844577
0.1752600000	 -0.2131511403
0.1752800000	 -0.2232214157
0.1753000000	 -0.2216982235
0.1753200000	 -0.2216082099
0.1753400000	 -0.2065455704
0.1753600000	 -0.2019051165
0.1753800000	 -0.2207086450
0.1754000000	 -0.2367229585
0.1754200000	 -0.2182361223
0.1754400000	 -0.2095156240
0.1754600000	 -0.2188988967
0.1754800000	 -0.2067699185
0.1755000000	 -0.2177984372
0.1755200000	 -0.2244126294
0.1755400000	 -0.2066921994
0.1755600000	 -0.2271107113
0.1755800000	 -0.2417172256
0.1756000000	 -0.2280009581
0.1756200000	 -0.2124460441
0.1756400000	 -0.2034209874
0.1756600000	 -0.2207800555
0.1756800000	 -0.2342193987
0.1757000000	 -0.2413060580
0.1757200000	 -0.2374052071
0.1757400000	 -0.2161692329
0.1757600000	 -0.2313839914
0.1757800000	 -0.2427415981
0.1758000000	 -0.2309544011
0.1758200000	 -0.2408941958
0.1758400000	 -0.2355908215
0.1758600000	 -0.2164550366
0.1758800000	 -0.2054028452
0.1759000000	 -0.1957041755
0.1759200000	 -0.1964112718
0.1759400000	 -0.1969460922
0.1759600000	 -0.2034326106
0.1759800000	 -0.2116495940
0.1760000000	 -0.2104680390
0.1760200000	 -0.2252217079
0.1760400000	 -0.2376689839
0.1760600000	 -0.2116960339
0.1760800000	 -0.1877974093
0.1761000000	 -0.2124224240
0.1761200000	 -0.2286520933
0.1761400000	 -0.2104878242
0.1761600000	 -0.2124234757
0.1761800000	 -0.2113459180
0.1762000000	 -0.2108314994
0.1762200000	 -0.2340878188
0.1762400000	 -0.2296860795
0.1762600000	 -0.2280171880
0.1762800000	 -0.2375786626
0.1763000000	 -0.2127929635
0.1763200000	 -0.2053200009
0.1763400000	 -0.2277661706
0.1763600000	 -0.2339683299
0.1763800000	 -0.2152390383
0.1764000000	 -0.2082673887
0.1764200000	 -0.2420311858
0.1764400000	 -0.2488506917
0.1764600000	 -0.2158035970
0.1764800000	 -0.2186366492
0.1765000000	 -0.2442032589
0.1765200000	 -0.2464770726
0.1765400000	 -0.2265689993
0.1765600000	 -0.2182815565
0.1765800000	 -0.2290453920
0.1766000000	 -0.2285785519
0.1766200000	 -0.2332806258
0.1766400000	 -0.2346093741
0.1766600000	 -0.2150807388
0.1766800000	 -0.2207426927
0.1767000000	 -0.2395027067
0.1767200000	 -0.2462927913
0.1767400000	 -0.2412370959
0.1767600000	 -0.2080580602
0.1767800000	 -0.2032723618
0.1768000000	 -0.2404834521
0.1768200000	 -0.2426128224
0.1768400000	 -0.2200936928
0.1768600000	 -0.2226824991
0.1768800000	 -0.2369662456
0.1769000000	 -0.2225588709
0.1769200000	 -0.2013475325
0.1769400000	 -0.2246391411
0.1769600000	 -0.2497392238
0.1769800000	 -0.2489144551
0.1770000000	 -0.2393938782
0.1770200000	 -0.2261752558
0.1770400000	 -0.2574030620
0.1770600000	 -0.2784862472
0.1770800000	 -0.2395885970
0.1771000000	 -0.2493850463
0.1771200000	 -0.2731591967
0.1771400000	 -0.2456017743
0.1771600000	 -0.2426073571
0.1771800000	 -0.2423852650
0.1772000000	 -0.2310420308
0.1772200000	 -0.2470788641
0.1772400000	 -0.2484072830
0.1772600000	 -0.2394788167
0.1772800000	 -0.2501669953
0.1773000000	 -0.2594261908
0.1773200000	 -0.2567193968
0.1773400000	 -0.2540507452
0.1773600000	 -0.2642866621
0.1773800000	 -0.2646999613
0.1774000000	 -0.2557548860
0.1774200000	 -0.2616114279
0.1774400000	 -0.2519980512
0.1774600000	 -0.2398919558
0.1774800000	 -0.2570865190
0.1775000000	 -0.2701388594
0.1775200000	 -0.2771435296
0.1775400000	 -0.2764366107
0.1775600000	 -0.2592430724
0.1775800000	 -0.2634789471
0.1776000000	 -0.2751951743
0.1776200000	 -0.2663451867
0.1776400000	 -0.2557288304
0.1776600000	 -0.2523892529
0.1776800000	 -0.2622554019
0.1777000000	 -0.2640444160
0.1777200000	 -0.2543653183
0.1777400000	 -0.2622218448
0.1777600000	 -0.2632637957
0.1777800000	 -0.2639221214
0.1778000000	 -0.2727292625
0.1778200000	 -0.2496452968
0.1778400000	 -0.2329402641
0.1778600000	 -0.2551115870
0.1778800000	 -0.2763044826
0.1779000000	 -0.2717398521
0.1779200000	 -0.2597224378
0.1779400000	 -0.2698071977
0.1779600000	 -0.2660551008
0.1779800000	 -0.2488718453
0.1780000000	 -0.2616973075
0.1780200000	 -0.2674398567
0.1780400000	 -0.2671316359
0.1780600000	 -0.2692121052
0.1780800000	 -0.2603726870
0.1781000000	 -0.2721731916
0.1781200000	 -0.2668993790
0.1781400000	 -0.2478723946
0.1781600000	 -0.2632937329
0.1781800000	 -0.2636819342
0.1782000000	 -0.2527790947
0.1782200000	 -0.2517504072
0.1782400000	 -0.2391374882
0.1782600000	 -0.2439292406
0.1782800000	 -0.2615498424
0.1783000000	 -0.2576296505
0.1783200000	 -0.2486470644
0.1783400000	 -0.2562729234
0.1783600000	 -0.2601519851
0.1783800000	 -0.2558270250
0.1784000000	 -0.2693847113
0.1784200000	 -0.2734545235
0.1784400000	 -0.2537097891
0.1784600000	 -0.2361708255
0.1784800000	 -0.2281963574
0.1785000000	 -0.2396518546
0.1785200000	 -0.2406381323
0.1785400000	 -0.2219069395
0.1785600000	 -0.2183408678
0.1785800000	 -0.2199035220
0.1786000000	 -0.2269498506
0.1786200000	 -0.2307171368
0.1786400000	 -0.2269593602
0.1786600000	 -0.2435276193
0.1786800000	 -0.2509765268
0.1787000000	 -0.2405722701
0.1787200000	 -0.2385798194
0.1787400000	 -0.2423142079
0.1787600000	 -0.2432624767
0.1787800000	 -0.2331047864
0.1788000000	 -0.2367538058
0.1788200000	 -0.2408476901
0.1788400000	 -0.2265205197
0.1788600000	 -0.2396162533
0.1788800000	 -0.2443634370
0.1789000000	 -0.2250095339
0.1789200000	 -0.2295313764
0.1789400000	 -0.2215725104
0.1789600000	 -0.2105796612
0.1789800000	 -0.2196049530
0.1790000000	 -0.2208606387
0.1790200000	 -0.2403149418
0.1790400000	 -0.2347708415
0.1790600000	 -0.1886275964
0.1790800000	 -0.2166516697
0.1791000000	 -0.2611645450
0.1791200000	 -0.2203022396
0.1791400000	 -0.1992008881
0.1791600000	 -0.2239949897
0.1791800000	 -0.2183123864
0.1792000000	 -0.2097754959
0.1792200000	 -0.2136078859
0.1792400000	 -0.2088241280
0.1792600000	 -0.2112786103
0.1792800000	 -0.2180565288
0.1793000000	 -0.2191834112
0.1793200000	 -0.2208409078
0.1793400000	 -0.2130839821
0.1793600000	 -0.1909472638
0.1793800000	 -0.1791817253
0.1794000000	 -0.1859492195
0.1794200000	 -0.2040289309
0.1794400000	 -0.2239059923
0.1794600000	 -0.2061146231
0.1794800000	 -0.1744631069
0.1795000000	 -0.1833560712
0.1795200000	 -0.1964087339
0.1795400000	 -0.1910173312
0.1795600000	 -0.1830526736
0.1795800000	 -0.1882379070
0.1796000000	 -0.2016073929
0.1796200000	 -0.1909523760
0.1796400000	 -0.1896120256
0.1796600000	 -0.1829929369
0.1796800000	 -0.1594281508
0.1797000000	 -0.1997287395
0.1797200000	 -0.2200771146
0.1797400000	 -0.1788912282
0.1797600000	 -0.1823207377
0.1797800000	 -0.1898098542
0.1798000000	 -0.1867736014
0.1798200000	 -0.1941990370
0.1798400000	 -0.1829596055
0.1798600000	 -0.1880503226
0.1798800000	 -0.1852473849
0.1799000000	 -0.1708628712
0.1799200000	 -0.1748902282
0.1799400000	 -0.1570639324
0.1799600000	 -0.1572985683
0.1799800000	 -0.1710479193
0.1800000000	 -0.1447070280
0.1800200000	 -0.1396384929
0.1800400000	 -0.1465805684
0.1800600000	 -0.1355744350
0.1800800000	 -0.1577001588
0.1801000000	 -0.1742568985
0.1801200000	 -0.1448266716
0.1801400000	 -0.1244624633
0.1801600000	 -0.1343242948
0.1801800000	 -0.1526000933
0.1802000000	 -0.1632635124
0.1802200000	 -0.1568330316
0.1802400000	 -0.1365561805
0.1802600000	 -0.1185385646
0.1802800000	 -0.1266019714
0.1803000000	 -0.1356139737
0.1803200000	 -0.1209845904
0.1803400000	 -0.1309756273
0.1803600000	 -0.1476514054
0.1803800000	 -0.1300295395
0.1804000000	 -0.1157016506
0.1804200000	 -0.1060710659
0.1804400000	 -0.1057787286
0.1804600000	 -0.1169842150
0.1804800000	 -0.1109511801
0.1805000000	 -0.1076725684
0.1805200000	 -0.0881907341
0.1805400000	 -0.0605268561
0.1805600000	 -0.0842083135
0.1805800000	 -0.1075854725
0.1806000000	 -0.0972399168
0.1806200000	 -0.0964912286
0.1806400000	 -0.1009182135
0.1806600000	 -0.0853585042
0.1806800000	 -0.0706998609
0.1807000000	 -0.0830840878
0.1807200000	 -0.0865968328
0.1807400000	 -0.0748866449
0.1807600000	 -0.0713447917
0.1807800000	 -0.0659575043
0.1808000000	 -0.0725154104
0.1808200000	 -0.0744167613
0.1808400000	 -0.0618125969
0.1808600000	 -0.0571681462
0.1808800000	 -0.0515103004
0.1809000000	 -0.0549944459
0.1809200000	 -0.0468858787
0.1809400000	 -0.0393075272
0.1809600000	 -0.0572939443
0.1809800000	 -0.0379347660
0.1810000000	 -0.0235860397
0.1810200000	 -0.0350389767
0.1810400000	 -0.0244705570
0.1810600000	 -0.0470499396
0.1810800000	 -0.0594341796
0.1811000000	 -0.0346126484
0.1811200000	 -0.0427605751
0.1811400000	 -0.0433947058
0.1811600000	 -0.0272581887
0.1811800000	 -0.0221257324
0.1812000000	 -0.0249449569
0.1812200000	 -0.0369200994
0.1812400000	 -0.0260769852
0.1812600000	 -0.0174801800
0.1812800000	 -0.0365367930
0.1813000000	 -0.0435670768
0.1813200000	 -0.0288128215
0.1813400000	 -0.0059820607
0.1813600000	 -0.0067151638
0.1813800000	 -0.0266304164
0.1814000000	 -0.0219888763
0.1814200000	 -0.0071394040
0.1814400000	 -0.0136443083
0.1814600000	 -0.0242196590
0.1814800000	 -0.0042272753
0.1815000000	 0.0150471382
0.1815200000	 -0.0082548870
0.1815400000	 -0.0224245635
0.1815600000	 -0.0002444467
0.1815800000	 0.0164421229
0.1816000000	 0.0215857409
0.1816200000	 0.0265003878
0.1816400000	 0.0311069968
0.1816600000	 0.0491635464
0.1816800000	 0.0631044888
0.1817000000	 0.0451875573
0.1817200000	 0.0318164836
0.1817400000	 0.0327026918
0.1817600000	 0.0325237592
0.1817800000	 0.0448042635
0.1818000000	 0.0371426998
0.1818200000	 0.0236720431
0.1818400000	 0.0408191557
0.1818600000	 0.0457241879
0.1818800000	 0.0390803514
0.1819000000	 0.0355831002
0.1819200000	 0.0390543199
0.1819400000	 0.0493068776
0.1819600000	 0.0423278467
0.1819800000	 0.0567340285
0.1820000000	 0.0670971478
0.1820200000	 0.0452648184
0.1820400000	 0.0682216817
0.1820600000	 0.0867404903
0.1820800000	 0.0712638447
0.1821000000	 0.0824182254
0.1821200000	 0.0822687351
0.1821400000	 0.0813571984
0.1821600000	 0.0977268663
0.1821800000	 0.0967516664
0.1822000000	 0.1097381972
0.1822200000	 0.1205234351
0.1822400000	 0.1066945348
0.1822600000	 0.1141368455
0.1822800000	 0.1166205978
0.1823000000	 0.1003149786
0.1823200000	 0.1197329679
0.1823400000	 0.1382191732
0.1823600000	 0.1262076082
0.1823800000	 0.1306342436
0.1824000000	 0.1305873189
0.1824200000	 0.1344013171
0.1824400000	 0.1660075189
0.1824600000	 0.1660493245
0.1824800000	 0.1592428111
0.1825000000	 0.1673481324
0.1825200000	 0.1524193097
0.1825400000	 0.1603263786
0.1825600000	 0.1868680954
0.1825800000	 0.1817436918
0.1826000000	 0.1615550983
0.1826200000	 0.1480721024
0.1826400000	 0.1530421797
0.1826600000	 0.1748756254
0.1826800000	 0.1980587703
0.1827000000	 0.1893575587
0.1827200000	 0.1681749440
0.1827400000	 0.1823255576
0.1827600000	 0.1751479153
0.1827800000	 0.1635017144
0.1828000000	 0.1969467599
0.1828200000	 0.1975465442
0.1828400000	 0.1869825412
0.1828600000	 0.2015025181
0.1828800000	 0.2075785956
0.1829000000	 0.2344568601
0.1829200000	 0.2454217114
0.1829400000	 0.2265875102
0.1829600000	 0.2246880280
0.1829800000	 0.2102970549
0.1830000000	 0.2129173936
0.1830200000	 0.2424032169
0.1830400000	 0.2319629470
0.1830600000	 0.2217341075
0.1830800000	 0.2415453189
0.1831000000	 0.2425157930
0.1831200000	 0.2377827157
0.1831400000	 0.2589643336
0.1831600000	 0.2717922783
0.1831800000	 0.2537958109
0.1832000000	 0.2412063909
0.1832200000	 0.2381757126
0.1832400000	 0.2402568666
0.1832600000	 0.2597422662
0.1832800000	 0.2567078361
0.1833000000	 0.2528558764
0.1833200000	 0.2806088121
0.1833400000	 0.2689715447
0.1833600000	 0.2536205030
0.1833800000	 0.2832170152
0.1834000000	 0.2841473612
0.1834200000	 0.2822565978
0.1834400000	 0.2991075791
0.1834600000	 0.2826544025
0.1834800000	 0.2741879082
0.1835000000	 0.2804634586
0.1835200000	 0.2699198186
0.1835400000	 0.2772136191
0.1835600000	 0.2919630368
0.1835800000	 0.2921682963
0.1836000000	 0.3026808956
0.1836200000	 0.3140869174
0.1836400000	 0.3110670150
0.1836600000	 0.3029141055
0.1836800000	 0.2896710056
0.1837000000	 0.2963674258
0.1837200000	 0.3206075743
0.1837400000	 0.3164921509
0.1837600000	 0.3221702442
0.1837800000	 0.3482329621
0.1838000000	 0.3477404631
0.1838200000	 0.3556691563
0.1838400000	 0.3528488884
0.1838600000	 0.3285510441
0.1838800000	 0.3369228731
0.1839000000	 0.3320198899
0.1839200000	 0.3249034537
0.1839400000	 0.3356689255
0.1839600000	 0.3193434918
0.1839800000	 0.3310638594
0.1840000000	 0.3501099022
0.1840200000	 0.3396846903
0.1840400000	 0.3555929773
0.1840600000	 0.3560943735
0.1840800000	 0.3412736702
0.1841000000	 0.3578760255
0.1841200000	 0.3621071517
0.1841400000	 0.3464716868
0.1841600000	 0.3555463343
0.1841800000	 0.3863861321
0.1842000000	 0.3792388395
0.1842200000	 0.3578848275
0.1842400000	 0.3689887045
0.1842600000	 0.3668935359
0.1842800000	 0.3807891571
0.1843000000	 0.3987240719
0.1843200000	 0.3665387667
0.1843400000	 0.3678677487
0.1843600000	 0.3821169473
0.1843800000	 0.3618455279
0.1844000000	 0.3667637487
0.1844200000	 0.3683956765
0.1844400000	 0.3652252759
0.1844600000	 0.3758438873
0.1844800000	 0.3568278789
0.1845000000	 0.3429207444
0.1845200000	 0.3610085534
0.1845400000	 0.3781844552
0.1845600000	 0.3796222927
0.1845800000	 0.3596519276
0.1846000000	 0.3447251059
0.1846200000	 0.3504103512
0.1846400000	 0.3503695413
0.1846600000	 0.3494769772
0.1846800000	 0.3593926435
0.1847000000	 0.3615166071
0.1847200000	 0.3523108330
0.1847400000	 0.3493464824
0.1847600000	 0.3634924411
0.1847800000	 0.3696742971
0.1848000000	 0.3527935228
0.1848200000	 0.3510513814
0.1848400000	 0.3577184350
0.1848600000	 0.3494205041
0.1848800000	 0.3445207970
0.1849000000	 0.3378612196
0.1849200000	 0.3453723168
0.1849400000	 0.3605256475
0.1849600000	 0.3540129326
0.1849800000	 0.3565518263
0.1850000000	 0.3501910589
0.1850200000	 0.3370192126
0.1850400000	 0.3459714489
0.1850600000	 0.3397262426
0.1850800000	 0.3472879016
0.1851000000	 0.3683795630
0.1851200000	 0.3700432407
0.1851400000	 0.3816588364
0.1851600000	 0.3712593067
0.1851800000	 0.3557723040
0.1852000000	 0.3696715204
0.1852200000	 0.3732987114
0.1852400000	 0.3737091498
0.1852600000	 0.3598779263
0.1852800000	 0.3503395003
0.1853000000	 0.3645486492
0.1853200000	 0.3480614959
0.1853400000	 0.3451988814
0.1853600000	 0.3719474059
0.1853800000	 0.3666619620
0.1854000000	 0.3526767033
0.1854200000	 0.3467765855
0.1854400000	 0.3368205645
0.1854600000	 0.3288851715
0.1854800000	 0.3412665986
0.1855000000	 0.3610424704
0.1855200000	 0.3449033001
0.1855400000	 0.3285261524
0.1855600000	 0.3331374777
0.1855800000	 0.3315655781
0.1856000000	 0.3441497126
0.1856200000	 0.3491452439
0.1856400000	 0.3322927730
0.1856600000	 0.3409430110
0.1856800000	 0.3498533487
0.1857000000	 0.3258255291
0.1857200000	 0.3155164038
0.1857400000	 0.3196331408
0.1857600000	 0.3079029196
0.1857800000	 0.3166116579
0.1858000000	 0.3306505389
0.1858200000	 0.3034797140
0.1858400000	 0.2834795203
0.1858600000	 0.2981339446
0.1858800000	 0.3131153961
0.1859000000	 0.3107110368
0.1859200000	 0.3011384247
0.1859400000	 0.2959586796
0.1859600000	 0.2877398393
0.1859800000	 0.2905652156
0.1860000000	 0.2948310837
0.1860200000	 0.2819468971
0.1860400000	 0.2812501140
0.1860600000	 0.2818525823
0.1860800000	 0.2850558662
0.1861000000	 0.2988931488
0.1861200000	 0.2930615491
0.1861400000	 0.2927822725
0.1861600000	 0.2945426617
0.1861800000	 0.2896165006
0.1862000000	 0.3009568026
0.1862200000	 0.2959903631
0.1862400000	 0.2937689333
0.1862600000	 0.3009088807
0.1862800000	 0.2822189981
0.1863000000	 0.2758928270
0.1863200000	 0.2719404295
0.1863400000	 0.2574099658
0.1863600000	 0.2671189288
0.1863800000	 0.2734801844
0.1864000000	 0.2643502389
0.1864200000	 0.2556325343
0.1864400000	 0.2493484255
0.1864600000	 0.2541387931
0.1864800000	 0.2564490575
0.1865000000	 0.2522834500
0.1865200000	 0.2585926580
0.1865400000	 0.2634879200
0.1865600000	 0.2522382899
0.1865800000	 0.2445083416
0.1866000000	 0.2450397075
0.1866200000	 0.2346116520
0.1866400000	 0.2285997925
0.1866600000	 0.2381649789
0.1866800000	 0.2438723723
0.1867000000	 0.2430563346
0.1867200000	 0.2403422308
0.1867400000	 0.2342936236
0.1867600000	 0.2271674040
0.1867800000	 0.2172902511
0.1868000000	 0.2012218912
0.1868200000	 0.1986878686
0.1868400000	 0.2114143622
0.1868600000	 0.2098151381
0.1868800000	 0.2158451268
0.1869000000	 0.2244120108
0.1869200000	 0.1952775630
0.1869400000	 0.1776519135
0.1869600000	 0.1866052384
0.1869800000	 0.1862386081
0.1870000000	 0.1927142493
0.1870200000	 0.2008974453
0.1870400000	 0.1966777956
0.1870600000	 0.1906464741
0.1870800000	 0.1933266938
0.1871000000	 0.1950231058
0.1871200000	 0.1828808278
0.1871400000	 0.1919693848
0.1871600000	 0.2002162006
0.1871800000	 0.1698867109
0.1872000000	 0.1690887782
0.1872200000	 0.1919779842
0.1872400000	 0.1823045081
0.1872600000	 0.1806399701
0.1872800000	 0.1865561497
0.1873000000	 0.1655671047
0.1873200000	 0.1562454806
0.1873400000	 0.1709105390
0.1873600000	 0.1836509343
0.1873800000	 0.1996696849
0.1874000000	 0.1908835885
0.1874200000	 0.1481813203
0.1874400000	 0.1331036583
0.1874600000	 0.1401954089
0.1874800000	 0.1407730000
0.1875000000	 0.1430299048
0.1875200000	 0.1398600903
0.1875400000	 0.1527506721
0.1875600000	 0.1645402766
0.1875800000	 0.1445581694
0.1876000000	 0.1407394916
0.1876200000	 0.1471623699
0.1876400000	 0.1348302723
0.1876600000	 0.1289737232
0.1876800000	 0.1355831388
0.1877000000	 0.1496885857
0.1877200000	 0.1413272358
0.1877400000	 0.1069716482
0.1877600000	 0.1111375461
0.1877800000	 0.1335319420
0.1878000000	 0.1173434991
0.1878200000	 0.1054272877
0.1878400000	 0.1070992929
0.1878600000	 0.0913194759
0.1878800000	 0.0905296577
0.1879000000	 0.0915785446
0.1879200000	 0.0705601392
0.1879400000	 0.0711657192
0.1879600000	 0.0824954107
0.1879800000	 0.0867418156
0.1880000000	 0.0936435956
0.1880200000	 0.0834745424
0.1880400000	 0.0771182371
0.1880600000	 0.0832580660
0.1880800000	 0.0700116261
0.1881000000	 0.0443685032
0.1881200000	 0.0373314133
0.1881400000	 0.0622511209
0.1881600000	 0.0671798099
0.1881800000	 0.0328090986
0.1882000000	 0.0348699161
0.1882200000	 0.0658348366
0.1882400000	 0.0511581146
0.1882600000	 0.0189444676
0.1882800000	 0.0242334797
0.1883000000	 0.0326112135
0.1883200000	 0.0326153145
0.1883400000	 0.0413260636
0.1883600000	 0.0209296129
0.1883800000	 0.0117230367
0.1884000000	 0.0377694107
0.1884200000	 0.0274437835
0.1884400000	 0.0062167204
0.1884600000	 -0.0058931385
0.1884800000	 -0.0161056539
0.1885000000	 -0.0004531012
0.1885200000	 0.0091330337
0.1885400000	 0.0136887109
0.1885600000	 0.0024495637
0.1885800000	 -0.0137407668
0.1886000000	 0.0148689147
0.1886200000	 0.0142707165
0.1886400000	 -0.0071167766
0.1886600000	 0.0032440515
0.1886800000	 0.0030805416
0.1887000000	 0.0111077517
0.1887200000	 0.0105066165
0.1887400000	 0.0098579938
0.1887600000	 0.0276302119
0.1887800000	 0.0067031606
0.1888000000	 0.0066656410
0.1888200000	 0.0107338010
0.1888400000	 -0.0221737116
0.1888600000	 0.0070218441
0.1888800000	 0.0286337850
0.1889000000	 -0.0144288904
0.1889200000	 -0.0281230566
0.1889400000	 -0.0197244576
0.1889600000	 -0.0255117707
0.1889800000	 -0.0352918439
0.1890000000	 -0.0267672712
0.1890200000	 -0.0145740264
0.1890400000	 -0.0235767947
0.1890600000	 -0.0212915708
0.1890800000	 -0.0152296137
0.1891000000	 -0.0221469360
0.1891200000	 -0.0229376531
0.1891400000	 -0.0181210741
0.1891600000	 -0.0220980616
0.1891800000	 -0.0426463744
0.1892000000	 -0.0390286563
0.1892200000	 -0.0228719053
0.1892400000	 -0.0361687756
0.1892600000	 -0.0359315081
0.1892800000	 -0.0401399081
0.1893000000	 -0.0623872960
0.1893200000	 -0.0535242300
0.1893400000	 -0.0429674478
0.1893600000	 -0.0376663328
0.1893800000	 -0.0260954588
0.1894000000	 -0.0437726162
0.1894200000	 -0.0719240275
0.1894400000	 -0.0650576455
0.1894600000	 -0.0374961076
0.1894800000	 -0.0383421757
0.1895000000	 -0.0562127115
0.1895200000	 -0.0580283549
0.1895400000	 -0.0598189885
0.1895600000	 -0.0606694146
0.1895800000	 -0.0564913439
0.1896000000	 -0.0557404742
0.1896200000	 -0.0630750042
0.1896400000	 -0.0738156196
0.1896600000	 -0.0634962029
0.1896800000	 -0.0661364017
0.1897000000	 -0.0910695125
0.1897200000	 -0.0827716139
0.1897400000	 -0.0718039738
0.1897600000	 -0.0754695535
0.1897800000	 -0.0653139433
0.1898000000	 -0.0722582791
0.1898200000	 -0.0897167688
0.1898400000	 -0.0830610879
0.1898600000	 -0.0668977097
0.1898800000	 -0.0609538403
0.1899000000	 -0.0711335198
0.1899200000	 -0.0807496215
0.1899400000	 -0.0706708051
0.1899600000	 -0.0654690477
0.1899800000	 -0.0826576480
0.1900000000	 -0.0895891996
0.1900200000	 -0.0873950769
0.1900400000	 -0.0981276819
0.1900600000	 -0.0907891666
0.1900800000	 -0.0783257700
0.1901000000	 -0.1009406038
0.1901200000	 -0.1120020705
0.1901400000	 -0.0822407507
0.1901600000	 -0.0710693950
0.1901800000	 -0.1039987703
0.1902000000	 -0.1177435265
0.1902200000	 -0.1021711200
0.1902400000	 -0.1157727550
0.1902600000	 -0.1226539460
0.1902800000	 -0.1008463001
0.1903000000	 -0.1151639708
0.1903200000	 -0.1339519435
0.1903400000	 -0.1193091720
0.1903600000	 -0.1224104427
0.1903800000	 -0.1313444256
0.1904000000	 -0.1157444231
0.1904200000	 -0.1132073378
0.1904400000	 -0.1308140842
0.1904600000	 -0.1381718198
0.1904800000	 -0.1377128569
0.1905000000	 -0.1333054089
0.1905200000	 -0.1168200593
0.1905400000	 -0.1106782785
0.1905600000	 -0.1280072217
0.1905800000	 -0.1365080875
0.1906000000	 -0.1270699445
0.1906200000	 -0.1257242396
0.1906400000	 -0.1289052071
0.1906600000	 -0.1332794567
0.1906800000	 -0.1452393484
0.1907000000	 -0.1347462756
0.1907200000	 -0.1213628054
0.1907400000	 -0.1462892048
0.1907600000	 -0.1671375821
0.1907800000	 -0.1746502306
0.1908000000	 -0.1760492633
0.1908200000	 -0.1501257557
0.1908400000	 -0.1505160485
0.1908600000	 -0.1665244820
0.1908800000	 -0.1369926182
0.1909000000	 -0.1270221079
0.1909200000	 -0.1549693494
0.1909400000	 -0.1636213012
0.1909600000	 -0.1597584529
0.1909800000	 -0.1550645847
0.1910000000	 -0.1610853542
0.1910200000	 -0.1747343817
0.1910400000	 -0.1705542804
0.1910600000	 -0.1720064939
0.1910800000	 -0.1757697564
0.1911000000	 -0.1546992521
0.1911200000	 -0.1468975205
0.1911400000	 -0.1616845196
0.1911600000	 -0.1634656672
0.1911800000	 -0.1621614268
0.1912000000	 -0.1717337477
0.1912200000	 -0.1809149625
0.1912400000	 -0.1930551674
0.1912600000	 -0.1987447733
0.1912800000	 -0.1768195354
0.1913000000	 -0.1616537793
0.1913200000	 -0.1820601010
0.1913400000	 -0.1959813234
0.1913600000	 -0.1910477737
0.1913800000	 -0.1918963460
0.1914000000	 -0.1925752633
0.1914200000	 -0.1926946654
0.1914400000	 -0.1933411818
0.1914600000	 -0.1918363273
0.1914800000	 -0.1964498822
0.1915000000	 -0.1921191483
0.1915200000	 -0.1772843772
0.1915400000	 -0.1788687646
0.1915600000	 -0.1945256736
0.1915800000	 -0.2006616587
0.1916000000	 -0.1946131935
0.1916200000	 -0.1971502836
0.1916400000	 -0.2040235851
0.1916600000	 -0.1988204257
0.1916800000	 -0.1952322985
0.1917000000	 -0.1957460910
0.1917200000	 -0.1979057508
0.1917400000	 -0.2002993641
0.1917600000	 -0.1998018341
0.1917800000	 -0.2136131829
0.1918000000	 -0.2132840096
0.1918200000	 -0.1900826398
0.1918400000	 -0.1998564727
0.1918600000	 -0.2139375822
0.1918800000	 -0.2024693134
0.1919000000	 -0.2065981537
0.1919200000	 -0.2116702730
0.1919400000	 -0.2049307943
0.1919600000	 -0.2145682249
0.1919800000	 -0.2378144708
0.1920000000	 -0.2506928963
0.1920200000	 -0.2338040098
0.1920400000	 -0.2162816047
0.1920600000	 -0.2328508899
0.1920800000	 -0.2384514940
0.1921000000	 -0.2125344499
0.1921200000	 -0.2066239702
0.1921400000	 -0.2247712289
0.1921600000	 -0.2390053475
0.1921800000	 -0.2415930773
0.1922000000	 -0.2234334588
0.1922200000	 -0.2115773360
0.1922400000	 -0.2272463163
0.1922600000	 -0.2381626574
0.1922800000	 -0.2323140394
0.1923000000	 -0.2229232239
0.1923200000	 -0.2392473446
0.1923400000	 -0.2728615824
0.1923600000	 -0.2547322017
0.1923800000	 -0.2197055445
0.1924000000	 -0.2270828168
0.1924200000	 -0.2241821797
0.1924400000	 -0.2149772132
0.1924600000	 -0.2345036753
0.1924800000	 -0.2394222445
0.1925000000	 -0.2238078630
0.1925200000	 -0.2253484583
0.1925400000	 -0.2327893096
0.1925600000	 -0.2234746830
0.1925800000	 -0.2189329358
0.1926000000	 -0.2296701399
0.1926200000	 -0.2372455513
0.1926400000	 -0.2356266838
0.1926600000	 -0.2220956199
0.1926800000	 -0.2135333040
0.1927000000	 -0.2231919049
0.1927200000	 -0.2291118250
0.1927400000	 -0.2228252967
0.1927600000	 -0.2134623506
0.1927800000	 -0.2152376971
0.1928000000	 -0.2197260437
0.1928200000	 -0.2173422260
0.1928400000	 -0.2310437277
0.1928600000	 -0.2318490170
0.1928800000	 -0.2078370309
0.1929000000	 -0.2116195806
0.1929200000	 -0.2294572516
0.1929400000	 -0.2307391976
0.1929600000	 -0.2272027456
0.1929800000	 -0.2383306894
0.1930000000	 -0.2605768169
0.1930200000	 -0.2562929411
0.1930400000	 -0.2431395535
0.1930600000	 -0.2422920228
0.1930800000	 -0.2301384366
0.1931000000	 -0.2288678389
0.1931200000	 -0.2417822347
0.1931400000	 -0.2470475286
0.1931600000	 -0.2491827917
0.1931800000	 -0.2426439466
0.1932000000	 -0.2394141295
0.1932200000	 -0.2383959540
0.1932400000	 -0.2299878080
0.1932600000	 -0.2467829885
0.1932800000	 -0.2703862448
0.1933000000	 -0.2577811056
0.1933200000	 -0.2445638435
0.1933400000	 -0.2581316899
0.1933600000	 -0.2676842177
0.1933800000	 -0.2538251732
0.1934000000	 -0.2357449603
0.1934200000	 -0.2475936748
0.1934400000	 -0.2572609507
0.1934600000	 -0.2301031521
0.1934800000	 -0.2477888330
0.1935000000	 -0.2918302570
0.1935200000	 -0.2643408550
0.1935400000	 -0.2467077160
0.1935600000	 -0.2644951803
0.1935800000	 -0.2542235303
0.1936000000	 -0.2670011093
0.1936200000	 -0.2851016641
0.1936400000	 -0.2686473434
0.1936600000	 -0.2633079949
0.1936800000	 -0.2554132561
0.1937000000	 -0.2442080838
0.1937200000	 -0.2561553926
0.1937400000	 -0.2492433445
0.1937600000	 -0.2222616648
0.1937800000	 -0.2263789789
0.1938000000	 -0.2388440987
0.1938200000	 -0.2433089900
0.1938400000	 -0.2599633676
0.1938600000	 -0.2480760013
0.1938800000	 -0.2436772402
0.1939000000	 -0.2751868363
0.1939200000	 -0.2566977909
0.1939400000	 -0.2436336307
0.1939600000	 -0.2564955788
0.1939800000	 -0.2365820102
0.1940000000	 -0.2608618270
0.1940200000	 -0.2758892079
0.1940400000	 -0.2426426320
0.1940600000	 -0.2566753520
0.1940800000	 -0.2624498168
0.1941000000	 -0.2546359030
0.1941200000	 -0.2659705907
0.1941400000	 -0.2456327586
0.1941600000	 -0.2328051445
0.1941800000	 -0.2450797649
0.1942000000	 -0.2505759304
0.1942200000	 -0.2383348328
0.1942400000	 -0.2165791393
0.1942600000	 -0.2247587247
0.1942800000	 -0.2419146727
0.1943000000	 -0.2427588015
0.1943200000	 -0.2398056724
0.1943400000	 -0.2404287458
0.1943600000	 -0.2519343475
0.1943800000	 -0.2500811596
0.1944000000	 -0.2341465791
0.1944200000	 -0.2193913973
0.1944400000	 -0.2180533861
0.1944600000	 -0.2350066103
0.1944800000	 -0.2333420065
0.1945000000	 -0.2308251634
0.1945200000	 -0.2435330992
0.1945400000	 -0.2518838639
0.1945600000	 -0.2441297290
0.1945800000	 -0.2137221272
0.1946000000	 -0.2343423800
0.1946200000	 -0.2631214092
0.1946400000	 -0.2395124889
0.1946600000	 -0.2653570437
0.1946800000	 -0.2751693230
0.1947000000	 -0.2393845865
0.1947200000	 -0.2490788971
0.1947400000	 -0.2542485363
0.1947600000	 -0.2630721020
0.1947800000	 -0.2594007947
0.1948000000	 -0.2424573267
0.1948200000	 -0.2697365190
0.1948400000	 -0.2463046053
0.1948600000	 -0.2263306794
0.1948800000	 -0.2627387628
0.1949000000	 -0.2525961965
0.1949200000	 -0.2577139326
0.1949400000	 -0.2690576781
0.1949600000	 -0.2453123997
0.1949800000	 -0.2495205682
0.1950000000	 -0.2571113578
0.1950200000	 -0.2651186908
0.1950400000	 -0.2555516100
0.1950600000	 -0.2291408557
0.1950800000	 -0.2354992271
0.1951000000	 -0.2289589564
0.1951200000	 -0.2323608898
0.1951400000	 -0.2568894555
0.1951600000	 -0.2451509818
0.1951800000	 -0.2424987220
0.1952000000	 -0.2524446768
0.1952200000	 -0.2428014748
0.1952400000	 -0.2350857962
0.1952600000	 -0.2442322808
0.1952800000	 -0.2693263327
0.1953000000	 -0.2747815826
0.1953200000	 -0.2534765019
0.1953400000	 -0.2393857963
0.1953600000	 -0.2428815414
0.1953800000	 -0.2441326398
0.1954000000	 -0.2367376879
0.1954200000	 -0.2470748334
0.1954400000	 -0.2479750469
0.1954600000	 -0.2366214145
0.1954800000	 -0.2503327446
0.1955000000	 -0.2496517314
0.1955200000	 -0.2406494480
0.1955400000	 -0.2470560625
0.1955600000	 -0.2534487804
0.1955800000	 -0.2587606116
0.1956000000	 -0.2281234927
0.1956200000	 -0.2123015050
0.1956400000	 -0.2488236338
0.1956600000	 -0.2496679899
0.1956800000	 -0.2385327462
0.1957000000	 -0.2512447009
0.1957200000	 -0.2434503292
0.1957400000	 -0.2260714397
0.1957600000	 -0.2171694441
0.1957800000	 -0.2325783232
0.1958000000	 -0.2500678429
0.1958200000	 -0.2246261013
0.1958400000	 -0.1961728219
0.1958600000	 -0.2039135465
0.1958800000	 -0.2292059712
0.1959000000	 -0.2337869538
0.1959200000	 -0.2162056571
0.1959400000	 -0.2155316069
0.1959600000	 -0.2111737900
0.1959800000	 -0.1966107584
0.1960000000	 -0.2176293621
0.1960200000	 -0.2336807498
0.1960400000	 -0.2078086252
0.1960600000	 -0.1917886413
0.1960800000	 -0.1935535388
0.1961000000	 -0.2026467767
0.1961200000	 -0.2243961641
0.1961400000	 -0.2168279852
0.1961600000	 -0.1987708244
0.1961800000	 -0.2081416863
0.1962000000	 -0.2054215849
0.1962200000	 -0.2052984458
0.1962400000	 -0.2047560848
0.1962600000	 -0.1866808527
0.1962800000	 -0.2042072570
0.1963000000	 -0.2029231112
0.1963200000	 -0.1716804338
0.1963400000	 -0.1937823333
0.1963600000	 -0.2039842241
0.1963800000	 -0.1819951846
0.1964000000	 -0.1825287272
0.1964200000	 -0.1833334106
0.1964400000	 -0.1856465663
0.1964600000	 -0.1873138532
0.1964800000	 -0.1912929244
0.1965000000	 -0.1929394473
0.1965200000	 -0.1686211427
0.1965400000	 -0.1765076433
0.1965600000	 -0.1924044930
0.1965800000	 -0.1632260474
0.1966000000	 -0.1649339447
0.1966200000	 -0.1745844812
0.1966400000	 -0.1558073942
0.1966600000	 -0.1739577692
0.1966800000	 -0.1832890430
0.1967000000	 -0.1555824038
0.1967200000	 -0.1632275937
0.1967400000	 -0.1779679887
0.1967600000	 -0.1590001627
0.1967800000	 -0.1445945921
0.1968000000	 -0.1414174329
0.1968200000	 -0.1425157852
0.1968400000	 -0.1481380698
0.1968600000	 -0.1484316443
0.1968800000	 -0.1481503447
0.1969000000	 -0.1419041818
0.1969200000	 -0.1420886734
0.1969400000	 -0.1592330281
0.1969600000	 -0.1529607695
0.1969800000	 -0.1305762665
0.1970000000	 -0.1213831744
0.1970200000	 -0.1165833990
0.1970400000	 -0.1229738087
0.1970600000	 -0.1259833308
0.1970800000	 -0.1133292126
0.1971000000	 -0.1150432823
0.1971200000	 -0.1314264251
0.1971400000	 -0.1295201712
0.1971600000	 -0.1058268138
0.1971800000	 -0.0959439845
0.1972000000	 -0.1083795024
0.1972200000	 -0.1258588738
0.1972400000	 -0.1271693880
0.1972600000	 -0.1027578975
0.1972800000	 -0.1086845041
0.1973000000	 -0.1265794451
0.1973200000	 -0.0991972173
0.1973400000	 -0.1008060493
0.1973600000	 -0.1186530925
0.1973800000	 -0.0873679978
0.1974000000	 -0.0719393796
0.1974200000	 -0.0829092922
0.1974400000	 -0.0816705030
0.1974600000	 -0.0773527061
0.1974800000	 -0.0823916851
0.1975000000	 -0.0871059886
0.1975200000	 -0.0700990926
0.1975400000	 -0.0626717963
0.1975600000	 -0.0669788131
0.1975800000	 -0.0548431127
0.1976000000	 -0.0557431630
0.1976200000	 -0.0521150991
0.1976400000	 -0.0350296147
0.1976600000	 -0.0409385577
0.1976800000	 -0.0440914051
0.1977000000	 -0.0336760220
0.1977200000	 -0.0363935172
0.1977400000	 -0.0450903882
0.1977600000	 -0.0340853717
0.1977800000	 -0.0155718727
0.1978000000	 -0.0107874018
0.1978200000	 -0.0070756069
0.1978400000	 -0.0175881402
0.1978600000	 -0.0263475473
0.1978800000	 -0.0141478328
0.1979000000	 -0.0202858187
0.1979200000	 -0.0198643671
0.1979400000	 -0.0118553409
0.1979600000	 -0.0098430786
0.1979800000	 0.0200388700
0.1980000000	 0.0107048354
0.1980200000	 -0.0178803538
0.1980400000	 0.0143812696
0.1980600000	 0.0192574725
0.1980800000	 -0.0036312350
0.1981000000	 0.0165657143
0.1981200000	 0.0348756839
0.1981400000	 0.0336652569
0.1981600000	 0.0294174028
0.1981800000	 0.0259998420
0.1982000000	 0.0317651032
0.1982200000	 0.0338415704
0.1982400000	 0.0245485849
0.1982600000	 0.0158003587
0.1982800000	 0.0204405338
0.1983000000	 0.0301608918
0.1983200000	 0.0225946449
0.1983400000	 0.0208765570
0.1983600000	 0.0530014663
0.1983800000	 0.0697250064
0.1984000000	 0.0555139657
0.1984200000	 0.0559883458
0.1984400000	 0.0537341930
0.1984600000	 0.0560034844
0.1984800000	 0.0771480416
0.1985000000	 0.0622325382
0.1985200000	 0.0452677013
0.1985400000	 0.0656014982
0.1985600000	 0.0798538066
0.1985800000	 0.0779762060
0.1986000000	 0.0677472118
0.1986200000	 0.0718847543
0.1986400000	 0.0708319325
0.1986600000	 0.0477053354
0.1986800000	 0.0650841862
0.1987000000	 0.0895357073
0.1987200000	 0.0855963569
0.1987400000	 0.0947673993
0.1987600000	 0.0957612613
0.1987800000	 0.1007486216
0.1988000000	 0.1185447508
0.1988200000	 0.1077496488
0.1988400000	 0.0959775363
0.1988600000	 0.1015064339
0.1988800000	 0.1013623453
0.1989000000	 0.1075209241
0.1989200000	 0.1236928105
0.1989400000	 0.1143853488
0.1989600000	 0.1020895521
0.1989800000	 0.1259993040
0.1990000000	 0.1284169415
0.1990200000	 0.1128658811
0.1990400000	 0.1338917700
0.1990600000	 0.1508456041
0.1990800000	 0.1466503373
0.1991000000	 0.1426076892
0.1991200000	 0.1479056878
0.1991400000	 0.1577735842
0.1991600000	 0.1539123784
0.1991800000	 0.1588803956
0.1992000000	 0.1727111609
0.1992200000	 0.1686933489
0.1992400000	 0.1579523956
0.1992600000	 0.1681220071
0.1992800000	 0.1860789232
0.1993000000	 0.1685506171
0.1993200000	 0.1679256145
0.1993400000	 0.1888482874
0.1993600000	 0.1702728073
0.1993800000	 0.1805255926
0.1994000000	 0.2001842450
0.1994200000	 0.1931611798
0.1994400000	 0.2244056121
0.1994600000	 0.2325503232
0.1994800000	 0.2075278924
0.1995000000	 0.2043329658
0.1995200000	 0.2131852675
0.1995400000	 0.2324589784
0.1995600000	 0.2210218996
0.1995800000	 0.2115500625
0.1996000000	 0.2336793961
0.1996200000	 0.2336284508
0.1996400000	 0.2350671201
0.1996600000	 0.2303458892
0.1996800000	 0.2279488772
0.1997000000	 0.2494919268
0.1997200000	 0.2418103985
0.1997400000	 0.2416174963
0.1997600000	 0.2580466139
0.1997800000	 0.2526730724
0.1998000000	 0.2391772364
0.1998200000	 0.2256400759
0.1998400000	 0.2552445906
0.1998600000	 0.2870855042
0.1998800000	 0.2688665556
0.1999000000	 0.2576314918
0.1999200000	 0.2517499250
0.1999400000	 0.2539657890
0.1999600000	 0.2691407650
0.1999800000	 0.2767348565
0.2000000000	 0.2932726432
0.2000200000	 0.2798469984
0.2000400000	 0.2527517952
0.2000600000	 0.2705530594
0.2000800000	 0.2882723409
0.2001000000	 0.2836534830
0.2001200000	 0.2759055372
0.2001400000	 0.2720460188
0.2001600000	 0.2808196476
0.2001800000	 0.2938339114
0.2002000000	 0.2918147623
0.2002200000	 0.2855785572
0.2002400000	 0.3028448225
0.2002600000	 0.3126132329
0.2002800000	 0.3139553892
0.2003000000	 0.3316021664
0.2003200000	 0.3160430611
0.2003400000	 0.2953029154
0.2003600000	 0.3113506797
0.2003800000	 0.3109972538
0.2004000000	 0.2965317000
0.2004200000	 0.2935024946
0.2004400000	 0.2963164928
0.2004600000	 0.2976393664
0.2004800000	 0.2959245022
0.2005000000	 0.2973278349
0.2005200000	 0.2987356692
0.2005400000	 0.3177704037
0.2005600000	 0.3278767775
0.2005800000	 0.3131776727
0.2006000000	 0.3305862693
0.2006200000	 0.3364741296
0.2006400000	 0.3144238990
0.2006600000	 0.3319559180
0.2006800000	 0.3562546842
0.2007000000	 0.3657616392
0.2007200000	 0.3568048369
0.2007400000	 0.3289551562
0.2007600000	 0.3461908813
0.2007800000	 0.3795635271
0.2008000000	 0.3695203560
0.2008200000	 0.3479674341
0.2008400000	 0.3420743104
0.2008600000	 0.3525253108
0.2008800000	 0.3634140372
0.2009000000	 0.3668240722
0.2009200000	 0.3675974183
0.2009400000	 0.3623014766
0.2009600000	 0.3592051031
0.2009800000	 0.3449092826
0.2010000000	 0.3260414257
0.2010200000	 0.3463196966
0.2010400000	 0.3711968024
0.2010600000	 0.3574919012
0.2010800000	 0.3490557011
0.2011000000	 0.3640672861
0.2011200000	 0.3664595794
0.2011400000	 0.3608158944
0.2011600000	 0.3664230471
0.2011800000	 0.3625616745
0.2012000000	 0.3535740992
0.2012200000	 0.3583124464
0.2012400000	 0.3643384145
0.2012600000	 0.3802810912
0.2012800000	 0.3893559394
0.2013000000	 0.3724157237
0.2013200000	 0.3739381825
0.2013400000	 0.3710307808
0.2013600000	 0.3507098274
0.2013800000	 0.3606493231
0.2014000000	 0.3497404609
0.2014200000	 0.3257195254
0.2014400000	 0.3443719594
0.2014600000	 0.3496260195
0.2014800000	 0.3468494061
0.2015000000	 0.3602124620
0.2015200000	 0.3667370364
0.2015400000	 0.3688545468
0.2015600000	 0.3474474656
0.2015800000	 0.3436237069
0.2016000000	 0.3701107692
0.2016200000	 0.3560580856
0.2016400000	 0.3357204895
0.2016600000	 0.3417033775
0.2016800000	 0.3494670529
0.2017000000	 0.3559782626
0.2017200000	 0.3564879747
0.2017400000	 0.3546883861
0.2017600000	 0.3402673961
0.2017800000	 0.3495477787
0.2018000000	 0.3752506825
0.2018200000	 0.3462967255
0.2018400000	 0.3434020908
0.2018600000	 0.3707815656
0.2018800000	 0.3545817392
0.2019000000	 0.3540534027
0.2019200000	 0.3346201537
0.2019400000	 0.3148717155
0.2019600000	 0.3654841130
0.2019800000	 0.3657406725
0.2020000000	 0.3326655838
0.2020200000	 0.3497308473
0.2020400000	 0.3440322869
0.2020600000	 0.3355917965
0.2020800000	 0.3536318270
0.2021000000	 0.3459607098
0.2021200000	 0.3258507096
0.2021400000	 0.3212360966
0.2021600000	 0.3301281175
0.2021800000	 0.3413057178
0.2022000000	 0.3365234423
0.2022200000	 0.3233395438
0.2022400000	 0.3301309897
0.2022600000	 0.3458321515
0.2022800000	 0.3398744249
0.2023000000	 0.3337563066
0.2023200000	 0.3355382644
0.2023400000	 0.3249480925
0.2023600000	 0.3255752345
0.2023800000	 0.3321484760
0.2024000000	 0.3173168533
0.2024200000	 0.3132702155
0.2024400000	 0.3225634933
0.2024600000	 0.3116437553
0.2024800000	 0.2986139555
0.2025000000	 0.2949945137
0.2025200000	 0.3069935561
0.2025400000	 0.3493073714
0.2025600000	 0.3542886244
0.2025800000	 0.3113970667
0.2026000000	 0.3073182631
0.2026200000	 0.3077721046
0.2026400000	 0.2925041385
0.2026600000	 0.3153768166
0.2026800000	 0.3192734847
0.2027000000	 0.2986094989
0.2027200000	 0.2996034338
0.2027400000	 0.2806263590
0.2027600000	 0.2725682993
0.2027800000	 0.2991894355
0.2028000000	 0.2985503994
0.2028200000	 0.2860018005
0.2028400000	 0.2848903368
0.2028600000	 0.2862073311
0.2028800000	 0.2944207890
0.2029000000	 0.2914080710
0.2029200000	 0.2854397653
0.2029400000	 0.2861545115
0.2029600000	 0.2860055553
0.2029800000	 0.2945226275
0.2030000000	 0.2859233753
0.2030200000	 0.2627490903
0.2030400000	 0.2626299504
0.2030600000	 0.2757856931
0.2030800000	 0.2870022527
0.2031000000	 0.2714836676
0.2031200000	 0.2416741996
0.2031400000	 0.2462975042
0.2031600000	 0.2493941194
0.2031800000	 0.2353564005
0.2032000000	 0.2487073915
0.2032200000	 0.2708752252
0.2032400000	 0.2606723429
0.2032600000	 0.2337972990
0.2032800000	 0.2397494016
0.2033000000	 0.2524299295
0.2033200000	 0.2310036166
0.2033400000	 0.2280566213
0.2033600000	 0.2401030109
0.2033800000	 0.2391392788
0.2034000000	 0.2529593320
0.2034200000	 0.2458487202
0.2034400000	 0.2188429950
0.2034600000	 0.2316914916
0.2034800000	 0.2485252374
0.2035000000	 0.2265948092
0.2035200000	 0.2146940615
0.2035400000	 0.2435069369
0.2035600000	 0.2496570119
0.2035800000	 0.2192640805
0.2036000000	 0.2215670303
0.2036200000	 0.2315847196
0.2036400000	 0.2110875100
0.2036600000	 0.2111797478
0.2036800000	 0.2291754725
0.2037000000	 0.2257561437
0.2037200000	 0.2208085094
0.2037400000	 0.2247517380
0.2037600000	 0.2165882373
0.2037800000	 0.2153527674
0.2038000000	 0.2289409513
0.2038200000	 0.2145663527
0.2038400000	 0.1958508298
0.2038600000	 0.2119573177
0.2038800000	 0.2153897430
0.2039000000	 0.1905173012
0.2039200000	 0.1817989593
0.2039400000	 0.1988288719
0.2039600000	 0.1945949111
0.2039800000	 0.1569589019
0.2040000000	 0.1599548270
0.2040200000	 0.1836161983
0.2040400000	 0.1561345162
0.2040600000	 0.1444338813
0.2040800000	 0.1564993720
0.2041000000	 0.1392046387
0.2041200000	 0.1384239979
0.2041400000	 0.1373751788
0.2041600000	 0.1213769560
0.2041800000	 0.1387086478
0.2042000000	 0.1464692837
0.2042200000	 0.1322327534
0.2042400000	 0.1298741955
0.2042600000	 0.1317053109
0.2042800000	 0.1341327943
0.2043000000	 0.1137210263
0.2043200000	 0.0987972535
0.2043400000	 0.1141341050
0.2043600000	 0.1150018442
0.2043800000	 0.1261049978
0.2044000000	 0.1306863822
0.2044200000	 0.1005353227
0.2044400000	 0.1069827680
0.2044600000	 0.1213702072
0.2044800000	 0.1033144236
0.2045000000	 0.1052105194
0.2045200000	 0.1220745262
0.2045400000	 0.1130170858
0.2045600000	 0.0830613411
0.2045800000	 0.0781895509
0.2046000000	 0.0861332821
0.2046200000	 0.0792495970
0.2046400000	 0.0837489083
0.2046600000	 0.0683383384
0.2046800000	 0.0512606574
0.2047000000	 0.0757933018
0.2047200000	 0.0780527224
0.2047400000	 0.0710733657
0.2047600000	 0.0806190947
0.2047800000	 0.0657168656
0.2048000000	 0.0544244892
0.2048200000	 0.0589156936
0.2048400000	 0.0463693455
0.2048600000	 0.0240293728
0.2048800000	 0.0323070429
0.2049000000	 0.0537688168
0.2049200000	 0.0343063259
0.2049400000	 0.0229200593
0.2049600000	 0.0362066330
0.2049800000	 0.0230588882
0.2050000000	 0.0216060942
0.2050200000	 0.0423141989
0.2050400000	 0.0417270430
0.2050600000	 0.0215874878
0.2050800000	 0.0133460378
0.2051000000	 0.0275440467
0.2051200000	 0.0279282438
0.2051400000	 0.0236696319
0.2051600000	 0.0206140607
0.2051800000	 -0.0068832991
0.2052000000	 -0.0032951597
0.2052200000	 0.0161632717
0.2052400000	 -0.0027938571
0.2052600000	 -0.0019078358
0.2052800000	 0.0058787365
0.2053000000	 -0.0086288002
0.2053200000	 -0.0025709893
0.2053400000	 -0.0108395430
0.2053600000	 -0.0292950168
0.2053800000	 -0.0101999241
0.2054000000	 -0.0056634282
0.2054200000	 -0.0128617015
0.2054400000	 -0.0023944681
0.2054600000	 -0.0181116808
0.2054800000	 -0.0277297192
0.2055000000	 -0.0157169717
0.2055200000	 -0.0239019519
0.2055400000	 -0.0102998646
0.2055600000	 0.0017289057
0.2055800000	 -0.0330492473
0.2056000000	 -0.0287161211
0.2056200000	 0.0041146595
0.2056400000	 -0.0178083076
0.2056600000	 -0.0379314598
0.2056800000	 -0.0233569311
0.2057000000	 -0.0267995208
0.2057200000	 -0.0334369395
0.2057400000	 -0.0306240739
0.2057600000	 -0.0466839892
0.2057800000	 -0.0535506080
0.2058000000	 -0.0328897633
0.2058200000	 -0.0254133633
0.2058400000	 -0.0472184402
0.2058600000	 -0.0483692983
0.2058800000	 -0.0135459872
0.2059000000	 -0.0186173405
0.2059200000	 -0.0470105238
0.2059400000	 -0.0389520962
0.2059600000	 -0.0447131405
0.2059800000	 -0.0630453307
0.2060000000	 -0.0656345279
0.2060200000	 -0.0564205119
0.2060400000	 -0.0366611068
0.2060600000	 -0.0453020090
0.2060800000	 -0.0465986074
0.2061000000	 -0.0387295022
0.2061200000	 -0.0709364704
0.2061400000	 -0.0793451695
0.2061600000	 -0.0766597882
0.2061800000	 -0.0726457148
0.2062000000	 -0.0421432461
0.2062200000	 -0.0619163214
0.2062400000	 -0.0772120209
0.2062600000	 -0.0528042410
0.2062800000	 -0.0679402420
0.2063000000	 -0.0806978794
0.2063200000	 -0.0734947138
0.2063400000	 -0.0763772994
0.2063600000	 -0.0917248469
0.2063800000	 -0.1066412829
0.2064000000	 -0.0890641807
0.2064200000	 -0.0807614255
0.2064400000	 -0.0935766918
0.2064600000	 -0.0910508687
0.2064800000	 -0.0841045960
0.2065000000	 -0.0811155724
0.2065200000	 -0.0978242853
0.2065400000	 -0.1090798982
0.2065600000	 -0.0942952834
0.2065800000	 -0.0881206488
0.2066000000	 -0.0899726838
0.2066200000	 -0.1014938615
0.2066400000	 -0.1064696661
0.2066600000	 -0.0928814381
0.2066800000	 -0.0871069966
0.2067000000	 -0.0842355860
0.2067200000	 -0.0919918275
0.2067400000	 -0.0977573146
0.2067600000	 -0.0953515804
0.2067800000	 -0.1037764502
0.2068000000	 -0.0954915639
0.2068200000	 -0.1007703254
0.2068400000	 -0.1169502547
0.2068600000	 -0.0990654682
0.2068800000	 -0.1020804612
0.2069000000	 -0.1136060749
0.2069200000	 -0.1088201942
0.2069400000	 -0.1299185420
0.2069600000	 -0.1369719925
0.2069800000	 -0.1181403913
0.2070000000	 -0.1205372444
0.2070200000	 -0.1343341327
0.2070400000	 -0.1384409697
0.2070600000	 -0.1344352778
0.2070800000	 -0.1315758023
0.2071000000	 -0.1330204983
0.2071200000	 -0.1254125635
0.2071400000	 -0.1153409367
0.2071600000	 -0.1276767894
0.2071800000	 -0.1438210927
0.2072000000	 -0.1411869554
0.2072200000	 -0.1337241667
0.2072400000	 -0.1309028794
0.2072600000	 -0.1404916045
0.2072800000	 -0.1407870864
0.2073000000	 -0.1251018563
0.2073200000	 -0.1344424374
0.2073400000	 -0.1553981797
0.2073600000	 -0.1592383317
0.2073800000	 -0.1450059510
0.2074000000	 -0.1402821380
0.2074200000	 -0.1547514764
0.2074400000	 -0.1382758019
0.2074600000	 -0.1410799244
0.2074800000	 -0.1767528986
0.2075000000	 -0.1593734174
0.2075200000	 -0.1460207965
0.2075400000	 -0.1609484177
0.2075600000	 -0.1596252225
0.2075800000	 -0.1554509262
0.2076000000	 -0.1491857287
0.2076200000	 -0.1679275188
0.2076400000	 -0.1821442658
0.2076600000	 -0.1625370164
0.2076800000	 -0.1499224563
0.2077000000	 -0.1481748352
0.2077200000	 -0.1796498451
0.2077400000	 -0.1984678973
0.2077600000	 -0.1738032185
0.2077800000	 -0.1595645682
0.2078000000	 -0.1422062923
0.2078200000	 -0.1627525136
0.2078400000	 -0.1872699331
0.2078600000	 -0.1614230942
0.2078800000	 -0.1873535099
0.2079000000	 -0.2024771424
0.2079200000	 -0.1637570488
0.2079400000	 -0.1670520783
0.2079600000	 -0.1790379758
0.2079800000	 -0.1708606605
0.2080000000	 -0.1549960901
0.2080200000	 -0.1666125065
0.2080400000	 -0.1899480523
0.2080600000	 -0.1632741130
0.2080800000	 -0.1652894182
0.2081000000	 -0.1859818320
0.2081200000	 -0.1673742519
0.2081400000	 -0.1690243320
0.2081600000	 -0.1652617170
0.2081800000	 -0.1509415056
0.2082000000	 -0.1650538157
0.2082200000	 -0.1841190005
0.2082400000	 -0.1850786495
0.2082600000	 -0.1658813545
0.2082800000	 -0.1720397437
0.2083000000	 -0.1855131705
0.2083200000	 -0.1702024712
0.2083400000	 -0.1775380188
0.2083600000	 -0.1969351090
0.2083800000	 -0.1955752943
0.2084000000	 -0.1822860462
0.2084200000	 -0.1712209775
0.2084400000	 -0.1700394833
0.2084600000	 -0.1698568526
0.2084800000	 -0.1900181589
0.2085000000	 -0.1998240733
0.2085200000	 -0.1799225783
0.2085400000	 -0.1897671887
0.2085600000	 -0.1982317000
0.2085800000	 -0.1814429232
0.2086000000	 -0.1853450023
0.2086200000	 -0.1983465121
0.2086400000	 -0.2086258089
0.2086600000	 -0.2210239802
0.2086800000	 -0.2226001759
0.2087000000	 -0.2160056623
0.2087200000	 -0.2178786175
0.2087400000	 -0.2191218460
0.2087600000	 -0.2148410755
0.2087800000	 -0.2210006790
0.2088000000	 -0.2168991739
0.2088200000	 -0.2127009808
0.2088400000	 -0.2210591703
0.2088600000	 -0.2130804300
0.2088800000	 -0.2225656670
0.2089000000	 -0.2334157230
0.2089200000	 -0.2137210692
0.2089400000	 -0.2208162068
0.2089600000	 -0.2354071664
0.2089800000	 -0.2363279531
0.2090000000	 -0.2442045811
0.2090200000	 -0.2317021564
0.2090400000	 -0.2213243940
0.2090600000	 -0.2291127475
0.2090800000	 -0.2292100244
0.2091000000	 -0.2345164658
0.2091200000	 -0.2386778000
0.2091400000	 -0.2274516642
0.2091600000	 -0.2252391263
0.2091800000	 -0.2428692551
0.2092000000	 -0.2532188174
0.2092200000	 -0.2367565606
0.2092400000	 -0.2216851163
0.2092600000	 -0.2346540391
0.2092800000	 -0.2457154212
0.2093000000	 -0.2365394819
0.2093200000	 -0.2385282774
0.2093400000	 -0.2448233092
0.2093600000	 -0.2362936185
0.2093800000	 -0.2379663841
0.2094000000	 -0.2451589249
0.2094200000	 -0.2418482477
0.2094400000	 -0.2384350271
0.2094600000	 -0.2409924159
0.2094800000	 -0.2572424938
0.2095000000	 -0.2728363835
0.2095200000	 -0.2605385940
0.2095400000	 -0.2398456030
0.2095600000	 -0.2433500129
0.2095800000	 -0.2458361054
0.2096000000	 -0.2355466247
0.2096200000	 -0.2508233118
0.2096400000	 -0.2618405691
0.2096600000	 -0.2385233412
0.2096800000	 -0.2254346068
0.2097000000	 -0.2371575851
0.2097200000	 -0.2542988188
0.2097400000	 -0.2541882398
0.2097600000	 -0.2441535356
0.2097800000	 -0.2318097394
0.2098000000	 -0.2143572572
0.2098200000	 -0.2272822317
0.2098400000	 -0.2361692842
0.2098600000	 -0.2255075167
0.2098800000	 -0.2324610666
0.2099000000	 -0.2276254277
0.2099200000	 -0.2351172572
0.2099400000	 -0.2359593280
0.2099600000	 -0.2253356775
0.2099800000	 -0.2575929322
0.2100000000	 -0.2311840009
0.2100200000	 -0.2091316913
0.2100400000	 -0.2638872315
0.2100600000	 -0.2462332821
0.2100800000	 -0.2299539184
0.2101000000	 -0.2450597985
0.2101200000	 -0.2258899615
0.2101400000	 -0.2547506486
0.2101600000	 -0.2645273659
0.2101800000	 -0.2406499170
0.2102000000	 -0.2470498521
0.2102200000	 -0.2309265306
0.2102400000	 -0.2192027309
0.2102600000	 -0.2277002079
0.2102800000	 -0.2402150823
0.2103000000	 -0.2448641092
0.2103200000	 -0.2395884854
0.2103400000	 -0.2625221314
0.2103600000	 -0.2378870467
0.2103800000	 -0.1921959293
0.2104000000	 -0.2252269885
0.2104200000	 -0.2332606360
0.2104400000	 -0.2027586842
0.2104600000	 -0.2118882876
0.2104800000	 -0.2377483977
0.2105000000	 -0.2557875798
0.2105200000	 -0.2490931531
0.2105400000	 -0.2374505678
0.2105600000	 -0.2463350886
0.2105800000	 -0.2554250624
0.2106000000	 -0.2547161000
0.2106200000	 -0.2508636241
0.2106400000	 -0.2557588648
0.2106600000	 -0.2646933918
0.2106800000	 -0.2578305459
0.2107000000	 -0.2301481871
0.2107200000	 -0.2185621758
0.2107400000	 -0.2361753730
0.2107600000	 -0.2378507918
0.2107800000	 -0.2392463371
0.2108000000	 -0.2483570310
0.2108200000	 -0.2339755588
0.2108400000	 -0.2184590698
0.2108600000	 -0.2150358233
0.2108800000	 -0.2381380209
0.2109000000	 -0.2604715566
0.2109200000	 -0.2499409770
0.2109400000	 -0.2640267510
0.2109600000	 -0.2826949745
0.2109800000	 -0.2801843344
0.2110000000	 -0.2827408976
0.2110200000	 -0.2609006226
0.2110400000	 -0.2450340235
0.2110600000	 -0.2565323917
0.2110800000	 -0.2577044307
0.2111000000	 -0.2567508849
0.2111200000	 -0.2630036124
0.2111400000	 -0.2731244973
0.2111600000	 -0.2663953389
0.2111800000	 -0.2540010475
0.2112000000	 -0.2674659276
0.2112200000	 -0.2670317786
0.2112400000	 -0.2513047640
0.2112600000	 -0.2647337950
0.2112800000	 -0.2795029232
0.2113000000	 -0.2513850522
0.2113200000	 -0.2303652067
0.2113400000	 -0.2613871898
0.2113600000	 -0.2739729261
0.2113800000	 -0.2620458711
0.2114000000	 -0.2651367172
0.2114200000	 -0.2572145499
0.2114400000	 -0.2544442712
0.2114600000	 -0.2526850806
0.2114800000	 -0.2494891310
0.2115000000	 -0.2649564073
0.2115200000	 -0.2653872956
0.2115400000	 -0.2627836529
0.2115600000	 -0.2511962640
0.2115800000	 -0.2358492465
0.2116000000	 -0.2569983247
0.2116200000	 -0.2540652018
0.2116400000	 -0.2425390680
0.2116600000	 -0.2586906678
0.2116800000	 -0.2565331071
0.2117000000	 -0.2549397450
0.2117200000	 -0.2371914353
0.2117400000	 -0.2238552322
0.2117600000	 -0.2603868969
0.2117800000	 -0.2627290473
0.2118000000	 -0.2393775077
0.2118200000	 -0.2440406472
0.2118400000	 -0.2446007630
0.2118600000	 -0.2502020898
0.2118800000	 -0.2644957625
0.2119000000	 -0.2654793094
0.2119200000	 -0.2483183763
0.2119400000	 -0.2318493290
0.2119600000	 -0.2355130253
0.2119800000	 -0.2403985154
0.2120000000	 -0.2472449815
0.2120200000	 -0.2422228115
0.2120400000	 -0.2190319214
0.2120600000	 -0.2291689199
0.2120800000	 -0.2430586704
0.2121000000	 -0.2348548138
0.2121200000	 -0.2524474998
0.2121400000	 -0.2504588252
0.2121600000	 -0.2000402607
0.2121800000	 -0.1889084838
0.2122000000	 -0.2228695744
0.2122200000	 -0.2229855328
0.2122400000	 -0.2066761807
0.2122600000	 -0.2212642562
0.2122800000	 -0.2330507776
0.2123000000	 -0.2250657586
0.2123200000	 -0.2125021597
0.2123400000	 -0.2059714463
0.2123600000	 -0.2232540008
0.2123800000	 -0.2287240460
0.2124000000	 -0.2065494116
0.2124200000	 -0.2101859617
0.2124400000	 -0.2246584418
0.2124600000	 -0.2127904642
0.2124800000	 -0.1990981182
0.2125000000	 -0.1976485209
0.2125200000	 -0.2105056212
0.2125400000	 -0.2302566382
0.2125600000	 -0.2206679549
0.2125800000	 -0.1961169814
0.2126000000	 -0.2135049933
0.2126200000	 -0.2350971704
0.2126400000	 -0.2054206183
0.2126600000	 -0.1834500571
0.2126800000	 -0.1950658631
0.2127000000	 -0.2061576517
0.2127200000	 -0.2218999342
0.2127400000	 -0.2233179172
0.2127600000	 -0.2082717817
0.2127800000	 -0.1989678516
0.2128000000	 -0.1804019661
0.2128200000	 -0.1758251944
0.2128400000	 -0.1956743606
0.2128600000	 -0.2031565691
0.2128800000	 -0.1949768982
0.2129000000	 -0.1857681265
0.2129200000	 -0.1861072545
0.2129400000	 -0.1849556453
0.2129600000	 -0.1875662505
0.2129800000	 -0.2022779026
0.2130000000	 -0.1896190173
0.2130200000	 -0.1772571378
0.2130400000	 -0.2011126853
0.2130600000	 -0.2083039362
0.2130800000	 -0.1871602714
0.2131000000	 -0.1814752089
0.2131200000	 -0.2039786168
0.2131400000	 -0.2089167738
0.2131600000	 -0.1930979423
0.2131800000	 -0.1928094784
0.2132000000	 -0.1704586037
0.2132200000	 -0.1548366959
0.2132400000	 -0.1812168994
0.2132600000	 -0.1832853415
0.2132800000	 -0.1742875909
0.2133000000	 -0.1716358914
0.2133200000	 -0.1677645192
0.2133400000	 -0.1723079185
0.2133600000	 -0.1570273725
0.2133800000	 -0.1630646726
0.2134000000	 -0.1862502639
0.2134200000	 -0.1768673446
0.2134400000	 -0.1730569875
0.2134600000	 -0.1599828569
0.2134800000	 -0.1511638966
0.2135000000	 -0.1661588767
0.2135200000	 -0.1592944299
0.2135400000	 -0.1671402657
0.2135600000	 -0.1693689906
0.2135800000	 -0.1439517948
0.2136000000	 -0.1485428647
0.2136200000	 -0.1484891009
0.2136400000	 -0.1461858605
0.2136600000	 -0.1499930608
0.2136800000	 -0.1249119483
0.2137000000	 -0.1308979380
0.2137200000	 -0.1561400730
0.2137400000	 -0.1434099401
0.2137600000	 -0.1260107480
0.2137800000	 -0.1146974513
0.2138000000	 -0.1116728449
0.2138200000	 -0.1159013655
0.2138400000	 -0.1089613197
0.2138600000	 -0.1105040038
0.2138800000	 -0.1278330375
0.2139000000	 -0.1363378737
0.2139200000	 -0.1195274771
0.2139400000	 -0.0986123738
0.2139600000	 -0.1036111672
0.2139800000	 -0.1083513677
0.2140000000	 -0.1067708186
0.2140200000	 -0.1214523410
0.2140400000	 -0.1202924258
0.2140600000	 -0.1078061223
0.2140800000	 -0.1056693042
0.2141000000	 -0.0882358361
0.2141200000	 -0.0882298913
0.2141400000	 -0.0994531430
0.2141600000	 -0.0643841877
0.2141800000	 -0.0473948639
0.2142000000	 -0.0756819915
0.2142200000	 -0.0836637175
0.2142400000	 -0.0753846957
0.2142600000	 -0.0722095731
0.2142800000	 -0.0757039972
0.2143000000	 -0.0719773484
0.2143200000	 -0.0513526355
0.2143400000	 -0.0475694434
0.2143600000	 -0.0495254085
0.2143800000	 -0.0313878119
0.2144000000	 -0.0233021578
0.2144200000	 -0.0362941002
0.2144400000	 -0.0469047163
0.2144600000	 -0.0366057965
0.2144800000	 -0.0213667485
0.2145000000	 -0.0263019715
0.2145200000	 -0.0365070096
0.2145400000	 -0.0334686623
0.2145600000	 -0.0215655120
0.2145800000	 -0.0121675391
0.2146000000	 -0.0135851129
0.2146200000	 -0.0217544656
0.2146400000	 -0.0203706083
0.2146600000	 -0.0127098541
0.2146800000	 -0.0207634457
0.2147000000	 -0.0200514777
0.2147200000	 0.0024771337
0.2147400000	 0.0006536151
0.2147600000	 -0.0111452666
0.2147800000	 0.0122592167
0.2148000000	 0.0352697067
0.2148200000	 0.0223027698
0.2148400000	 0.0099971599
0.2148600000	 0.0140774569
0.2148800000	 0.0061467150
0.2149000000	 0.0019663086
0.2149200000	 0.0136448466
0.2149400000	 0.0194222033
0.2149600000	 0.0224365218
0.2149800000	 0.0256396622
0.2150000000	 0.0308574374
0.2150200000	 0.0346526696
0.2150400000	 0.0345755955
0.2150600000	 0.0397809870
0.2150800000	 0.0371088481
0.2151000000	 0.0435757150
0.2151200000	 0.0562316882
0.2151400000	 0.0442433807
0.2151600000	 0.0450718862
0.2151800000	 0.0486583646
0.2152000000	 0.0313260567
0.2152200000	 0.0289204469
0.2152400000	 0.0309397549
0.2152600000	 0.0311468769
0.2152800000	 0.0375862270
0.2153000000	 0.0547807181
0.2153200000	 0.0825593363
0.2153400000	 0.0873648681
0.2153600000	 0.0885029218
0.2153800000	 0.0933190639
0.2154000000	 0.0822811279
0.2154200000	 0.0861264332
0.2154400000	 0.0910163124
0.2154600000	 0.0924732678
0.2154800000	 0.1060870537
0.2155000000	 0.1083862735
0.2155200000	 0.1140998033
0.2155400000	 0.1240221856
0.2155600000	 0.1248029972
0.2155800000	 0.1259312899
0.2156000000	 0.1215311695
0.2156200000	 0.1240627291
0.2156400000	 0.1327912764
0.2156600000	 0.1309401387
0.2156800000	 0.1288633550
0.2157000000	 0.1441128576
0.2157200000	 0.1618193452
0.2157400000	 0.1380118497
0.2157600000	 0.1153363889
0.2157800000	 0.1421418860
0.2158000000	 0.1575020078
0.2158200000	 0.1531358970
0.2158400000	 0.1636982465
0.2158600000	 0.1761293502
0.2158800000	 0.1781981470
0.2159000000	 0.1665163499
0.2159200000	 0.1648690530
0.2159400000	 0.1756399446
0.2159600000	 0.1705275161
0.2159800000	 0.1683170446
0.2160000000	 0.1815128808
0.2160200000	 0.1917786324
0.2160400000	 0.1914947785
0.2160600000	 0.1924956697
0.2160800000	 0.2086509023
0.2161000000	 0.2130016261
0.2161200000	 0.2039705228
0.2161400000	 0.2131163273
0.2161600000	 0.2093184642
0.2161800000	 0.1908932103
0.2162000000	 0.2013538463
0.2162200000	 0.2166424771
0.2162400000	 0.2265594315
0.2162600000	 0.2387254154
0.2162800000	 0.2300095610
0.2163000000	 0.2271005842
0.2163200000	 0.2404389781
0.2163400000	 0.2499328465
0.2163600000	 0.2605527483
0.2163800000	 0.2491667262
0.2164000000	 0.2415193831
0.2164200000	 0.2607429474
0.2164400000	 0.2522737875
0.2164600000	 0.2470542068
0.2164800000	 0.2725203905
0.2165000000	 0.2767981954
0.2165200000	 0.2712628108
0.2165400000	 0.2781417113
0.2165600000	 0.2832281344
0.2165800000	 0.2724749955
0.2166000000	 0.2614997660
0.2166200000	 0.2801770653
0.2166400000	 0.2906043821
0.2166600000	 0.2779472914
0.2166800000	 0.2838269343
0.2167000000	 0.2961124932
0.2167200000	 0.2999153457
0.2167400000	 0.2985748257
0.2167600000	 0.2883115172
0.2167800000	 0.2914792920
0.2168000000	 0.3030657945
0.2168200000	 0.2975071957
0.2168400000	 0.3003239027
0.2168600000	 0.3137658247
0.2168800000	 0.3066840771
0.2169000000	 0.3038736055
0.2169200000	 0.3138361650
0.2169400000	 0.3159100374
0.2169600000	 0.3236188835
0.2169800000	 0.3274146323
0.2170000000	 0.3246571788
0.2170200000	 0.3227602608
0.2170400000	 0.3122306371
0.2170600000	 0.3208797659
0.2170800000	 0.3323119116
0.2171000000	 0.3180064016
0.2171200000	 0.3175891711
0.2171400000	 0.3244536475
0.2171600000	 0.3222265819
0.2171800000	 0.3313647619
0.2172000000	 0.3292999029
0.2172200000	 0.3106001956
0.2172400000	 0.3247471998
0.2172600000	 0.3504449671
0.2172800000	 0.3302724731
0.2173000000	 0.3176886088
0.2173200000	 0.3356478912
0.2173400000	 0.3390263177
0.2173600000	 0.3477137150
0.2173800000	 0.3421736822
0.2174000000	 0.3173612489
0.2174200000	 0.3222421276
0.2174400000	 0.3406880585
0.2174600000	 0.3604689875
0.2174800000	 0.3608132312
0.2175000000	 0.3504919535
0.2175200000	 0.3549129333
0.2175400000	 0.3422174477
0.2175600000	 0.3567485424
0.2175800000	 0.3738840441
0.2176000000	 0.3477689663
0.2176200000	 0.3633243627
0.2176400000	 0.3750637239
0.2176600000	 0.3561222442
0.2176800000	 0.3572813555
0.2177000000	 0.3533907796
0.2177200000	 0.3803811089
0.2177400000	 0.3918572905
0.2177600000	 0.3549705963
0.2177800000	 0.3577140987
0.2178000000	 0.3604397648
0.2178200000	 0.3568232798
0.2178400000	 0.3713010470
0.2178600000	 0.3596705215
0.2178800000	 0.3465274144
0.2179000000	 0.3409900982
0.2179200000	 0.3567571987
0.2179400000	 0.3839168707
0.2179600000	 0.3689696055
0.2179800000	 0.3579238736
0.2180000000	 0.3619577778
0.2180200000	 0.3582637327
0.2180400000	 0.3687902850
0.2180600000	 0.3744897150
0.2180800000	 0.3756396385
0.2181000000	 0.3740588185
0.2181200000	 0.3546134416
0.2181400000	 0.3384801099
0.2181600000	 0.3347648159
0.2181800000	 0.3471474924
0.2182000000	 0.3685329077
0.2182200000	 0.3671815231
0.2182400000	 0.3527781761
0.2182600000	 0.3603062500
0.2182800000	 0.3662870454
0.2183000000	 0.3526173295
0.2183200000	 0.3530681283
0.2183400000	 0.3417616621
0.2183600000	 0.3259402591
0.2183800000	 0.3577987424
0.2184000000	 0.3642156442
0.2184200000	 0.3309043916
0.2184400000	 0.3282011543
0.2184600000	 0.3389845640
0.2184800000	 0.3532979031
0.2185000000	 0.3454743955
0.2185200000	 0.3162073890
0.2185400000	 0.3295339775
0.2185600000	 0.3364655902
0.2185800000	 0.3188478831
0.2186000000	 0.3323461898
0.2186200000	 0.3358637548
0.2186400000	 0.3315887330
0.2186600000	 0.3501215563
0.2186800000	 0.3516788722
0.2187000000	 0.3404184301
0.2187200000	 0.3331180905
0.2187400000	 0.3348744900
0.2187600000	 0.3440358847
0.2187800000	 0.3326009440
0.2188000000	 0.3312969634
0.2188200000	 0.3406671215
0.2188400000	 0.3305452739
0.2188600000	 0.3440370598
0.2188800000	 0.3522758598
0.2189000000	 0.3404778090
0.2189200000	 0.3514526966
0.2189400000	 0.3360209113
0.2189600000	 0.3278526080
0.2189800000	 0.3541105056
0.2190000000	 0.3346620324
0.2190200000	 0.3213225445
0.2190400000	 0.3370339319
0.2190600000	 0.3321679460
0.2190800000	 0.3409286805
0.2191000000	 0.3381654169
0.2191200000	 0.3136906606
0.2191400000	 0.3259260820
0.2191600000	 0.3442978552
0.2191800000	 0.3292712744
0.2192000000	 0.3147929518
0.2192200000	 0.3189352978
0.2192400000	 0.3156833036
0.2192600000	 0.3076531431
0.2192800000	 0.3112144611
0.2193000000	 0.3171027213
0.2193200000	 0.3206658517
0.2193400000	 0.3089827629
0.2193600000	 0.2986660646
0.2193800000	 0.3035339247
0.2194000000	 0.2945882547
0.2194200000	 0.3039693626
0.2194400000	 0.3233248420
0.2194600000	 0.2877269959
0.2194800000	 0.2610993802
0.2195000000	 0.2958259345
0.2195200000	 0.3115797488
0.2195400000	 0.2918794025
0.2195600000	 0.3011906189
0.2195800000	 0.3043117655
0.2196000000	 0.2702370728
0.2196200000	 0.2636328462
0.2196400000	 0.2715241473
0.2196600000	 0.2664157359
0.2196800000	 0.2661067890
0.2197000000	 0.2615655045
0.2197200000	 0.2705478026
0.2197400000	 0.2714705014
0.2197600000	 0.2534228903
0.2197800000	 0.2584316507
0.2198000000	 0.2664093303
0.2198200000	 0.2746413276
0.2198400000	 0.2596486134
0.2198600000	 0.2184851363
0.2198800000	 0.2374662677
0.2199000000	 0.2694802183
0.2199200000	 0.2633188595
0.2199400000	 0.2709920993
0.2199600000	 0.2656311109
0.2199800000	 0.2406763479
0.2200000000	 0.2497662810
0.2200200000	 0.2722418586
0.2200400000	 0.2557909619
0.2200600000	 0.2376128329
0.2200800000	 0.2422606289
0.2201000000	 0.2347381163
0.2201200000	 0.2488619462
0.2201400000	 0.2452947794
0.2201600000	 0.2014504577
0.2201800000	 0.2101482999
0.2202000000	 0.2047378755
0.2202200000	 0.1760372385
0.2202400000	 0.1986937178
0.2202600000	 0.2057774139
0.2202800000	 0.2053179771
0.2203000000	 0.1937826592
0.2203200000	 0.1708715100
0.2203400000	 0.2010125190
0.2203600000	 0.2081263897
0.2203800000	 0.1907388183
0.2204000000	 0.1897099252
0.2204200000	 0.1722495621
0.2204400000	 0.1748512801
0.2204600000	 0.1687646121
0.2204800000	 0.1610500893
0.2205000000	 0.1926392821
0.2205200000	 0.1983726851
0.2205400000	 0.1970835025
0.2205600000	 0.1904050326
0.2205800000	 0.1536943501
0.2206000000	 0.1526649793
0.2206200000	 0.1653501307
0.2206400000	 0.1572232786
0.2206600000	 0.1569303796
0.2206800000	 0.1555263263
0.2207000000	 0.1488527195
0.2207200000	 0.1488636054
0.2207400000	 0.1502516090
0.2207600000	 0.1412929781
0.2207800000	 0.1307130321
0.2208000000	 0.1321412163
0.2208200000	 0.1408534216
0.2208400000	 0.1371084595
0.2208600000	 0.1116899982
0.2208800000	 0.1125554486
0.2209000000	 0.1424371485
0.2209200000	 0.1402815502
0.2209400000	 0.1209899750
0.2209600000	 0.1208115357
0.2209800000	 0.1287641238
0.2210000000	 0.1195626754
0.2210200000	 0.1053136903
0.2210400000	 0.1138012222
0.2210600000	 0.1092416907
0.2210800000	 0.0875571344
0.2211000000	 0.0746852615
0.2211200000	 0.0712754851
0.2211400000	 0.0941180211
0.2211600000	 0.1021427761
0.2211800000	 0.0856097298
0.2212000000	 0.0856877862
0.2212200000	 0.0768112682
0.2212400000	 0.0782361226
0.2212600000	 0.0998997761
0.2212800000	 0.1020916506
0.2213000000	 0.0997515523
0.2213200000	 0.0933506564
0.2213400000	 0.0828308408
0.2213600000	 0.0744695725
0.2213800000	 0.0687913806
0.2214000000	 0.0880367836
0.2214200000	 0.0952412801
0.2214400000	 0.0692359497
0.2214600000	 0.0581343345
0.2214800000	 0.0636043896
0.2215000000	 0.0565621780
0.2215200000	 0.0476381734
0.2215400000	 0.0579562892
0.2215600000	 0.0619060707
0.2215800000	 0.0532671461
0.2216000000	 0.0538464579
0.2216200000	 0.0488539753
0.2216400000	 0.0557513579
0.2216600000	 0.0649776748
0.2216800000	 0.0375284169
0.2217000000	 0.0211342658
0.2217200000	 0.0302432530
0.2217400000	 0.0357409071
0.2217600000	 0.0358573797
0.2217800000	 0.0183443082
0.2218000000	 0.0072566605
0.2218200000	 0.0217137940
0.2218400000	 0.0306481343
0.2218600000	 0.0266785195
0.2218800000	 0.0305486478
0.2219000000	 0.0374624586
0.2219200000	 0.0259177342
0.2219400000	 0.0163017759
0.2219600000	 0.0185677633
0.2219800000	 0.0199461066
0.2220000000	 0.0288885920
0.2220200000	 0.0150225272
0.2220400000	 -0.0122316701
0.2220600000	 -0.0039821266
0.2220800000	 0.0044033969
0.2221000000	 0.0062784945
0.2221200000	 0.0189917422
0.2221400000	 0.0078914794
0.2221600000	 -0.0040284561
0.2221800000	 0.0095662241
0.2222000000	 0.0050558186
0.2222200000	 -0.0137230562
0.2222400000	 -0.0079324162
0.2222600000	 -0.0030487360
0.2222800000	 -0.0175439435
0.2223000000	 -0.0237779147
0.2223200000	 -0.0126129339
0.2223400000	 0.0056762644
0.2223600000	 0.0026647154
0.2223800000	 -0.0152036511
0.2224000000	 -0.0151514825
0.2224200000	 -0.0190424628
0.2224400000	 -0.0225827443
0.2224600000	 -0.0296986744
0.2224800000	 -0.0572690191
0.2225000000	 -0.0446561584
0.2225200000	 -0.0240247548
0.2225400000	 -0.0445427572
0.2225600000	 -0.0367284511
0.2225800000	 -0.0189712742
0.2226000000	 -0.0426640716
0.2226200000	 -0.0716485560
0.2226400000	 -0.0730444005
0.2226600000	 -0.0585591623
0.2226800000	 -0.0619085087
0.2227000000	 -0.0751170539
0.2227200000	 -0.0827876857
0.2227400000	 -0.0806669551
0.2227600000	 -0.0643921941
0.2227800000	 -0.0638723616
0.2228000000	 -0.0641509340
0.2228200000	 -0.0560814910
0.2228400000	 -0.0704284611
0.2228600000	 -0.0831182855
0.2228800000	 -0.0860865457
0.2229000000	 -0.0791394927
0.2229200000	 -0.0652857534
0.2229400000	 -0.0737180762
0.2229600000	 -0.0797392830
0.2229800000	 -0.0744413582
0.2230000000	 -0.0736109010
0.2230200000	 -0.0837122074
0.2230400000	 -0.0961197238
0.2230600000	 -0.0759870429
0.2230800000	 -0.0819851420
0.2231000000	 -0.1174513341
0.2231200000	 -0.1031647394
0.2231400000	 -0.1030025210
0.2231600000	 -0.1226543146
0.2231800000	 -0.1179882137
0.2232000000	 -0.1227649230
0.2232200000	 -0.0969283693
0.2232400000	 -0.0697575520
0.2232600000	 -0.0881421028
0.2232800000	 -0.0882069601
0.2233000000	 -0.0884461595
0.2233200000	 -0.0974781417
0.2233400000	 -0.0892104219
0.2233600000	 -0.0984100897
0.2233800000	 -0.1085519014
0.2234000000	 -0.1069582415
0.2234200000	 -0.1114827731
0.2234400000	 -0.1145009754
0.2234600000	 -0.1169595520
0.2234800000	 -0.1118306385
0.2235000000	 -0.1107407959
0.2235200000	 -0.1215305239
0.2235400000	 -0.1163948759
0.2235600000	 -0.1042143512
0.2235800000	 -0.1074910446
0.2236000000	 -0.1279811320
0.2236200000	 -0.1450649017
0.2236400000	 -0.1312310845
0.2236600000	 -0.1124496944
0.2236800000	 -0.1165008483
0.2237000000	 -0.1230860584
0.2237200000	 -0.1164064793
0.2237400000	 -0.1132536941
0.2237600000	 -0.1265556458
0.2237800000	 -0.1345175801
0.2238000000	 -0.1388884740
0.2238200000	 -0.1461560776
0.2238400000	 -0.1317795587
0.2238600000	 -0.1193246588
0.2238800000	 -0.1236935369
0.2239000000	 -0.1238148648
0.2239200000	 -0.1325836706
0.2239400000	 -0.1351626335
0.2239600000	 -0.1192530119
0.2239800000	 -0.1217710669
0.2240000000	 -0.1403191895
0.2240200000	 -0.1402351527
0.2240400000	 -0.1304386481
0.2240600000	 -0.1421303941
0.2240800000	 -0.1477350128
0.2241000000	 -0.1319100155
0.2241200000	 -0.1377537190
0.2241400000	 -0.1477446185
0.2241600000	 -0.1470460569
0.2241800000	 -0.1525337559
0.2242000000	 -0.1424847175
0.2242200000	 -0.1375564256
0.2242400000	 -0.1457242577
0.2242600000	 -0.1421386285
0.2242800000	 -0.1507708548
0.2243000000	 -0.1648272983
0.2243200000	 -0.1623751274
0.2243400000	 -0.1567334587
0.2243600000	 -0.1528432049
0.2243800000	 -0.1519163212
0.2244000000	 -0.1649557576
0.2244200000	 -0.1794999990
0.2244400000	 -0.1636096164
0.2244600000	 -0.1557177458
0.2244800000	 -0.1733873084
0.2245000000	 -0.1719444553
0.2245200000	 -0.1796118558
0.2245400000	 -0.1814020742
0.2245600000	 -0.1643344092
0.2245800000	 -0.1720356999
0.2246000000	 -0.1599181988
0.2246200000	 -0.1652225145
0.2246400000	 -0.2078963302
0.2246600000	 -0.2044522634
0.2246800000	 -0.1935314383
0.2247000000	 -0.1756257235
0.2247200000	 -0.1547665766
0.2247400000	 -0.1739297301
0.2247600000	 -0.1731048724
0.2247800000	 -0.1789953073
0.2248000000	 -0.1874724820
0.2248200000	 -0.1625943683
0.2248400000	 -0.1731914199
0.2248600000	 -0.1910078994
0.2248800000	 -0.1957831590
0.2249000000	 -0.1841320399
0.2249200000	 -0.1516634957
0.2249400000	 -0.1748537680
0.2249600000	 -0.2004819336
0.2249800000	 -0.1935617813
0.2250000000	 -0.1925812982
0.2250200000	 -0.1819405286
0.2250400000	 -0.2005072615
0.2250600000	 -0.2024952484
0.2250800000	 -0.1763293928
0.2251000000	 -0.1922966372
0.2251200000	 -0.1831112901
0.2251400000	 -0.1660563220
0.2251600000	 -0.1864952921
0.2251800000	 -0.2002282632
0.2252000000	 -0.2081683517
0.2252200000	 -0.1884053568
0.2252400000	 -0.1802383444
0.2252600000	 -0.2060684845
0.2252800000	 -0.1940255162
0.2253000000	 -0.1729411204
0.2253200000	 -0.1694175396
0.2253400000	 -0.1725377122
0.2253600000	 -0.1800825067
0.2253800000	 -0.1672026496
0.2254000000	 -0.1722512593
0.2254200000	 -0.1956807522
0.2254400000	 -0.1950442855
0.2254600000	 -0.1992782761
0.2254800000	 -0.2022758695
0.2255000000	 -0.1833853057
0.2255200000	 -0.1828783797
0.2255400000	 -0.2074746683
0.2255600000	 -0.2192275292
0.2255800000	 -0.2121507803
0.2256000000	 -0.1978854149
0.2256200000	 -0.1967165975
0.2256400000	 -0.2189201495
0.2256600000	 -0.2215556373
0.2256800000	 -0.2158957801
0.2257000000	 -0.2342484940
0.2257200000	 -0.2378164552
0.2257400000	 -0.2372058887
0.2257600000	 -0.2344131879
0.2257800000	 -0.2159808418
0.2258000000	 -0.2259458035
0.2258200000	 -0.2316924389
0.2258400000	 -0.2134007685
0.2258600000	 -0.2230679659
0.2258800000	 -0.2499253033
0.2259000000	 -0.2575927183
0.2259200000	 -0.2328830966
0.2259400000	 -0.2158594420
0.2259600000	 -0.2364344470
0.2259800000	 -0.2447703499
0.2260000000	 -0.2259000919
0.2260200000	 -0.2138315699
0.2260400000	 -0.2268916941
0.2260600000	 -0.2424491245
0.2260800000	 -0.2378037887
0.2261000000	 -0.2319958346
0.2261200000	 -0.2263866327
0.2261400000	 -0.2342674496
0.2261600000	 -0.2450611833
0.2261800000	 -0.2266280339
0.2262000000	 -0.2336597320
0.2262200000	 -0.2569892204
0.2262400000	 -0.2519975225
0.2262600000	 -0.2495233775
0.2262800000	 -0.2400029201
0.2263000000	 -0.2441603293
0.2263200000	 -0.2535319428
0.2263400000	 -0.2195862865
0.2263600000	 -0.2249763909
0.2263800000	 -0.2576530519
0.2264000000	 -0.2398267603
0.2264200000	 -0.2446231656
0.2264400000	 -0.2672871647
0.2264600000	 -0.2532432232
0.2264800000	 -0.2434981040
0.2265000000	 -0.2436891476
0.2265200000	 -0.2412591536
0.2265400000	 -0.2352229421
0.2265600000	 -0.2286811235
0.2265800000	 -0.2442725000
0.2266000000	 -0.2490680361
0.2266200000	 -0.2287580160
0.2266400000	 -0.2283388537
0.2266600000	 -0.2342497513
0.2266800000	 -0.2364351545
0.2267000000	 -0.2494403992
0.2267200000	 -0.2503462620
0.2267400000	 -0.2544669278
0.2267600000	 -0.2695008580
0.2267800000	 -0.2615033455
0.2268000000	 -0.2525725653
0.2268200000	 -0.2556854740
0.2268400000	 -0.2531714084
0.2268600000	 -0.2611589975
0.2268800000	 -0.2718114820
0.2269000000	 -0.2688759888
0.2269200000	 -0.2620652400
0.2269400000	 -0.2552975328
0.2269600000	 -0.2578131760
0.2269800000	 -0.2602003485
0.2270000000	 -0.2563965936
0.2270200000	 -0.2610031181
0.2270400000	 -0.2563260181
0.2270600000	 -0.2521453028
0.2270800000	 -0.2584392795
0.2271000000	 -0.2438245966
0.2271200000	 -0.2361105507
0.2271400000	 -0.2428199771
0.2271600000	 -0.2416618937
0.2271800000	 -0.2529771084
0.2272000000	 -0.2518604554
0.2272200000	 -0.2488348282
0.2272400000	 -0.2597403971
0.2272600000	 -0.2346436636
0.2272800000	 -0.2318936328
0.2273000000	 -0.2685854223
0.2273200000	 -0.2601287734
0.2273400000	 -0.2470108892
0.2273600000	 -0.2606554568
0.2273800000	 -0.2561131926
0.2274000000	 -0.2416753438
0.2274200000	 -0.2454288176
0.2274400000	 -0.2613873120
0.2274600000	 -0.2573051392
0.2274800000	 -0.2454964015
0.2275000000	 -0.2537019485
0.2275200000	 -0.2631973935
0.2275400000	 -0.2653182259
0.2275600000	 -0.2644475904
0.2275800000	 -0.2612047263
0.2276000000	 -0.2518985765
0.2276200000	 -0.2590001725
0.2276400000	 -0.2845650697
0.2276600000	 -0.2600412350
0.2276800000	 -0.2300953994
0.2277000000	 -0.2658641748
0.2277200000	 -0.2902508958
0.2277400000	 -0.2796193025
0.2277600000	 -0.2710198821
0.2277800000	 -0.2623206656
0.2278000000	 -0.2550356636
0.2278200000	 -0.2500731246
0.2278400000	 -0.2530359023
0.2278600000	 -0.2565095610
0.2278800000	 -0.2560715762
0.2279000000	 -0.2459766317
0.2279200000	 -0.2286502586
0.2279400000	 -0.2333558717
0.2279600000	 -0.2377206864
0.2279800000	 -0.2470592299
0.2280000000	 -0.2600281406
0.2280200000	 -0.2364849994
0.2280400000	 -0.2350216319
0.2280600000	 -0.2415748387
0.2280800000	 -0.2297991098
0.2281000000	 -0.2534750882
0.2281200000	 -0.2513508067
0.2281400000	 -0.2341089782
0.2281600000	 -0.2527431359
0.2281800000	 -0.2615763325
0.2282000000	 -0.2750070054
0.2282200000	 -0.2666576784
0.2282400000	 -0.2185413192
0.2282600000	 -0.2019411346
0.2282800000	 -0.2274923559
0.2283000000	 -0.2422782612
0.2283200000	 -0.2254388322
0.2283400000	 -0.2387792191
0.2283600000	 -0.2481840419
0.2283800000	 -0.2173287917
0.2284000000	 -0.2440370566
0.2284200000	 -0.2618904865
0.2284400000	 -0.2331685751
0.2284600000	 -0.2417100425
0.2284800000	 -0.2500032447
0.2285000000	 -0.2708276515
0.2285200000	 -0.2831533781
0.2285400000	 -0.2544636684
0.2285600000	 -0.2501522411
0.2285800000	 -0.2399052579
0.2286000000	 -0.2443826234
0.2286200000	 -0.2614374034
0.2286400000	 -0.2312630284
0.2286600000	 -0.2391149253
0.2286800000	 -0.2612642655
0.2287000000	 -0.2448117400
0.2287200000	 -0.2495868945
0.2287400000	 -0.2508031723
0.2287600000	 -0.2370533211
0.2287800000	 -0.2334480859
0.2288000000	 -0.2413886926
0.2288200000	 -0.2447442209
0.2288400000	 -0.2287689631
0.2288600000	 -0.2300469911
0.2288800000	 -0.2359805104
0.2289000000	 -0.2346903465
0.2289200000	 -0.2370196464
0.2289400000	 -0.2194095183
0.2289600000	 -0.2188004351
0.2289800000	 -0.2311587719
0.2290000000	 -0.2326265332
0.2290200000	 -0.2436713763
0.2290400000	 -0.2327523885
0.2290600000	 -0.2238378296
0.2290800000	 -0.2281348394
0.2291000000	 -0.2102675470
0.2291200000	 -0.2045238436
0.2291400000	 -0.2030674095
0.2291600000	 -0.2138096612
0.2291800000	 -0.2491727704
0.2292000000	 -0.2442390444
0.2292200000	 -0.2193317029
0.2292400000	 -0.2171543936
0.2292600000	 -0.2295028249
0.2292800000	 -0.2427558985
0.2293000000	 -0.2268911212
0.2293200000	 -0.2139521993
0.2293400000	 -0.2258829425
0.2293600000	 -0.2292331274
0.2293800000	 -0.2330432858
0.2294000000	 -0.2398281882
0.2294200000	 -0.2330599374
0.2294400000	 -0.2087122153
0.2294600000	 -0.1875846957
0.2294800000	 -0.2018415369
0.2295000000	 -0.2240377869
0.2295200000	 -0.2222918687
0.2295400000	 -0.2052885557
0.2295600000	 -0.1932953858
0.2295800000	 -0.1925507364
0.2296000000	 -0.1805887579
0.2296200000	 -0.1823293433
0.2296400000	 -0.2012399510
0.2296600000	 -0.1905891804
0.2296800000	 -0.1820763787
0.2297000000	 -0.1902839148
0.2297200000	 -0.1973776700
0.2297400000	 -0.2013723791
0.2297600000	 -0.1825182343
0.2297800000	 -0.1775935034
0.2298000000	 -0.1853065232
0.2298200000	 -0.1798725349
0.2298400000	 -0.1790355384
0.2298600000	 -0.1496274900
0.2298800000	 -0.1472870609
0.2299000000	 -0.1867945718
0.2299200000	 -0.1748196965
0.2299400000	 -0.1744210468
0.2299600000	 -0.1835774514
0.2299800000	 -0.1615616609
0.2300000000	 -0.1723896213
0.2300200000	 -0.1670371657
0.2300400000	 -0.1530600564
0.2300600000	 -0.1647828533
0.2300800000	 -0.1533799484
0.2301000000	 -0.1445492154
0.2301200000	 -0.1414845869
0.2301400000	 -0.1638980001
0.2301600000	 -0.1854805619
0.2301800000	 -0.1444155469
0.2302000000	 -0.1310985175
0.2302200000	 -0.1259055394
0.2302400000	 -0.1087055648
0.2302600000	 -0.1417521253
0.2302800000	 -0.1364466348
0.2303000000	 -0.1213834960
0.2303200000	 -0.1357440070
0.2303400000	 -0.1165467647
0.2303600000	 -0.1169340028
0.2303800000	 -0.1226948481
0.2304000000	 -0.1274373627
0.2304200000	 -0.1487639134
0.2304400000	 -0.1282663044
0.2304600000	 -0.1251512131
0.2304800000	 -0.1358734276
0.2305000000	 -0.1083407659
0.2305200000	 -0.1068433231
0.2305400000	 -0.1010686666
0.2305600000	 -0.0722393309
0.2305800000	 -0.0908705138
0.2306000000	 -0.1262181902
0.2306200000	 -0.1098159398
0.2306400000	 -0.0743826187
0.2306600000	 -0.0840516544
0.2306800000	 -0.0982004059
0.2307000000	 -0.0807293302
0.2307200000	 -0.0782724699
0.2307400000	 -0.0804630489
0.2307600000	 -0.0632516590
0.2307800000	 -0.0676575566
0.2308000000	 -0.0920463358
0.2308200000	 -0.0812775230
0.2308400000	 -0.0663761979
0.2308600000	 -0.0876954400
0.2308800000	 -0.0809122783
0.2309000000	 -0.0610987953
0.2309200000	 -0.0757999868
0.2309400000	 -0.0762256606
0.2309600000	 -0.0641484308
0.2309800000	 -0.0494535049
0.2310000000	 -0.0358231795
0.2310200000	 -0.0494103313
0.2310400000	 -0.0393182302
0.2310600000	 -0.0191641160
0.2310800000	 -0.0465163001
0.2311000000	 -0.0515693022
0.2311200000	 -0.0182701676
0.2311400000	 -0.0248988225
0.2311600000	 -0.0472933347
0.2311800000	 -0.0296216617
0.2312000000	 -0.0078744061
0.2312200000	 -0.0113745253
0.2312400000	 -0.0192251622
0.2312600000	 -0.0132243711
0.2312800000	 -0.0054360163
0.2313000000	 -0.0215924426
0.2313200000	 -0.0198838322
0.2313400000	 0.0049408253
0.2313600000	 -0.0103217261
0.2313800000	 -0.0120504503
0.2314000000	 0.0175662649
0.2314200000	 0.0060101862
0.2314400000	 -0.0102917759
0.2314600000	 0.0011734389
0.2314800000	 0.0125992348
0.2315000000	 0.0023689578
0.2315200000	 -0.0248519554
0.2315400000	 -0.0188463377
0.2315600000	 0.0020383186
0.2315800000	 0.0017800711
0.2316000000	 0.0048646009
0.2316200000	 0.0081534182
0.2316400000	 0.0191884241
0.2316600000	 0.0356868979
0.2316800000	 0.0359436317
0.2317000000	 0.0405963944
0.2317200000	 0.0419631715
0.2317400000	 0.0378356916
0.2317600000	 0.0433782413
0.2317800000	 0.0277580682
0.2318000000	 0.0160150370
0.2318200000	 0.0493092827
0.2318400000	 0.0743199431
0.2318600000	 0.0660539569
0.2318800000	 0.0593884302
0.2319000000	 0.0615844974
0.2319200000	 0.0710399549
0.2319400000	 0.0780593539
0.2319600000	 0.0761838864
0.2319800000	 0.0785995597
0.2320000000	 0.0754528579
0.2320200000	 0.0712582136
0.2320400000	 0.0821144536
0.2320600000	 0.0893611984
0.2320800000	 0.0852091266
0.2321000000	 0.0835047376
0.2321200000	 0.0946272334
0.2321400000	 0.0946006929
0.2321600000	 0.0798917494
0.2321800000	 0.0997598653
0.2322000000	 0.1248648011
0.2322200000	 0.1227142388
0.2322400000	 0.1232760146
0.2322600000	 0.1120985403
0.2322800000	 0.1140023103
0.2323000000	 0.1485436401
0.2323200000	 0.1583221236
0.2323400000	 0.1379653900
0.2323600000	 0.1189049215
0.2323800000	 0.1269281223
0.2324000000	 0.1494320318
0.2324200000	 0.1518884898
0.2324400000	 0.1526267133
0.2324600000	 0.1480612511
0.2324800000	 0.1405674486
0.2325000000	 0.1601731890
0.2325200000	 0.1757191970
0.2325400000	 0.1681538311
0.2325600000	 0.1724931787
0.2325800000	 0.2006835706
0.2326000000	 0.2022092472
0.2326200000	 0.1787195866
0.2326400000	 0.1912914685
0.2326600000	 0.1865600780
0.2326800000	 0.1582264394
0.2327000000	 0.1832516099
0.2327200000	 0.2067818212
0.2327400000	 0.2018783748
0.2327600000	 0.1971097705
0.2327800000	 0.1894322082
0.2328000000	 0.2027087028
0.2328200000	 0.2050526017
0.2328400000	 0.2059128056
0.2328600000	 0.2403968234
0.2328800000	 0.2312648010
0.2329000000	 0.2098604142
0.2329200000	 0.2352998647
0.2329400000	 0.2306707019
0.2329600000	 0.2150427265
0.2329800000	 0.2339207341
0.2330000000	 0.2336413167
0.2330200000	 0.2224477084
0.2330400000	 0.2307603331
0.2330600000	 0.2300683881
0.2330800000	 0.2175568658
0.2331000000	 0.2247521578
0.2331200000	 0.2519666909
0.2331400000	 0.2586600900
0.2331600000	 0.2347217799
0.2331800000	 0.2258786422
0.2332000000	 0.2508950918
0.2332200000	 0.2729169898
0.2332400000	 0.2694073759
0.2332600000	 0.2641579922
0.2332800000	 0.2663482542
0.2333000000	 0.2624338658
0.2333200000	 0.2696646513
0.2333400000	 0.2825990406
0.2333600000	 0.2714028928
0.2333800000	 0.2582160062
0.2334000000	 0.2646382350
0.2334200000	 0.2732394842
0.2334400000	 0.2718084881
0.2334600000	 0.2836046449
0.2334800000	 0.3040470266
0.2335000000	 0.2780385060
0.2335200000	 0.2628932516
0.2335400000	 0.3095927872
0.2335600000	 0.3087073741
0.2335800000	 0.2701351540
0.2336000000	 0.2781825435
0.2336200000	 0.2838331025
0.2336400000	 0.2813073318
0.2336600000	 0.2953600572
0.2336800000	 0.2937801862
0.2337000000	 0.2940933240
0.2337200000	 0.3148481223
0.2337400000	 0.3098591332
0.2337600000	 0.2849756849
0.2337800000	 0.2951781849
0.2338000000	 0.3067441558
0.2338200000	 0.3051260304
0.2338400000	 0.3275018618
0.2338600000	 0.3169031449
0.2338800000	 0.2930906551
0.2339000000	 0.3255938100
0.2339200000	 0.3402538907
0.2339400000	 0.3335251777
0.2339600000	 0.3495369308
0.2339800000	 0.3373977427
0.2340000000	 0.3229836035
0.2340200000	 0.3466624541
0.2340400000	 0.3516839085
0.2340600000	 0.3331757818
0.2340800000	 0.3416101180
0.2341000000	 0.3587057779
0.2341200000	 0.3532553196
0.2341400000	 0.3476699933
0.2341600000	 0.3503206614
0.2341800000	 0.3580136167
0.2342000000	 0.3653790010
0.2342200000	 0.3579799305
0.2342400000	 0.3567903388
0.2342600000	 0.3631222205
0.2342800000	 0.3622412977
0.2343000000	 0.3673868168
0.2343200000	 0.3597442677
0.2343400000	 0.3375737604
0.2343600000	 0.3415187345
0.2343800000	 0.3668843533
0.2344000000	 0.3773641798
0.2344200000	 0.3669402856
0.2344400000	 0.3554316091
0.2344600000	 0.3484490591
0.2344800000	 0.3514734627
0.2345000000	 0.3731615115
0.2345200000	 0.3850748571
0.2345400000	 0.3654439390
0.2345600000	 0.3463124652
0.2345800000	 0.3628434429
0.2346000000	 0.3886120409
0.2346200000	 0.3863326074
0.2346400000	 0.3765081294
0.2346600000	 0.3719562948
0.2346800000	 0.3710257991
0.2347000000	 0.3862859670
0.2347200000	 0.3938826259
0.2347400000	 0.3793499155
0.2347600000	 0.3782665420
0.2347800000	 0.3971485862
0.2348000000	 0.3930344467
0.2348200000	 0.3671030975
0.2348400000	 0.3655875740
0.2348600000	 0.3716562442
0.2348800000	 0.3663954912
0.2349000000	 0.3826475698
0.2349200000	 0.3948632331
0.2349400000	 0.3695225942
0.2349600000	 0.3556373612
0.2349800000	 0.3740651199
0.2350000000	 0.3753399309
0.2350200000	 0.3602678685
0.2350400000	 0.3635149865
0.2350600000	 0.3666304350
0.2350800000	 0.3547154209
0.2351000000	 0.3300642916
0.2351200000	 0.3236501060
0.2351400000	 0.3659008514
0.2351600000	 0.3743056833
0.2351800000	 0.3343718217
0.2352000000	 0.3415185421
0.2352200000	 0.3586061914
0.2352400000	 0.3494083602
0.2352600000	 0.3681253082
0.2352800000	 0.3867301537
0.2353000000	 0.3653405330
0.2353200000	 0.3452586308
0.2353400000	 0.3524334564
0.2353600000	 0.3566199307
0.2353800000	 0.3524084900
0.2354000000	 0.3540316608
0.2354200000	 0.3438454598
0.2354400000	 0.3373490079
0.2354600000	 0.3560449976
0.2354800000	 0.3587504041
0.2355000000	 0.3316436614
0.2355200000	 0.3246364801
0.2355400000	 0.3409448562
0.2355600000	 0.3355196766
0.2355800000	 0.3290304152
0.2356000000	 0.3422071960
0.2356200000	 0.3487674279
0.2356400000	 0.3481346842
0.2356600000	 0.3275952712
0.2356800000	 0.3119745347
0.2357000000	 0.3312284829
0.2357200000	 0.3310045668
0.2357400000	 0.3252251648
0.2357600000	 0.3363704215
0.2357800000	 0.3249094111
0.2358000000	 0.3197409667
0.2358200000	 0.3332090232
0.2358400000	 0.3385393285
0.2358600000	 0.3355032918
0.2358800000	 0.3303188445
0.2359000000	 0.3320136077
0.2359200000	 0.3216814657
0.2359400000	 0.3063334103
0.2359600000	 0.3160775441
0.2359800000	 0.3292940164
0.2360000000	 0.3251055143
0.2360200000	 0.3172590230
0.2360400000	 0.3263231016
0.2360600000	 0.3279640795
0.2360800000	 0.3128780248
0.2361000000	 0.3161041304
0.2361200000	 0.3094604205
0.2361400000	 0.2976853533
0.2361600000	 0.3101342405
0.2361800000	 0.3082740531
0.2362000000	 0.3009828768
0.2362200000	 0.2905725025
0.2362400000	 0.2722231971
0.2362600000	 0.2788650304
0.2362800000	 0.2874537289
0.2363000000	 0.2906498982
0.2363200000	 0.2784617007
0.2363400000	 0.2450534301
0.2363600000	 0.2507063543
0.2363800000	 0.2651979575
0.2364000000	 0.2543718892
0.2364200000	 0.2620077143
0.2364400000	 0.2676810191
0.2364600000	 0.2589106060
0.2364800000	 0.2547371252
0.2365000000	 0.2562684110
0.2365200000	 0.2648277778
0.2365400000	 0.2470374757
0.2365600000	 0.2167376449
0.2365800000	 0.2314061967
0.2366000000	 0.2526650417
0.2366200000	 0.2431925792
0.2366400000	 0.2414166428
0.2366600000	 0.2451154945
0.2366800000	 0.2311289622
0.2367000000	 0.2168962726
0.2367200000	 0.2145730160
0.2367400000	 0.2123854749
0.2367600000	 0.1980453119
0.2367800000	 0.2033349914
0.2368000000	 0.2386946071
0.2368200000	 0.2315839356
0.2368400000	 0.1942789009
0.2368600000	 0.1959193213
0.2368800000	 0.2046210521
0.2369000000	 0.2068269362
0.2369200000	 0.2102163354
0.2369400000	 0.1879176665
0.2369600000	 0.1745951734
0.2369800000	 0.1863544472
0.2370000000	 0.1790507543
0.2370200000	 0.1715015393
0.2370400000	 0.1915159939
0.2370600000	 0.1899928737
0.2370800000	 0.1592427321
0.2371000000	 0.1668039267
0.2371200000	 0.1972477749
0.2371400000	 0.1898118880
0.2371600000	 0.1779390642
0.2371800000	 0.1870629302
0.2372000000	 0.1769609584
0.2372200000	 0.1579879354
0.2372400000	 0.1704335791
0.2372600000	 0.1843805583
0.2372800000	 0.1662913603
0.2373000000	 0.1502516591
0.2373200000	 0.1502184956
0.2373400000	 0.1396799789
0.2373600000	 0.1272227459
0.2373800000	 0.1313438015
0.2374000000	 0.1381598314
0.2374200000	 0.1444679211
0.2374400000	 0.1539870781
0.2374600000	 0.1417922002
0.2374800000	 0.1269261882
0.2375000000	 0.1452809059
0.2375200000	 0.1503830663
0.2375400000	 0.1316086625
0.2375600000	 0.1314224145
0.2375800000	 0.1321004532
0.2376000000	 0.1273335219
0.2376200000	 0.1270264986
0.2376400000	 0.1113167964
0.2376600000	 0.0958936787
0.2376800000	 0.1044355114
0.2377000000	 0.1179037817
0.2377200000	 0.1264130119
0.2377400000	 0.1334611881
0.2377600000	 0.1179907352
0.2377800000	 0.0956546543
0.2378000000	 0.1026970723
0.2378200000	 0.1100933654
0.2378400000	 0.1101074658
0.2378600000	 0.1121296979
0.2378800000	 0.0961356202
0.2379000000	 0.0918457316
0.2379200000	 0.0993971116
0.2379400000	 0.0950358941
0.2379600000	 0.1027172953
0.2379800000	 0.0987774689
0.2380000000	 0.0721970299
0.2380200000	 0.0557746686
0.2380400000	 0.0623579247
0.2380600000	 0.0971257551
0.2380800000	 0.1054936623
0.2381000000	 0.0786654840
0.2381200000	 0.0825433645
0.2381400000	 0.0774824237
0.2381600000	 0.0539288465
0.2381800000	 0.0773177788
0.2382000000	 0.0939974357
0.2382200000	 0.0697240757
0.2382400000	 0.0630978599
0.2382600000	 0.0544279900
0.2382800000	 0.0260272239
0.2383000000	 0.0305320631
0.2383200000	 0.0488578695
0.2383400000	 0.0452422994
0.2383600000	 0.0471507344
0.2383800000	 0.0413777193
0.2384000000	 0.0260766321
0.2384200000	 0.0363334388
0.2384400000	 0.0315273161
0.2384600000	 0.0029951646
0.2384800000	 -0.0014433830
0.2385000000	 0.0049633186
0.2385200000	 0.0172528681
0.2385400000	 0.0202476678
0.2385600000	 -0.0041574975
0.2385800000	 -0.0053383001
0.2386000000	 0.0048643283
0.2386200000	 0.0042570710
0.2386400000	 0.0072364880
0.2386600000	 -0.0130194511
0.2386800000	 -0.0101421296
0.2387000000	 0.0098181878
0.2387200000	 -0.0132087741
0.2387400000	 -0.0091549574
0.2387600000	 -0.0068298684
0.2387800000	 -0.0374460587
0.2388000000	 -0.0254655961
0.2388200000	 -0.0347355029
0.2388400000	 -0.0535774512
0.2388600000	 -0.0125959569
0.2388800000	 0.0030818135
0.2389000000	 -0.0222855896
0.2389200000	 -0.0458423590
0.2389400000	 -0.0427980612
0.2389600000	 -0.0170098577
0.2389800000	 -0.0302492544
0.2390000000	 -0.0504286764
0.2390200000	 -0.0395749294
0.2390400000	 -0.0290452549
0.2390600000	 -0.0218096452
0.2390800000	 -0.0331668523
0.2391000000	 -0.0541063620
0.2391200000	 -0.0592398929
0.2391400000	 -0.0524558583
0.2391600000	 -0.0381055554
0.2391800000	 -0.0340141129
0.2392000000	 -0.0455369323
0.2392200000	 -0.0617088166
0.2392400000	 -0.0530834410
0.2392600000	 -0.0363607322
0.2392800000	 -0.0609939661
0.2393000000	 -0.0608373832
0.2393200000	 -0.0314312211
0.2393400000	 -0.0433375612
0.2393600000	 -0.0453821503
0.2393800000	 -0.0347687746
0.2394000000	 -0.0394797513
0.2394200000	 -0.0334762500
0.2394400000	 -0.0392442487
0.2394600000	 -0.0437459940
0.2394800000	 -0.0369456686
0.2395000000	 -0.0469011086
0.2395200000	 -0.0431456536
0.2395400000	 -0.0328065984
0.2395600000	 -0.0467071050
0.2395800000	 -0.0554333584
0.2396000000	 -0.0624745734
0.2396200000	 -0.0779055048
0.2396400000	 -0.0712029440
0.2396600000	 -0.0584045189
0.2396800000	 -0.0519901100
0.2397000000	 -0.0457054485
0.2397200000	 -0.0638244637
0.2397400000	 -0.0658637873
0.2397600000	 -0.0514303266
0.2397800000	 -0.0778435492
0.2398000000	 -0.0863967346
0.2398200000	 -0.0745222255
0.2398400000	 -0.0826196791
0.2398600000	 -0.0694508410
0.2398800000	 -0.0656451853
0.2399000000	 -0.0873406679
0.2399200000	 -0.1010594983
0.2399400000	 -0.1036252556
0.2399600000	 -0.0904988015
0.2399800000	 -0.0815633460
0.2400000000	 -0.0612604473
0.2400200000	 -0.0583309317
0.2400400000	 -0.1162955294
0.2400600000	 -0.1352807204
0.2400800000	 -0.1048207713
0.2401000000	 -0.0909212182
0.2401200000	 -0.0880491477
0.2401400000	 -0.0958714964
0.2401600000	 -0.0778946567
0.2401800000	 -0.0734636067
0.2402000000	 -0.1206323710
0.2402200000	 -0.1159155111
0.2402400000	 -0.0851043909
0.2402600000	 -0.1005413760
0.2402800000	 -0.1085582720
0.2403000000	 -0.1051673014
0.2403200000	 -0.1139925241
0.2403400000	 -0.1206918447
0.2403600000	 -0.1185372300
0.2403800000	 -0.1069120655
0.2404000000	 -0.1037830864
0.2404200000	 -0.1181914043
0.2404400000	 -0.1268860742
0.2404600000	 -0.1372407420
0.2404800000	 -0.1578399429
0.2405000000	 -0.1481871067
0.2405200000	 -0.1286984260
0.2405400000	 -0.1382491865
0.2405600000	 -0.1404515486
0.2405800000	 -0.1382248944
0.2406000000	 -0.1468183805
0.2406200000	 -0.1445875232
0.2406400000	 -0.1370308913
0.2406600000	 -0.1373389336
0.2406800000	 -0.1479465803
0.2407000000	 -0.1524367027
0.2407200000	 -0.1562118288
0.2407400000	 -0.1628023032
0.2407600000	 -0.1518260675
0.2407800000	 -0.1560578026
0.2408000000	 -0.1570456115
0.2408200000	 -0.1379971670
0.2408400000	 -0.1488758966
0.2408600000	 -0.1452535605
0.2408800000	 -0.1327124880
0.2409000000	 -0.1521176817
0.2409200000	 -0.1448435354
0.2409400000	 -0.1351324744
0.2409600000	 -0.1549542787
0.2409800000	 -0.1576406502
0.2410000000	 -0.1461735085
0.2410200000	 -0.1476127937
0.2410400000	 -0.1499002273
0.2410600000	 -0.1520537399
0.2410800000	 -0.1847795802
0.2411000000	 -0.1867534399
0.2411200000	 -0.1441469543
0.2411400000	 -0.1632085337
0.2411600000	 -0.1852033394
0.2411800000	 -0.1611581628
0.2412000000	 -0.1626908592
0.2412200000	 -0.1695509386
0.2412400000	 -0.1737486345
0.2412600000	 -0.1774142523
0.2412800000	 -0.1779157501
0.2413000000	 -0.1845410335
0.2413200000	 -0.1697528764
0.2413400000	 -0.1740098722
0.2413600000	 -0.1949154827
0.2413800000	 -0.1946338392
0.2414000000	 -0.2056910264
0.2414200000	 -0.2046111612
0.2414400000	 -0.1839204835
0.2414600000	 -0.1689008016
0.2414800000	 -0.1735681349
0.2415000000	 -0.1956585509
0.2415200000	 -0.1989458769
0.2415400000	 -0.2161305528
0.2415600000	 -0.2180313468
0.2415800000	 -0.1795013035
0.2416000000	 -0.1919906959
0.2416200000	 -0.2104359243
0.2416400000	 -0.2020639001
0.2416600000	 -0.1985623910
0.2416800000	 -0.1794762454
0.2417000000	 -0.1957544619
0.2417200000	 -0.2196051485
0.2417400000	 -0.2145447587
0.2417600000	 -0.2242658337
0.2417800000	 -0.2135099225
0.2418000000	 -0.1980839266
0.2418200000	 -0.2010812440
0.2418400000	 -0.1968399890
0.2418600000	 -0.1960533322
0.2418800000	 -0.1947820196
0.2419000000	 -0.2047241946
0.2419200000	 -0.2020857059
0.2419400000	 -0.1835588912
0.2419600000	 -0.2006375284
0.2419800000	 -0.2141105424
0.2420000000	 -0.2136440359
0.2420200000	 -0.2139948385
0.2420400000	 -0.2051459851
0.2420600000	 -0.2220724862
0.2420800000	 -0.2346799688
0.2421000000	 -0.2236968279
0.2421200000	 -0.2292005158
0.2421400000	 -0.2407081083
0.2421600000	 -0.2392743200
0.2421800000	 -0.2251144654
0.2422000000	 -0.2195776097
0.2422200000	 -0.2246312145
0.2422400000	 -0.2358079181
0.2422600000	 -0.2498207885
0.2422800000	 -0.2312643554
0.2423000000	 -0.2312986113
0.2423200000	 -0.2500548426
0.2423400000	 -0.2159409851
0.2423600000	 -0.2167294091
0.2423800000	 -0.2437776854
0.2424000000	 -0.2096587782
0.2424200000	 -0.2048307505
0.2424400000	 -0.2316281625
0.2424600000	 -0.2270172298
0.2424800000	 -0.2337570414
0.2425000000	 -0.2407979381
0.2425200000	 -0.2346857136
0.2425400000	 -0.2478647545
0.2425600000	 -0.2514736893
0.2425800000	 -0.2359716138
0.2426000000	 -0.2401022844
0.2426200000	 -0.2497856673
0.2426400000	 -0.2410117123
0.2426600000	 -0.2332863036
0.2426800000	 -0.2380834254
0.2427000000	 -0.2380659327
0.2427200000	 -0.2222900890
0.2427400000	 -0.2212107998
0.2427600000	 -0.2393457868
0.2427800000	 -0.2410758183
0.2428000000	 -0.2397728020
0.2428200000	 -0.2390458531
0.2428400000	 -0.2347984049
0.2428600000	 -0.2428841624
0.2428800000	 -0.2325362683
0.2429000000	 -0.2267230825
0.2429200000	 -0.2471173629
0.2429400000	 -0.2400224197
0.2429600000	 -0.2306747360
0.2429800000	 -0.2314892862
0.2430000000	 -0.2217818117
0.2430200000	 -0.2293567455
0.2430400000	 -0.2277747390
0.2430600000	 -0.2269137917
0.2430800000	 -0.2469421957
0.2431000000	 -0.2362641448
0.2431200000	 -0.2300875975
0.2431400000	 -0.2451551206
0.2431600000	 -0.2354922093
0.2431800000	 -0.2271333908
0.2432000000	 -0.2253105866
0.2432200000	 -0.2314422594
0.2432400000	 -0.2526571339
0.2432600000	 -0.2490729279
0.2432800000	 -0.2400364574
0.2433000000	 -0.2433229309
0.2433200000	 -0.2400654589
0.2433400000	 -0.2396286902
0.2433600000	 -0.2239887150
0.2433800000	 -0.2138983809
0.2434000000	 -0.2385741953
0.2434200000	 -0.2521651860
0.2434400000	 -0.2552282361
0.2434600000	 -0.2526162594
0.2434800000	 -0.2287100772
0.2435000000	 -0.2260990954
0.2435200000	 -0.2453709568
0.2435400000	 -0.2452806384
0.2435600000	 -0.2292313111
0.2435800000	 -0.2296656039
0.2436000000	 -0.2467636092
0.2436200000	 -0.2448265231
0.2436400000	 -0.2417120752
0.2436600000	 -0.2506042866
0.2436800000	 -0.2472942715
0.2437000000	 -0.2472090892
0.2437200000	 -0.2504838196
0.2437400000	 -0.2534653537
0.2437600000	 -0.2558351210
0.2437800000	 -0.2517769731
0.2438000000	 -0.2605260882
0.2438200000	 -0.2568817742
0.2438400000	 -0.2492867025
0.2438600000	 -0.2598236359
0.2438800000	 -0.2478544954
0.2439000000	 -0.2434519888
0.2439200000	 -0.2438764292
0.2439400000	 -0.2355148469
0.2439600000	 -0.2661269116
0.2439800000	 -0.2710352276
0.2440000000	 -0.2539217067
0.2440200000	 -0.2574416703
0.2440400000	 -0.2143829252
0.2440600000	 -0.2033774120
0.2440800000	 -0.2582315730
0.2441000000	 -0.2528896193
0.2441200000	 -0.2226701394
0.2441400000	 -0.2364950646
0.2441600000	 -0.2473986410
0.2441800000	 -0.2423567896
0.2442000000	 -0.2445605275
0.2442200000	 -0.2390369234
0.2442400000	 -0.2277713909
0.2442600000	 -0.2466912392
0.2442800000	 -0.2631653290
0.2443000000	 -0.2512039961
0.2443200000	 -0.2499744657
0.2443400000	 -0.2517374232
0.2443600000	 -0.2517830974
0.2443800000	 -0.2638945791
0.2444000000	 -0.2587355610
0.2444200000	 -0.2390763454
0.2444400000	 -0.2424461469
0.2444600000	 -0.2559718965
0.2444800000	 -0.2462049457
0.2445000000	 -0.2391331303
0.2445200000	 -0.2551804401
0.2445400000	 -0.2633515124
0.2445600000	 -0.2583512894
0.2445800000	 -0.2475064262
0.2446000000	 -0.2415231870
0.2446200000	 -0.2473101128
0.2446400000	 -0.2389186983
0.2446600000	 -0.2330210007
0.2446800000	 -0.2542686863
0.2447000000	 -0.2658613496
0.2447200000	 -0.2531590945
0.2447400000	 -0.2448457739
0.2447600000	 -0.2485248142
0.2447800000	 -0.2534913686
0.2448000000	 -0.2616246424
0.2448200000	 -0.2677345621
0.2448400000	 -0.2679603652
0.2448600000	 -0.2644886375
0.2448800000	 -0.2534720757
0.2449000000	 -0.2488852410
0.2449200000	 -0.2421202021
0.2449400000	 -0.2290248337
0.2449600000	 -0.2306982765
0.2449800000	 -0.2359509232
0.2450000000	 -0.2476968612
0.2450200000	 -0.2460114346
0.2450400000	 -0.2286547080
0.2450600000	 -0.2365101782
0.2450800000	 -0.2355747088
0.2451000000	 -0.2464788268
0.2451200000	 -0.2602317345
0.2451400000	 -0.2248044368
0.2451600000	 -0.2446985559
0.2451800000	 -0.2775392875
0.2452000000	 -0.2448231080
0.2452200000	 -0.2418038860
0.2452400000	 -0.2427272925
0.2452600000	 -0.2472680615
0.2452800000	 -0.2615801272
0.2453000000	 -0.2379349376
0.2453200000	 -0.2551168609
0.2453400000	 -0.2649823553
0.2453600000	 -0.2299072848
0.2453800000	 -0.2494026499
0.2454000000	 -0.2668261455
0.2454200000	 -0.2460325699
0.2454400000	 -0.2430894139
0.2454600000	 -0.2556034588
0.2454800000	 -0.2520409379
0.2455000000	 -0.2323106217
0.2455200000	 -0.2356385626
0.2455400000	 -0.2346921727
0.2455600000	 -0.2307694018
0.2455800000	 -0.2498924918
0.2456000000	 -0.2395809850
0.2456200000	 -0.2197743140
0.2456400000	 -0.2082121489
0.2456600000	 -0.2091480007
0.2456800000	 -0.2407080394
0.2457000000	 -0.2371462566
0.2457200000	 -0.2256632685
0.2457400000	 -0.2337381691
0.2457600000	 -0.2171641538
0.2457800000	 -0.2175802125
0.2458000000	 -0.2188530495
0.2458200000	 -0.2114520158
0.2458400000	 -0.2366430937
0.2458600000	 -0.2482050828
0.2458800000	 -0.2313162970
0.2459000000	 -0.2179500312
0.2459200000	 -0.2250905975
0.2459400000	 -0.2308441677
0.2459600000	 -0.2125634349
0.2459800000	 -0.2218670439
0.2460000000	 -0.2386548049
0.2460200000	 -0.2107086674
0.2460400000	 -0.1937883985
0.2460600000	 -0.2098404385
0.2460800000	 -0.2183148087
0.2461000000	 -0.2122378898
0.2461200000	 -0.2027748402
0.2461400000	 -0.1911363476
0.2461600000	 -0.1884058599
0.2461800000	 -0.1980645411
0.2462000000	 -0.1992071321
0.2462200000	 -0.1940696010
0.2462400000	 -0.1935815692
0.2462600000	 -0.2031693243
0.2462800000	 -0.2174660587
0.2463000000	 -0.2153710447
0.2463200000	 -0.2121283593
0.2463400000	 -0.2093427218
0.2463600000	 -0.1932359239
0.2463800000	 -0.1883754937
0.2464000000	 -0.2015945527
0.2464200000	 -0.2131361783
0.2464400000	 -0.2065438990
0.2464600000	 -0.2023771879
0.2464800000	 -0.1989207193
0.2465000000	 -0.1666611261
0.2465200000	 -0.1640307857
0.2465400000	 -0.1909426688
0.2465600000	 -0.1802732100
0.2465800000	 -0.1652349785
0.2466000000	 -0.1701829048
0.2466200000	 -0.1808634022
0.2466400000	 -0.1790366237
0.2466600000	 -0.1664341165
0.2466800000	 -0.1717797652
0.2467000000	 -0.1566919848
0.2467200000	 -0.1321593800
0.2467400000	 -0.1533342111
0.2467600000	 -0.1728612771
0.2467800000	 -0.1629554599
0.2468000000	 -0.1534512844
0.2468200000	 -0.1437298312
0.2468400000	 -0.1246126848
0.2468600000	 -0.1339406143
0.2468800000	 -0.1643723571
0.2469000000	 -0.1445119819
0.2469200000	 -0.1209655125
0.2469400000	 -0.1300496611
0.2469600000	 -0.1249980070
0.2469800000	 -0.1254076500
0.2470000000	 -0.1183781183
0.2470200000	 -0.1087035034
0.2470400000	 -0.1285329396
0.2470600000	 -0.1322570305
0.2470800000	 -0.1272063198
0.2471000000	 -0.1221081819
0.2471200000	 -0.1040646877
0.2471400000	 -0.1099023768
0.2471600000	 -0.1236022881
0.2471800000	 -0.1158303267
0.2472000000	 -0.1120015369
0.2472200000	 -0.1272705933
0.2472400000	 -0.1182604187
0.2472600000	 -0.0860965883
0.2472800000	 -0.0931283211
0.2473000000	 -0.1001793912
0.2473200000	 -0.0857124100
0.2473400000	 -0.0914321472
0.2473600000	 -0.0918164303
0.2473800000	 -0.0838506628
0.2474000000	 -0.0754770959
0.2474200000	 -0.0653580072
0.2474400000	 -0.0595164570
0.2474600000	 -0.0530337144
0.2474800000	 -0.0647285085
0.2475000000	 -0.0703020146
0.2475200000	 -0.0680237599
0.2475400000	 -0.0707845358
0.2475600000	 -0.0487482972
0.2475800000	 -0.0530563725
0.2476000000	 -0.0719056982
0.2476200000	 -0.0601569871
0.2476400000	 -0.0604069494
0.2476600000	 -0.0487748095
0.2476800000	 -0.0320053599
0.2477000000	 -0.0376719431
0.2477200000	 -0.0453248150
0.2477400000	 -0.0480275750
0.2477600000	 -0.0148906331
0.2477800000	 -0.0029201828
0.2478000000	 -0.0344331987
0.2478200000	 -0.0355343895
0.2478400000	 -0.0345704273
0.2478600000	 -0.0210126047
0.2478800000	 0.0030016113
0.2479000000	 -0.0176298638
0.2479200000	 -0.0269833637
0.2479400000	 -0.0244832896
0.2479600000	 -0.0363759801
0.2479800000	 -0.0247773907
0.2480000000	 -0.0047051178
0.2480200000	 -0.0085135889
0.2480400000	 -0.0345036347
0.2480600000	 -0.0388555291
0.2480800000	 -0.0168888779
0.2481000000	 -0.0027194745
0.2481200000	 0.0166415735
0.2481400000	 0.0243971685
0.2481600000	 0.0185472238
0.2481800000	 0.0128242306
0.2482000000	 -0.0115833278
0.2482200000	 -0.0065152742
0.2482400000	 0.0226783784
0.2482600000	 0.0181281616
0.2482800000	 0.0224204043
0.2483000000	 0.0334211922
0.2483200000	 0.0197313654
0.2483400000	 0.0287241657
0.2483600000	 0.0409491889
0.2483800000	 0.0231729260
0.2484000000	 0.0305334750
0.2484200000	 0.0511762743
0.2484400000	 0.0457794269
0.2484600000	 0.0397070842
0.2484800000	 0.0365020029
0.2485000000	 0.0595643395
0.2485200000	 0.0913103211
0.2485400000	 0.0627749664
0.2485600000	 0.0465110687
0.2485800000	 0.0870176637
0.2486000000	 0.1016502719
0.2486200000	 0.0837287028
0.2486400000	 0.0685660160
0.2486600000	 0.0782086200
0.2486800000	 0.1065953176
0.2487000000	 0.1072064322
0.2487200000	 0.0919349412
0.2487400000	 0.0903196890
0.2487600000	 0.0907863394
0.2487800000	 0.1013899137
0.2488000000	 0.1287102735
0.2488200000	 0.1314928247
0.2488400000	 0.1072817328
0.2488600000	 0.1123585826
0.2488800000	 0.1272858847
0.2489000000	 0.1231728282
0.2489200000	 0.1342874706
0.2489400000	 0.1498847359
0.2489600000	 0.1573727330
0.2489800000	 0.1500535851
0.2490000000	 0.1249376535
0.2490200000	 0.1386973808
0.2490400000	 0.1717355171
0.2490600000	 0.1692273784
0.2490800000	 0.1585943219
0.2491000000	 0.1445195559
0.2491200000	 0.1361136273
0.2491400000	 0.1606044866
0.2491600000	 0.1777090452
0.2491800000	 0.1638616883
0.2492000000	 0.1581919338
0.2492200000	 0.1634057288
0.2492400000	 0.1556387356
0.2492600000	 0.1710365090
0.2492800000	 0.2087865598
0.2493000000	 0.1976503623
0.2493200000	 0.1719302363
0.2493400000	 0.1881355837
0.2493600000	 0.1959247880
0.2493800000	 0.1855366127
0.2494000000	 0.1882362085
0.2494200000	 0.1954983583
0.2494400000	 0.1884151787
0.2494600000	 0.1685130779
0.2494800000	 0.1887038496
0.2495000000	 0.2188465293
0.2495200000	 0.1851503589
0.2495400000	 0.1859767104
0.2495600000	 0.2359903393
0.2495800000	 0.2234385776
0.2496000000	 0.2099926246
0.2496200000	 0.2292165560
0.2496400000	 0.2266225976
0.2496600000	 0.2249842025
0.2496800000	 0.2248680331
0.2497000000	 0.2406635398
0.2497200000	 0.2676763427
0.2497400000	 0.2532843113
0.2497600000	 0.2425261052
0.2497800000	 0.2516719333
0.2498000000	 0.2440083254
0.2498200000	 0.2478044059
0.2498400000	 0.2568988382
0.2498600000	 0.2508320185
0.2498800000	 0.2600346209
0.2499000000	 0.2783773694
0.2499200000	 0.2732633779
0.2499400000	 0.2661774744
0.2499600000	 0.2692547426
0.2499800000	 0.2630106266
0.2500000000	 0.2684924825
0.2500200000	 0.2746740771
0.2500400000	 0.2649022226
0.2500600000	 0.2737770383
0.2500800000	 0.2822451660
0.2501000000	 0.2758331371
0.2501200000	 0.2709700396
0.2501400000	 0.2730984947
0.2501600000	 0.2879075969
0.2501800000	 0.2741663413
0.2502000000	 0.2531710956
0.2502200000	 0.2708039306
0.2502400000	 0.2803671907
0.2502600000	 0.2870258466
0.2502800000	 0.2973174744
0.2503000000	 0.2861784121
0.2503200000	 0.2813616883
0.2503400000	 0.2783731736
0.2503600000	 0.2786051677
0.2503800000	 0.3050075261
0.2504000000	 0.3252487989
0.2504200000	 0.3107026313
0.2504400000	 0.2929511684
0.2504600000	 0.2988983950
0.2504800000	 0.3011841213
0.2505000000	 0.3124608680
0.2505200000	 0.3351459547
0.2505400000	 0.3218843550
0.2505600000	 0.3093177556
0.2505800000	 0.3084644327
0.2506000000	 0.3006696613
0.2506200000	 0.3245297478
0.2506400000	 0.3444093382
0.2506600000	 0.3309839273
0.2506800000	 0.3239650677
0.2507000000	 0.3362746448
0.2507200000	 0.3462885267
0.2507400000	 0.3273548661
0.2507600000	 0.3185223732
0.2507800000	 0.3390953388
0.2508000000	 0.3482399388
0.2508200000	 0.3467949369
0.2508400000	 0.3359851335
0.2508600000	 0.3339078091
0.2508800000	 0.3489171424
0.2509000000	 0.3437722204
0.2509200000	 0.3371631778
0.2509400000	 0.3414534159
0.2509600000	 0.3421636974
0.2509800000	 0.3442601074
0.2510000000	 0.3356945669
0.2510200000	 0.3402718960
0.2510400000	 0.3683988545
0.2510600000	 0.3680419519
0.2510800000	 0.3541089991
0.2511000000	 0.3628357596
0.2511200000	 0.3550623503
0.2511400000	 0.3424302423
0.2511600000	 0.3632078169
0.2511800000	 0.3721882791
0.2512000000	 0.3725054908
0.2512200000	 0.3867998759
0.2512400000	 0.3717685831
0.2512600000	 0.3478188463
0.2512800000	 0.3473485235
0.2513000000	 0.3478303485
0.2513200000	 0.3424762038
0.2513400000	 0.3491150099
0.2513600000	 0.3731496946
0.2513800000	 0.3766318902
0.2514000000	 0.3720699749
0.2514200000	 0.3795655649
0.2514400000	 0.3689593447
0.2514600000	 0.3764622600
0.2514800000	 0.3865773450
0.2515000000	 0.3719509741
0.2515200000	 0.3868995034
0.2515400000	 0.3934091947
0.2515600000	 0.3789089052
0.2515800000	 0.3816532665
0.2516000000	 0.3847122782
0.2516200000	 0.3926464057
0.2516400000	 0.3792655128
0.2516600000	 0.3598938372
0.2516800000	 0.3814898538
0.2517000000	 0.3924365849
0.2517200000	 0.3843771336
0.2517400000	 0.3900209065
0.2517600000	 0.3928244255
0.2517800000	 0.3767797863
0.2518000000	 0.3632845391
0.2518200000	 0.3760404783
0.2518400000	 0.3788263294
0.2518600000	 0.3660487776
0.2518800000	 0.3633051389
0.2519000000	 0.3618834281
0.2519200000	 0.3684319168
0.2519400000	 0.3716378811
0.2519600000	 0.3684611837
0.2519800000	 0.3632530612
0.2520000000	 0.3420471385
0.2520200000	 0.3328082204
0.2520400000	 0.3458338420
0.2520600000	 0.3601684088
0.2520800000	 0.3457887733
0.2521000000	 0.3209722689
0.2521200000	 0.3463968067
0.2521400000	 0.3682038455
0.2521600000	 0.3581315009
0.2521800000	 0.3554503536
0.2522000000	 0.3448755431
0.2522200000	 0.3428860720
0.2522400000	 0.3350106521
0.2522600000	 0.3217421491
0.2522800000	 0.3389181055
0.2523000000	 0.3418688013
0.2523200000	 0.3328301710
0.2523400000	 0.3233256749
0.2523600000	 0.3273350504
0.2523800000	 0.3529139021
0.2524000000	 0.3217470913
0.2524200000	 0.3014812348
0.2524400000	 0.3304526759
0.2524600000	 0.3082605637
0.2524800000	 0.2983332564
0.2525000000	 0.3161951837
0.2525200000	 0.3056750938
0.2525400000	 0.3095792520
0.2525600000	 0.3132181699
0.2525800000	 0.3128387879
0.2526000000	 0.3241508198
0.2526200000	 0.3221964000
0.2526400000	 0.3223099984
0.2526600000	 0.3293339061
0.2526800000	 0.3252676580
0.2527000000	 0.3020735331
0.2527200000	 0.2823497924
0.2527400000	 0.2856836283
0.2527600000	 0.2833606497
0.2527800000	 0.2830154730
0.2528000000	 0.2884772567
0.2528200000	 0.2808555760
0.2528400000	 0.2873000203
0.2528600000	 0.2995368788
0.2528800000	 0.2938002620
0.2529000000	 0.2781593623
0.2529200000	 0.2606611709
0.2529400000	 0.2644229521
0.2529600000	 0.2818125689
0.2529800000	 0.2970999160
0.2530000000	 0.3082048415
0.2530200000	 0.2801074011
0.2530400000	 0.2491413971
0.2530600000	 0.2673407376
0.2530800000	 0.2716156522
0.2531000000	 0.2580493090
0.2531200000	 0.2728090298
0.2531400000	 0.2728314894
0.2531600000	 0.2599651241
0.2531800000	 0.2623157477
0.2532000000	 0.2572565467
0.2532200000	 0.2570969982
0.2532400000	 0.2580973028
0.2532600000	 0.2489670997
0.2532800000	 0.2471649064
0.2533000000	 0.2358353206
0.2533200000	 0.2297446128
0.2533400000	 0.2433915328
0.2533600000	 0.2452510985
0.2533800000	 0.2481880100
0.2534000000	 0.2449411344
0.2534200000	 0.2161393072
0.2534400000	 0.2053042643
0.2534600000	 0.2169100796
0.2534800000	 0.2168660051
0.2535000000	 0.2077497078
0.2535200000	 0.2120323784
0.2535400000	 0.2213334091
0.2535600000	 0.1974432253
0.2535800000	 0.1833291491
0.2536000000	 0.2156087286
0.2536200000	 0.2070420191
0.2536400000	 0.1696869396
0.2536600000	 0.1839405764
0.2536800000	 0.1994133384
0.2537000000	 0.1921890406
0.2537200000	 0.1862242252
0.2537400000	 0.1830962673
0.2537600000	 0.1948808881
0.2537800000	 0.1864606491
0.2538000000	 0.1704655791
0.2538200000	 0.1751758362
0.2538400000	 0.1540039336
0.2538600000	 0.1551174923
0.2538800000	 0.1913226725
0.2539000000	 0.1773394599
0.2539200000	 0.1558944338
0.2539400000	 0.1708115767
0.2539600000	 0.1697133372
0.2539800000	 0.1431790943
0.2540000000	 0.1403881568
0.2540200000	 0.1605988978
0.2540400000	 0.1527598430
0.2540600000	 0.1496157753
0.2540800000	 0.1620460244
0.2541000000	 0.1444339393
0.2541200000	 0.1315850275
0.2541400000	 0.1316669506
0.2541600000	 0.1365787686
0.2541800000	 0.1490375559
0.2542000000	 0.1397022706
0.2542200000	 0.1273390292
0.2542400000	 0.1106272801
0.2542600000	 0.1089327063
0.2542800000	 0.1345023555
0.2543000000	 0.1111073671
0.2543200000	 0.0988518104
0.2543400000	 0.1351592446
0.2543600000	 0.1275802566
0.2543800000	 0.1133542044
0.2544000000	 0.1139002231
0.2544200000	 0.1021758824
0.2544400000	 0.1087303117
0.2544600000	 0.1084476053
0.2544800000	 0.0943461233
0.2545000000	 0.0992640848
0.2545200000	 0.1056569234
0.2545400000	 0.0889294156
0.2545600000	 0.0728101006
0.2545800000	 0.0809719885
0.2546000000	 0.0759351027
0.2546200000	 0.0645782366
0.2546400000	 0.0754349949
0.2546600000	 0.0761640995
0.2546800000	 0.0780524917
0.2547000000	 0.0762428951
0.2547200000	 0.0555351804
0.2547400000	 0.0624149439
0.2547600000	 0.0671639851
0.2547800000	 0.0525766782
0.2548000000	 0.0619015533
0.2548200000	 0.0603706150
0.2548400000	 0.0516497888
0.2548600000	 0.0567021338
0.2548800000	 0.0305084644
0.2549000000	 0.0117729239
0.2549200000	 0.0320871360
0.2549400000	 0.0386121338
0.2549600000	 0.0374884211
0.2549800000	 0.0409502776
0.2550000000	 0.0384860336
0.2550200000	 0.0439132873
0.2550400000	 0.0497672044
0.2550600000	 0.0470347646
0.2550800000	 0.0333565064
0.2551000000	 0.0265305768
0.2551200000	 0.0414687660
0.2551400000	 0.0401352580
0.2551600000	 0.0289684750
0.2551800000	 0.0261045697
0.2552000000	 0.0136498962
0.2552200000	 0.0080170895
0.2552400000	 0.0070086332
0.2552600000	 0.0088089211
0.2552800000	 0.0109376460
0.2553000000	 0.0016346331
0.2553200000	 0.0196212351
0.2553400000	 0.0338062717
0.2553600000	 0.0054885359
0.2553800000	 -0.0058232130
0.2554000000	 0.0097575663
0.2554200000	 0.0168045894
0.2554400000	 0.0031519525
0.2554600000	 -0.0062061246
0.2554800000	 0.0024335972
0.2555000000	 0.0024005860
0.2555200000	 0.0106079045
0.2555400000	 0.0146955994
0.2555600000	 -0.0025354407
0.2555800000	 -0.0114473114
0.2556000000	 -0.0288632096
0.2556200000	 -0.0293569338
0.2556400000	 -0.0090991981
0.2556600000	 -0.0109874387
0.2556800000	 0.0037523945
0.2557000000	 0.0053355844
0.2557200000	 -0.0310497386
0.2557400000	 -0.0308215476
0.2557600000	 -0.0144230626
0.2557800000	 -0.0210344490
0.2558000000	 -0.0233909314
0.2558200000	 -0.0228787976
0.2558400000	 -0.0255769018
0.2558600000	 -0.0091924700
0.2558800000	 0.0020113893
0.2559000000	 -0.0316368974
0.2559200000	 -0.0585577312
0.2559400000	 -0.0522393777
0.2559600000	 -0.0428034549
0.2559800000	 -0.0309970984
0.2560000000	 -0.0316587947
0.2560200000	 -0.0346301818
0.2560400000	 -0.0436294914
0.2560600000	 -0.0654782451
0.2560800000	 -0.0590056324
0.2561000000	 -0.0610091668
0.2561200000	 -0.0611705739
0.2561400000	 -0.0337785880
0.2561600000	 -0.0557957331
0.2561800000	 -0.0734526165
0.2562000000	 -0.0501022317
0.2562200000	 -0.0607059214
0.2562400000	 -0.0716519158
0.2562600000	 -0.0580033995
0.2562800000	 -0.0487213663
0.2563000000	 -0.0578244334
0.2563200000	 -0.0670078729
0.2563400000	 -0.0441090961
0.2563600000	 -0.0527775049
0.2563800000	 -0.0918641192
0.2564000000	 -0.0832559062
0.2564200000	 -0.0816953118
0.2564400000	 -0.0977744965
0.2564600000	 -0.0746930900
0.2564800000	 -0.0692348395
0.2565000000	 -0.0922163663
0.2565200000	 -0.0900133852
0.2565400000	 -0.0911157028
0.2565600000	 -0.0882358317
0.2565800000	 -0.0645708327
0.2566000000	 -0.0778767680
0.2566200000	 -0.0992562189
0.2566400000	 -0.0930306493
0.2566600000	 -0.0937427927
0.2566800000	 -0.0871946543
0.2567000000	 -0.0848980675
0.2567200000	 -0.0955820870
0.2567400000	 -0.1033482772
0.2567600000	 -0.1244461604
0.2567800000	 -0.1264708119
0.2568000000	 -0.1167341021
0.2568200000	 -0.1240586415
0.2568400000	 -0.1211668256
0.2568600000	 -0.1189153155
0.2568800000	 -0.1057409376
0.2569000000	 -0.0942470073
0.2569200000	 -0.1252531297
0.2569400000	 -0.1482193264
0.2569600000	 -0.1383983193
0.2569800000	 -0.1215152760
0.2570000000	 -0.1238242995
0.2570200000	 -0.1314426833
0.2570400000	 -0.1168194396
0.2570600000	 -0.1338029110
0.2570800000	 -0.1456370563
0.2571000000	 -0.1112971404
0.2571200000	 -0.1236227771
0.2571400000	 -0.1503531683
0.2571600000	 -0.1380830710
0.2571800000	 -0.1342587004
0.2572000000	 -0.1358633682
0.2572200000	 -0.1345189645
0.2572400000	 -0.1309856419
0.2572600000	 -0.1319513643
0.2572800000	 -0.1391835913
0.2573000000	 -0.1369578745
0.2573200000	 -0.1478970234
0.2573400000	 -0.1567407818
0.2573600000	 -0.1475320843
0.2573800000	 -0.1498783195
0.2574000000	 -0.1503042627
0.2574200000	 -0.1522456945
0.2574400000	 -0.1634319363
0.2574600000	 -0.1595453263
0.2574800000	 -0.1506266058
0.2575000000	 -0.1416030003
0.2575200000	 -0.1297076286
0.2575400000	 -0.1337213460
0.2575600000	 -0.1513224144
0.2575800000	 -0.1573575309
0.2576000000	 -0.1467634506
0.2576200000	 -0.1434877362
0.2576400000	 -0.1569186001
0.2576600000	 -0.1691013328
0.2576800000	 -0.1614613173
0.2577000000	 -0.1471058868
0.2577200000	 -0.1604129484
0.2577400000	 -0.1784453362
0.2577600000	 -0.1619783654
0.2577800000	 -0.1592505102
0.2578000000	 -0.1989048912
0.2578200000	 -0.2020583939
0.2578400000	 -0.1663341688
0.2578600000	 -0.1773090760
0.2578800000	 -0.2002354374
0.2579000000	 -0.1929871404
0.2579200000	 -0.1929718211
0.2579400000	 -0.1831034656
0.2579600000	 -0.1748062764
0.2579800000	 -0.1964115404
0.2580000000	 -0.2028743670
0.2580200000	 -0.1868654547
0.2580400000	 -0.1717303841
0.2580600000	 -0.1722577393
0.2580800000	 -0.1969808544
0.2581000000	 -0.2158033909
0.2581200000	 -0.2085252795
0.2581400000	 -0.1874846240
0.2581600000	 -0.1861258799
0.2581800000	 -0.2054943220
0.2582000000	 -0.2024777322
0.2582200000	 -0.1938185882
0.2582400000	 -0.2045323666
0.2582600000	 -0.2068807525
0.2582800000	 -0.1989748324
0.2583000000	 -0.2047179785
0.2583200000	 -0.2210172208
0.2583400000	 -0.2113351675
0.2583600000	 -0.1842599787
0.2583800000	 -0.1922107522
0.2584000000	 -0.2145367723
0.2584200000	 -0.2052550961
0.2584400000	 -0.1835383968
0.2584600000	 -0.1766950015
0.2584800000	 -0.1754458647
0.2585000000	 -0.1809355615
0.2585200000	 -0.2024175250
0.2585400000	 -0.2118197598
0.2585600000	 -0.2041875400
0.2585800000	 -0.1965148905
0.2586000000	 -0.1858861433
0.2586200000	 -0.1963597795
0.2586400000	 -0.2192675985
0.2586600000	 -0.2172405922
0.2586800000	 -0.2084475680
0.2587000000	 -0.2027833597
0.2587200000	 -0.2001694781
0.2587400000	 -0.2126258127
0.2587600000	 -0.2239898528
0.2587800000	 -0.2219336924
0.2588000000	 -0.2111341305
0.2588200000	 -0.2076066315
0.2588400000	 -0.2238722549
0.2588600000	 -0.2277423109
0.2588800000	 -0.2079926882
0.2589000000	 -0.2091056354
0.2589200000	 -0.2207312967
0.2589400000	 -0.2129491911
0.2589600000	 -0.2156610993
0.2589800000	 -0.2151069826
0.2590000000	 -0.1953425874
0.2590200000	 -0.1975118884
0.2590400000	 -0.2196700972
0.2590600000	 -0.2452897405
0.2590800000	 -0.2464452480
0.2591000000	 -0.2217939394
0.2591200000	 -0.2268514974
0.2591400000	 -0.2309285676
0.2591600000	 -0.2216545232
0.2591800000	 -0.2282204414
0.2592000000	 -0.2209040232
0.2592200000	 -0.2284112407
0.2592400000	 -0.2379316244
0.2592600000	 -0.2191629187
0.2592800000	 -0.2193822335
0.2593000000	 -0.2143521258
0.2593200000	 -0.2063877764
0.2593400000	 -0.2084951776
0.2593600000	 -0.2040706951
0.2593800000	 -0.2216193994
0.2594000000	 -0.2166166063
0.2594200000	 -0.2087209451
0.2594400000	 -0.2302182168
0.2594600000	 -0.2184414236
0.2594800000	 -0.2250498783
0.2595000000	 -0.2315350955
0.2595200000	 -0.2188520971
0.2595400000	 -0.2632451844
0.2595600000	 -0.2570243434
0.2595800000	 -0.2147440403
0.2596000000	 -0.2457872571
0.2596200000	 -0.2490296628
0.2596400000	 -0.2300884886
0.2596600000	 -0.2495950608
0.2596800000	 -0.2561993457
0.2597000000	 -0.2497109090
0.2597200000	 -0.2521754009
0.2597400000	 -0.2529196364
0.2597600000	 -0.2402571234
0.2597800000	 -0.2531536918
0.2598000000	 -0.2865321827
0.2598200000	 -0.2715015104
0.2598400000	 -0.2574987697
0.2598600000	 -0.2680996767
0.2598800000	 -0.2539052940
0.2599000000	 -0.2574325893
0.2599200000	 -0.2744566099
0.2599400000	 -0.2643861539
0.2599600000	 -0.2609176925
0.2599800000	 -0.2626852561
0.2600000000	 -0.2439882268
0.2600200000	 -0.2320734406
0.2600400000	 -0.2505223288
0.2600600000	 -0.2655702529
0.2600800000	 -0.2555312164
0.2601000000	 -0.2529610403
0.2601200000	 -0.2637856605
0.2601400000	 -0.2582679215
0.2601600000	 -0.2408647797
0.2601800000	 -0.2383725382
0.2602000000	 -0.2434371161
0.2602200000	 -0.2377155125
0.2602400000	 -0.2300152091
0.2602600000	 -0.2317802778
0.2602800000	 -0.2427446804
0.2603000000	 -0.2481298867
0.2603200000	 -0.2454608632
0.2603400000	 -0.2478073371
0.2603600000	 -0.2478841380
0.2603800000	 -0.2513399149
0.2604000000	 -0.2586570979
0.2604200000	 -0.2540709001
0.2604400000	 -0.2483176781
0.2604600000	 -0.2434078879
0.2604800000	 -0.2541528652
0.2605000000	 -0.2808347436
0.2605200000	 -0.2716405274
0.2605400000	 -0.2510556219
0.2605600000	 -0.2630052173
0.2605800000	 -0.2599759195
0.2606000000	 -0.2333333690
0.2606200000	 -0.2329517593
0.2606400000	 -0.2489889699
0.2606600000	 -0.2452426726
0.2606800000	 -0.2354427808
0.2607000000	 -0.2376507749
0.2607200000	 -0.2400604865
0.2607400000	 -0.2389639407
0.2607600000	 -0.2456844501
0.2607800000	 -0.2497235563
0.2608000000	 -0.2366960429
0.2608200000	 -0.2468173767
0.2608400000	 -0.2772703409
0.2608600000	 -0.2658533727
0.2608800000	 -0.2478584632
0.2609000000	 -0.2529440391
0.2609200000	 -0.2482967254
0.2609400000	 -0.2556566006
0.2609600000	 -0.2721280385
0.2609800000	 -0.2703204631
0.2610000000	 -0.2578571377
0.2610200000	 -0.2483553407
0.2610400000	 -0.2552138294
0.2610600000	 -0.2587204561
0.2610800000	 -0.2579054930
0.2611000000	 -0.2666139336
0.2611200000	 -0.2619343348
0.2611400000	 -0.2572000102
0.2611600000	 -0.2685695983
0.2611800000	 -0.2713962233
0.2612000000	 -0.2527641021
0.2612200000	 -0.2412641802
0.2612400000	 -0.2559697084
0.2612600000	 -0.2582333488
0.2612800000	 -0.2534969085
0.2613000000	 -0.2586187162
0.2613200000	 -0.2567065091
0.2613400000	 -0.2714597465
0.2613600000	 -0.2813348922
0.2613800000	 -0.2710975393
0.2614000000	 -0.2622199062
0.2614200000	 -0.2455488863
0.2614400000	 -0.2553115919
0.2614600000	 -0.2565792575
0.2614800000	 -0.2209984722
0.2615000000	 -0.2356480431
0.2615200000	 -0.2628349013
0.2615400000	 -0.2490538158
0.2615600000	 -0.2399760182
0.2615800000	 -0.2392098236
0.2616000000	 -0.2396493246
0.2616200000	 -0.2377136649
0.2616400000	 -0.2457195668
0.2616600000	 -0.2550170138
0.2616800000	 -0.2388430270
0.2617000000	 -0.2334470646
0.2617200000	 -0.2289379714
0.2617400000	 -0.2116886943
0.2617600000	 -0.2172024944
0.2617800000	 -0.2277036723
0.2618000000	 -0.2394907653
0.2618200000	 -0.2511475004
0.2618400000	 -0.2401529736
0.2618600000	 -0.2258233065
0.2618800000	 -0.2235691315
0.2619000000	 -0.2240097575
0.2619200000	 -0.2142629056
0.2619400000	 -0.2142396789
0.2619600000	 -0.2276719951
0.2619800000	 -0.2262931594
0.2620000000	 -0.2360485805
0.2620200000	 -0.2316983054
0.2620400000	 -0.1983663865
0.2620600000	 -0.2270701229
0.2620800000	 -0.2584408891
0.2621000000	 -0.2130985794
0.2621200000	 -0.2069388831
0.2621400000	 -0.2488895700
0.2621600000	 -0.2493409507
0.2621800000	 -0.2368478057
0.2622000000	 -0.2214657377
0.2622200000	 -0.2083863363
0.2622400000	 -0.2370012203
0.2622600000	 -0.2503624773
0.2622800000	 -0.2355679395
0.2623000000	 -0.2423189415
0.2623200000	 -0.2345478021
0.2623400000	 -0.2169985999
0.2623600000	 -0.2188216163
0.2623800000	 -0.2196023362
0.2624000000	 -0.2257854519
0.2624200000	 -0.2243136929
0.2624400000	 -0.2132295822
0.2624600000	 -0.2173814003
0.2624800000	 -0.2234993402
0.2625000000	 -0.2197386302
0.2625200000	 -0.1992022550
0.2625400000	 -0.1839999444
0.2625600000	 -0.1932204200
0.2625800000	 -0.2017123661
0.2626000000	 -0.2095866053
0.2626200000	 -0.1998193798
0.2626400000	 -0.1837274664
0.2626600000	 -0.2130208920
0.2626800000	 -0.2329850751
0.2627000000	 -0.2123423292
0.2627200000	 -0.2057211382
0.2627400000	 -0.2092572050
0.2627600000	 -0.2150738557
0.2627800000	 -0.2254040499
0.2628000000	 -0.2092258563
0.2628200000	 -0.1904246613
0.2628400000	 -0.2060450985
0.2628600000	 -0.2144946349
0.2628800000	 -0.2032852586
0.2629000000	 -0.2085167263
0.2629200000	 -0.2123256488
0.2629400000	 -0.1974732029
0.2629600000	 -0.1866726455
0.2629800000	 -0.1973717663
0.2630000000	 -0.2133294863
0.2630200000	 -0.2040757462
0.2630400000	 -0.1977176605
0.2630600000	 -0.2033092059
0.2630800000	 -0.1818874024
0.2631000000	 -0.1576398759
0.2631200000	 -0.1561322894
0.2631400000	 -0.1666688752
0.2631600000	 -0.1772495628
0.2631800000	 -0.1760576697
0.2632000000	 -0.1744232670
0.2632200000	 -0.1751778402
0.2632400000	 -0.1835160296
0.2632600000	 -0.1927344463
0.2632800000	 -0.1858748361
0.2633000000	 -0.1870897159
0.2633200000	 -0.1764021285
0.2633400000	 -0.1576319855
0.2633600000	 -0.1825225483
0.2633800000	 -0.1959002931
0.2634000000	 -0.1674945507
0.2634200000	 -0.1472660828
0.2634400000	 -0.1480359926
0.2634600000	 -0.1629187288
0.2634800000	 -0.1639756292
0.2635000000	 -0.1466878175
0.2635200000	 -0.1372363220
0.2635400000	 -0.1361648666
0.2635600000	 -0.1414330547
0.2635800000	 -0.1437374532
0.2636000000	 -0.1424896751
0.2636200000	 -0.1421408753
0.2636400000	 -0.1314256363
0.2636600000	 -0.1216980070
0.2636800000	 -0.1202530653
0.2637000000	 -0.1185298675
0.2637200000	 -0.1210733715
0.2637400000	 -0.1233806923
0.2637600000	 -0.1101961027
0.2637800000	 -0.1046315427
0.2638000000	 -0.1274721271
0.2638200000	 -0.1276148617
0.2638400000	 -0.1050844527
0.2638600000	 -0.1040043922
0.2638800000	 -0.0989651131
0.2639000000	 -0.1012414307
0.2639200000	 -0.1120819868
0.2639400000	 -0.0967277606
0.2639600000	 -0.0899513849
0.2639800000	 -0.0882555801
0.2640000000	 -0.0819259162
0.2640200000	 -0.0839792125
0.2640400000	 -0.0673737955
0.2640600000	 -0.0714294429
0.2640800000	 -0.0987280239
0.2641000000	 -0.0911039617
0.2641200000	 -0.0813478976
0.2641400000	 -0.0786280125
0.2641600000	 -0.0639746396
0.2641800000	 -0.0668745914
0.2642000000	 -0.0883773530
0.2642200000	 -0.0947855008
0.2642400000	 -0.0658978005
0.2642600000	 -0.0467386378
0.2642800000	 -0.0661304599
0.2643000000	 -0.0679103491
0.2643200000	 -0.0532571497
0.2643400000	 -0.0517924878
0.2643600000	 -0.0417559061
0.2643800000	 -0.0437525544
0.2644000000	 -0.0580185905
0.2644200000	 -0.0418143993
0.2644400000	 -0.0358695299
0.2644600000	 -0.0573204635
0.2644800000	 -0.0462484645
0.2645000000	 -0.0260855534
0.2645200000	 -0.0342451730
0.2645400000	 -0.0426581269
0.2645600000	 -0.0508656294
0.2645800000	 -0.0492308677
0.2646000000	 -0.0295009422
0.2646200000	 -0.0268413484
0.2646400000	 -0.0310543443
0.2646600000	 -0.0172346664
0.2646800000	 -0.0069461045
0.2647000000	 -0.0149170107
0.2647200000	 -0.0120783194
0.2647400000	 0.0129234223
0.2647600000	 0.0127875933
0.2647800000	 -0.0009031442
0.2648000000	 0.0063357920
0.2648200000	 0.0080122520
0.2648400000	 0.0299173857
0.2648600000	 0.0573171106
0.2648800000	 0.0379753240
0.2649000000	 0.0344415208
0.2649200000	 0.0377824260
0.2649400000	 0.0119497036
0.2649600000	 0.0287844728
0.2649800000	 0.0510006189
0.2650000000	 0.0278785225
0.2650200000	 0.0299070671
0.2650400000	 0.0517319778
0.2650600000	 0.0494550982
0.2650800000	 0.0439374071
0.2651000000	 0.0400257121
0.2651200000	 0.0435154949
0.2651400000	 0.0605603387
0.2651600000	 0.0522263131
0.2651800000	 0.0421125326
0.2652000000	 0.0699592152
0.2652200000	 0.0772554336
0.2652400000	 0.0638635436
0.2652600000	 0.0623605868
0.2652800000	 0.0588515117
0.2653000000	 0.0829748886
0.2653200000	 0.0996728262
0.2653400000	 0.0894505336
0.2653600000	 0.1036053854
0.2653800000	 0.0930976103
0.2654000000	 0.0749144124
0.2654200000	 0.0969898195
0.2654400000	 0.1115565624
0.2654600000	 0.1118700034
0.2654800000	 0.0877890297
0.2655000000	 0.0889276116
0.2655200000	 0.1287162156
0.2655400000	 0.1133261087
0.2655600000	 0.1029826696
0.2655800000	 0.1142160761
0.2656000000	 0.1128570983
0.2656200000	 0.1433936957
0.2656400000	 0.1397215590
0.2656600000	 0.1354186676
0.2656800000	 0.1563332838
0.2657000000	 0.1320020883
0.2657200000	 0.1516788473
0.2657400000	 0.1683378499
0.2657600000	 0.1343379042
0.2657800000	 0.1551041825
0.2658000000	 0.1577852972
0.2658200000	 0.1369047428
0.2658400000	 0.1631030812
0.2658600000	 0.1897789321
0.2658800000	 0.1978268361
0.2659000000	 0.1800095636
0.2659200000	 0.1676810915
0.2659400000	 0.1725251984
0.2659600000	 0.1844655011
0.2659800000	 0.2042699870
0.2660000000	 0.1749275886
0.2660200000	 0.1756355353
0.2660400000	 0.2251122123
0.2660600000	 0.2068273852
0.2660800000	 0.1939267122
0.2661000000	 0.1986496790
0.2661200000	 0.1927470575
0.2661400000	 0.2267130107
0.2661600000	 0.2283175054
0.2661800000	 0.2126174224
0.2662000000	 0.2128794604
0.2662200000	 0.1950926272
0.2662400000	 0.2111931051
0.2662600000	 0.2219931932
0.2662800000	 0.2189270547
0.2663000000	 0.2501961496
0.2663200000	 0.2439049541
0.2663400000	 0.2192842850
0.2663600000	 0.2312066299
0.2663800000	 0.2477243042
0.2664000000	 0.2490704965
0.2664200000	 0.2310657619
0.2664400000	 0.2419104539
0.2664600000	 0.2680490676
0.2664800000	 0.2426915249
0.2665000000	 0.2276839214
0.2665200000	 0.2486195059
0.2665400000	 0.2605332591
0.2665600000	 0.2681613916
0.2665800000	 0.2469311453
0.2666000000	 0.2254099286
0.2666200000	 0.2583873147
0.2666400000	 0.2801029681
0.2666600000	 0.2740901942
0.2666800000	 0.2754455623
0.2667000000	 0.2624003092
0.2667200000	 0.2625610183
0.2667400000	 0.2805195838
0.2667600000	 0.2823099706
0.2667800000	 0.2828141924
0.2668000000	 0.2712581832
0.2668200000	 0.2720418988
0.2668400000	 0.2981827859
0.2668600000	 0.2876854045
0.2668800000	 0.2822800339
0.2669000000	 0.2983156614
0.2669200000	 0.2816444664
0.2669400000	 0.2940347104
0.2669600000	 0.3240189026
0.2669800000	 0.3055156005
0.2670000000	 0.3015083600
0.2670200000	 0.3134133128
0.2670400000	 0.2988480754
0.2670600000	 0.2937798331
0.2670800000	 0.3070531104
0.2671000000	 0.3260965887
0.2671200000	 0.3322575210
0.2671400000	 0.3184366881
0.2671600000	 0.3175967758
0.2671800000	 0.3164817096
0.2672000000	 0.3144342356
0.2672200000	 0.3320797001
0.2672400000	 0.3341154161
0.2672600000	 0.3382391491
0.2672800000	 0.3561131392
0.2673000000	 0.3433826401
0.2673200000	 0.3260443395
0.2673400000	 0.3257860400
0.2673600000	 0.3331645631
0.2673800000	 0.3508759545
0.2674000000	 0.3639360650
0.2674200000	 0.3605401552
0.2674400000	 0.3394397423
0.2674600000	 0.3424321537
0.2674800000	 0.3622983580
0.2675000000	 0.3468224535
0.2675200000	 0.3535575159
0.2675400000	 0.3674951075
0.2675600000	 0.3474515559
0.2675800000	 0.3621996666
0.2676000000	 0.3589989585
0.2676200000	 0.3336926901
0.2676400000	 0.3741155741
0.2676600000	 0.3967791750
0.2676800000	 0.3754271247
0.2677000000	 0.3746668510
0.2677200000	 0.3634582642
0.2677400000	 0.3451262379
0.2677600000	 0.3584320130
0.2677800000	 0.3760481376
0.2678000000	 0.3639155123
0.2678200000	 0.3500336580
0.2678400000	 0.3587315649
0.2678600000	 0.3610155391
0.2678800000	 0.3532503522
0.2679000000	 0.3464726335
0.2679200000	 0.3437803625
0.2679400000	 0.3639257722
0.2679600000	 0.3736908765
0.2679800000	 0.3416539709
0.2680000000	 0.3351447252
0.2680200000	 0.3663405615
0.2680400000	 0.3628684056
0.2680600000	 0.3540676090
0.2680800000	 0.3615413310
0.2681000000	 0.3489991700
0.2681200000	 0.3639548048
0.2681400000	 0.3839842879
0.2681600000	 0.3643551855
0.2681800000	 0.3617924493
0.2682000000	 0.3563612567
0.2682200000	 0.3401545046
0.2682400000	 0.3518223103
0.2682600000	 0.3626387551
0.2682800000	 0.3507670487
0.2683000000	 0.3242895483
0.2683200000	 0.3365496910
0.2683400000	 0.3620262453
0.2683600000	 0.3341590782
0.2683800000	 0.3352017380
0.2684000000	 0.3630855648
0.2684200000	 0.3533098553
0.2684400000	 0.3377118130
0.2684600000	 0.3240524126
0.2684800000	 0.3356286470
0.2685000000	 0.3441105081
0.2685200000	 0.3230019191
0.2685400000	 0.3316834399
0.2685600000	 0.3389660463
0.2685800000	 0.3366566158
0.2686000000	 0.3489985472
0.2686200000	 0.3482296399
0.2686400000	 0.3483620363
0.2686600000	 0.3447275282
0.2686800000	 0.3522591097
0.2687000000	 0.3743774990
0.2687200000	 0.3634125446
0.2687400000	 0.3415414793
0.2687600000	 0.3360244387
0.2687800000	 0.3550164159
0.2688000000	 0.3635390993
0.2688200000	 0.3437200258
0.2688400000	 0.3581931321
0.2688600000	 0.3604657385
0.2688800000	 0.3370086352
0.2689000000	 0.3491367515
0.2689200000	 0.3500223401
0.2689400000	 0.3394146349
0.2689600000	 0.3386985858
0.2689800000	 0.3441171531
0.2690000000	 0.3567233772
0.2690200000	 0.3383957563
0.2690400000	 0.3251494636
0.2690600000	 0.3337949753
0.2690800000	 0.3340752924
0.2691000000	 0.3429549005
0.2691200000	 0.3465885341
0.2691400000	 0.3444325249
0.2691600000	 0.3280239640
0.2691800000	 0.3158602815
0.2692000000	 0.3436629820
0.2692200000	 0.3414381149
0.2692400000	 0.3249355416
0.2692600000	 0.3229069411
0.2692800000	 0.2959450635
0.2693000000	 0.2989498560
0.2693200000	 0.3131548751
0.2693400000	 0.3099214816
0.2693600000	 0.3143378378
0.2693800000	 0.2884909647
0.2694000000	 0.2854530644
0.2694200000	 0.3129150507
0.2694400000	 0.2900417104
0.2694600000	 0.2689385560
0.2694800000	 0.2839031454
0.2695000000	 0.2922593743
0.2695200000	 0.2944269484
0.2695400000	 0.2987478608
0.2695600000	 0.2896778706
0.2695800000	 0.2748668654
0.2696000000	 0.2715593014
0.2696200000	 0.2659472983
0.2696400000	 0.2804454518
0.2696600000	 0.2995177078
0.2696800000	 0.2750996349
0.2697000000	 0.2700067075
0.2697200000	 0.2902206099
0.2697400000	 0.2860737162
0.2697600000	 0.2745158427
0.2697800000	 0.2563946900
0.2698000000	 0.2564647106
0.2698200000	 0.2732760908
0.2698400000	 0.2717939419
0.2698600000	 0.2646278051
0.2698800000	 0.2514763956
0.2699000000	 0.2467829028
0.2699200000	 0.2467658230
0.2699400000	 0.2400393657
0.2699600000	 0.2403502377
0.2699800000	 0.2302502231
0.2700000000	 0.2374147541
0.2700200000	 0.2393095919
0.2700400000	 0.2087105881
0.2700600000	 0.2120825419
0.2700800000	 0.2073366676
0.2701000000	 0.1970079912
0.2701200000	 0.2211114194
0.2701400000	 0.2119024935
0.2701600000	 0.2057859328
0.2701800000	 0.2089692680
0.2702000000	 0.1909521583
0.2702200000	 0.1929589702
0.2702400000	 0.1821443095
0.2702600000	 0.1819195675
0.2702800000	 0.2021090552
0.2703000000	 0.1887803989
0.2703200000	 0.1855014548
0.2703400000	 0.1840757323
0.2703600000	 0.1679393213
0.2703800000	 0.1672672004
0.2704000000	 0.1579700920
0.2704200000	 0.1463035250
0.2704400000	 0.1568372119
0.2704600000	 0.1744691402
0.2704800000	 0.1577765210
0.2705000000	 0.1333759673
0.2705200000	 0.1523835689
0.2705400000	 0.1605923367
0.2705600000	 0.1610461181
0.2705800000	 0.1734914684
0.2706000000	 0.1612188798
0.2706200000	 0.1512443819
0.2706400000	 0.1414478305
0.2706600000	 0.1372217182
0.2706800000	 0.1373585015
0.2707000000	 0.1173884956
0.2707200000	 0.1318795828
0.2707400000	 0.1419366200
0.2707600000	 0.1219483251
0.2707800000	 0.1311942077
0.2708000000	 0.1312164580
0.2708200000	 0.1231818186
0.2708400000	 0.1206094122
0.2708600000	 0.1149436590
0.2708800000	 0.1211678658
0.2709000000	 0.1080363219
0.2709200000	 0.1089617039
0.2709400000	 0.1326214411
0.2709600000	 0.1336368719
0.2709800000	 0.1284661748
0.2710000000	 0.1172745684
0.2710200000	 0.1236476575
0.2710400000	 0.1315291243
0.2710600000	 0.1118274879
0.2710800000	 0.1145265825
0.2711000000	 0.1247857738
0.2711200000	 0.1253292525
0.2711400000	 0.1098675850
0.2711600000	 0.0976099367
0.2711800000	 0.1162883049
0.2712000000	 0.0803052325
0.2712200000	 0.0507751493
0.2712400000	 0.0895600212
0.2712600000	 0.0914300035
0.2712800000	 0.0923017735
0.2713000000	 0.0931578849
0.2713200000	 0.0755538215
0.2713400000	 0.0920336626
0.2713600000	 0.0785804665
0.2713800000	 0.0611719743
0.2714000000	 0.0671250190
0.2714200000	 0.0494938615
0.2714400000	 0.0603871191
0.2714600000	 0.0797351467
0.2714800000	 0.0732923272
0.2715000000	 0.0589992148
0.2715200000	 0.0507777629
0.2715400000	 0.0741923764
0.2715600000	 0.0692752781
0.2715800000	 0.0457210725
0.2716000000	 0.0612240700
0.2716200000	 0.0600058850
0.2716400000	 0.0484741881
0.2716600000	 0.0555375336
0.2716800000	 0.0556832082
0.2717000000	 0.0420772873
0.2717200000	 0.0296815475
0.2717400000	 0.0419224484
0.2717600000	 0.0419781900
0.2717800000	 0.0215716478
0.2718000000	 0.0276334210
0.2718200000	 0.0397791120
0.2718400000	 0.0377166435
0.2718600000	 0.0258819587
0.2718800000	 0.0151860597
0.2719000000	 0.0191852988
0.2719200000	 0.0233831087
0.2719400000	 0.0288073646
0.2719600000	 0.0259879926
0.2719800000	 0.0119211363
0.2720000000	 0.0167396510
0.2720200000	 0.0245384734
0.2720400000	 0.0148315617
0.2720600000	 0.0097129347
0.2720800000	 0.0171518715
0.2721000000	 0.0093532981
0.2721200000	 -0.0062193354
0.2721400000	 0.0118554391
0.2721600000	 0.0261806722
0.2721800000	 0.0073280150
0.2722000000	 0.0046436957
0.2722200000	 0.0158759641
0.2722400000	 0.0065199571
0.2722600000	 -0.0078577908
0.2722800000	 -0.0057341412
0.2723000000	 -0.0051942888
0.2723200000	 -0.0070028218
0.2723400000	 0.0039610221
0.2723600000	 -0.0110279481
0.2723800000	 -0.0319777915
0.2724000000	 -0.0160492997
0.2724200000	 -0.0263667545
0.2724400000	 -0.0449972289
0.2724600000	 -0.0104045551
0.2724800000	 0.0042098544
0.2725000000	 -0.0241518624
0.2725200000	 -0.0285958020
0.2725400000	 -0.0222003140
0.2725600000	 -0.0391972615
0.2725800000	 -0.0526182442
0.2726000000	 -0.0483264263
0.2726200000	 -0.0385037041
0.2726400000	 -0.0304534177
0.2726600000	 -0.0348566555
0.2726800000	 -0.0413811244
0.2727000000	 -0.0455561254
0.2727200000	 -0.0504033815
0.2727400000	 -0.0335847161
0.2727600000	 -0.0195910796
0.2727800000	 -0.0354988753
0.2728000000	 -0.0571578296
0.2728200000	 -0.0725605757
0.2728400000	 -0.0602196102
0.2728600000	 -0.0400877134
0.2728800000	 -0.0586875294
0.2729000000	 -0.0686301942
0.2729200000	 -0.0526892325
0.2729400000	 -0.0616154347
0.2729600000	 -0.0792696487
0.2729800000	 -0.0780753168
0.2730000000	 -0.0757086336
0.2730200000	 -0.0804283083
0.2730400000	 -0.0804353378
0.2730600000	 -0.0711557242
0.2730800000	 -0.0740954440
0.2731000000	 -0.0974154232
0.2731200000	 -0.1057284612
0.2731400000	 -0.0971509436
0.2731600000	 -0.1013346323
0.2731800000	 -0.0975941706
0.2732000000	 -0.0883117720
0.2732200000	 -0.1051977454
0.2732400000	 -0.1150341675
0.2732600000	 -0.1021121928
0.2732800000	 -0.0974881735
0.2733000000	 -0.1003439633
0.2733200000	 -0.0910690404
0.2733400000	 -0.0824462991
0.2733600000	 -0.1025937119
0.2733800000	 -0.1072321752
0.2734000000	 -0.0841318872
0.2734200000	 -0.0936821330
0.2734400000	 -0.0902163503
0.2734600000	 -0.0730037617
0.2734800000	 -0.1011894299
0.2735000000	 -0.1034771596
0.2735200000	 -0.0925239391
0.2735400000	 -0.1193789382
0.2735600000	 -0.1136783924
0.2735800000	 -0.0867317191
0.2736000000	 -0.0911057624
0.2736200000	 -0.1114733564
0.2736400000	 -0.1180437445
0.2736600000	 -0.1123083282
0.2736800000	 -0.1267158088
0.2737000000	 -0.1330193332
0.2737200000	 -0.1188743467
0.2737400000	 -0.1168554127
0.2737600000	 -0.1193750485
0.2737800000	 -0.1254776773
0.2738000000	 -0.1105596547
0.2738200000	 -0.0978246657
0.2738400000	 -0.1355862689
0.2738600000	 -0.1509582850
0.2738800000	 -0.1319548471
0.2739000000	 -0.1231718608
0.2739200000	 -0.1251724077
0.2739400000	 -0.1477385924
0.2739600000	 -0.1503131346
0.2739800000	 -0.1409739552
0.2740000000	 -0.1460241783
0.2740200000	 -0.1383941553
0.2740400000	 -0.1484505573
0.2740600000	 -0.1584333885
0.2740800000	 -0.1552703439
0.2741000000	 -0.1635472526
0.2741200000	 -0.1564245976
0.2741400000	 -0.1685605748
0.2741600000	 -0.1816300533
0.2741800000	 -0.1663040765
0.2742000000	 -0.1746110282
0.2742200000	 -0.1650611161
0.2742400000	 -0.1570938726
0.2742600000	 -0.1835400410
0.2742800000	 -0.1717751238
0.2743000000	 -0.1609909132
0.2743200000	 -0.1754651413
0.2743400000	 -0.1759489561
0.2743600000	 -0.1838044262
0.2743800000	 -0.1850904546
0.2744000000	 -0.1669096891
0.2744200000	 -0.1542168971
0.2744400000	 -0.1531593612
0.2744600000	 -0.1586598272
0.2744800000	 -0.1729994514
0.2745000000	 -0.1862616828
0.2745200000	 -0.1795464109
0.2745400000	 -0.1722435350
0.2745600000	 -0.1648768785
0.2745800000	 -0.1681875282
0.2746000000	 -0.1926078592
0.2746200000	 -0.1737552522
0.2746400000	 -0.1547650636
0.2746600000	 -0.1765503077
0.2746800000	 -0.1740694588
0.2747000000	 -0.1886468977
0.2747200000	 -0.2107317705
0.2747400000	 -0.1825934064
0.2747600000	 -0.1637376193
0.2747800000	 -0.1844967441
0.2748000000	 -0.2099849455
0.2748200000	 -0.1915189129
0.2748400000	 -0.1751098086
0.2748600000	 -0.2093721275
0.2748800000	 -0.2071562309
0.2749000000	 -0.1852202391
0.2749200000	 -0.1975418631
0.2749400000	 -0.2075560083
0.2749600000	 -0.2107830131
0.2749800000	 -0.1973272065
0.2750000000	 -0.1921575676
0.2750200000	 -0.1942906921
0.2750400000	 -0.1774830108
0.2750600000	 -0.1953857522
0.2750800000	 -0.2087878309
0.2751000000	 -0.1930698875
0.2751200000	 -0.2043727524
0.2751400000	 -0.2003502055
0.2751600000	 -0.1890891590
0.2751800000	 -0.2045655693
0.2752000000	 -0.1980719774
0.2752200000	 -0.1825110226
0.2752400000	 -0.1884956015
0.2752600000	 -0.1904831190
0.2752800000	 -0.1885221962
0.2753000000	 -0.2024141876
0.2753200000	 -0.2090022579
0.2753400000	 -0.1959326520
0.2753600000	 -0.1909376979
0.2753800000	 -0.1960693431
0.2754000000	 -0.1993841533
0.2754200000	 -0.1965245138
0.2754400000	 -0.1933298316
0.2754600000	 -0.1965565352
0.2754800000	 -0.2076124766
0.2755000000	 -0.2242162181
0.2755200000	 -0.2082524570
0.2755400000	 -0.1874270117
0.2755600000	 -0.2063344895
0.2755800000	 -0.2170501683
0.2756000000	 -0.2305567422
0.2756200000	 -0.2303814789
0.2756400000	 -0.1977502461
0.2756600000	 -0.2171345158
0.2756800000	 -0.2277405557
0.2757000000	 -0.2036313553
0.2757200000	 -0.2315543610
0.2757400000	 -0.2359328065
0.2757600000	 -0.1984904210
0.2757800000	 -0.1926555080
0.2758000000	 -0.2086994917
0.2758200000	 -0.2261890067
0.2758400000	 -0.2209074118
0.2758600000	 -0.2145943551
0.2758800000	 -0.2238107219
0.2759000000	 -0.2159724228
0.2759200000	 -0.2182020734
0.2759400000	 -0.2284417089
0.2759600000	 -0.2152559516
0.2759800000	 -0.2178918193
0.2760000000	 -0.2387352013
0.2760200000	 -0.2283345437
0.2760400000	 -0.2127421022
0.2760600000	 -0.2268968110
0.2760800000	 -0.2214159032
0.2761000000	 -0.2020783530
0.2761200000	 -0.2121410725
0.2761400000	 -0.2199820092
0.2761600000	 -0.2229344679
0.2761800000	 -0.2335478967
0.2762000000	 -0.2382312224
0.2762200000	 -0.2383245970
0.2762400000	 -0.2301116384
0.2762600000	 -0.2301831189
0.2762800000	 -0.2367060318
0.2763000000	 -0.2303306074
0.2763200000	 -0.2217626595
0.2763400000	 -0.2112778682
0.2763600000	 -0.2211572505
0.2763800000	 -0.2395358758
0.2764000000	 -0.2306177648
0.2764200000	 -0.2480286149
0.2764400000	 -0.2738794535
0.2764600000	 -0.2478172660
0.2764800000	 -0.2337632193
0.2765000000	 -0.2427486358
0.2765200000	 -0.2336091513
0.2765400000	 -0.2363091136
0.2765600000	 -0.2361139018
0.2765800000	 -0.2186583190
0.2766000000	 -0.2173375844
0.2766200000	 -0.2132924422
0.2766400000	 -0.2227348227
0.2766600000	 -0.2573563889
0.2766800000	 -0.2509897014
0.2767000000	 -0.2377164369
0.2767200000	 -0.2583143571
0.2767400000	 -0.2574460398
0.2767600000	 -0.2491007840
0.2767800000	 -0.2594985769
0.2768000000	 -0.2660695477
0.2768200000	 -0.2648476300
0.2768400000	 -0.2596538746
0.2768600000	 -0.2607793525
0.2768800000	 -0.2715769302
0.2769000000	 -0.2773378538
0.2769200000	 -0.2627687004
0.2769400000	 -0.2527689898
0.2769600000	 -0.2617345779
0.2769800000	 -0.2521325766
0.2770000000	 -0.2521064668
0.2770200000	 -0.2585227341
0.2770400000	 -0.2342892884
0.2770600000	 -0.2484391617
0.2770800000	 -0.2688434285
0.2771000000	 -0.2381188159
0.2771200000	 -0.2264554771
0.2771400000	 -0.2398806297
0.2771600000	 -0.2528346568
0.2771800000	 -0.2492821204
0.2772000000	 -0.2412287873
0.2772200000	 -0.2514613264
0.2772400000	 -0.2375545911
0.2772600000	 -0.2455973083
0.2772800000	 -0.2674327398
0.2773000000	 -0.2322828338
0.2773200000	 -0.2333998577
0.2773400000	 -0.2576147413
0.2773600000	 -0.2538727897
0.2773800000	 -0.2752043680
0.2774000000	 -0.2727645798
0.2774200000	 -0.2616402231
0.2774400000	 -0.2701735072
0.2774600000	 -0.2541944971
0.2774800000	 -0.2604486499
0.2775000000	 -0.2698944059
0.2775200000	 -0.2551624310
0.2775400000	 -0.2614231229
0.2775600000	 -0.2629385509
0.2775800000	 -0.2648894527
0.2776000000	 -0.2773983142
0.2776200000	 -0.2718428366
0.2776400000	 -0.2699519951
0.2776600000	 -0.2749737319
0.2776800000	 -0.2718439938
0.2777000000	 -0.2582780583
0.2777200000	 -0.2446648094
0.2777400000	 -0.2533699347
0.2777600000	 -0.2640675697
0.2777800000	 -0.2705226118
0.2778000000	 -0.2857085781
0.2778200000	 -0.2810718335
0.2778400000	 -0.2575686685
0.2778600000	 -0.2467533237
0.2778800000	 -0.2440947738
0.2779000000	 -0.2368663415
0.2779200000	 -0.2401627852
0.2779400000	 -0.2503412293
0.2779600000	 -0.2465139805
0.2779800000	 -0.2558928476
0.2780000000	 -0.2771625988
0.2780200000	 -0.2707744063
0.2780400000	 -0.2592366196
0.2780600000	 -0.2608926226
0.2780800000	 -0.2630172687
0.2781000000	 -0.2583818841
0.2781200000	 -0.2517627822
0.2781400000	 -0.2607109160
0.2781600000	 -0.2523396981
0.2781800000	 -0.2402975863
0.2782000000	 -0.2685707404
0.2782200000	 -0.2639676483
0.2782400000	 -0.2412455401
0.2782600000	 -0.2642314241
0.2782800000	 -0.2627447015
0.2783000000	 -0.2397984175
0.2783200000	 -0.2431312265
0.2783400000	 -0.2623110020
0.2783600000	 -0.2793285674
0.2783800000	 -0.2538554577
0.2784000000	 -0.2337966431
0.2784200000	 -0.2548419441
0.2784400000	 -0.2571742450
0.2784600000	 -0.2640840301
0.2784800000	 -0.2718628887
0.2785000000	 -0.2446598776
0.2785200000	 -0.2377526747
0.2785400000	 -0.2518768122
0.2785600000	 -0.2546485779
0.2785800000	 -0.2479459584
0.2786000000	 -0.2289822327
0.2786200000	 -0.2333190387
0.2786400000	 -0.2619049029
0.2786600000	 -0.2590551602
0.2786800000	 -0.2413008411
0.2787000000	 -0.2408424215
0.2787200000	 -0.2280405371
0.2787400000	 -0.2165551857
0.2787600000	 -0.2301170983
0.2787800000	 -0.2304003122
0.2788000000	 -0.2249493716
0.2788200000	 -0.2307170013
0.2788400000	 -0.2235562795
0.2788600000	 -0.2165926909
0.2788800000	 -0.2219026091
0.2789000000	 -0.2400710576
0.2789200000	 -0.2517203458
0.2789400000	 -0.2323155795
0.2789600000	 -0.2243190658
0.2789800000	 -0.2256106160
0.2790000000	 -0.2156627598
0.2790200000	 -0.2307317355
0.2790400000	 -0.2410834455
0.2790600000	 -0.2358311294
0.2790800000	 -0.2463187080
0.2791000000	 -0.2366508810
0.2791200000	 -0.2170652478
0.2791400000	 -0.2257712226
0.2791600000	 -0.2327306675
0.2791800000	 -0.2317951705
0.2792000000	 -0.2393717581
0.2792200000	 -0.2280958889
0.2792400000	 -0.1934775778
0.2792600000	 -0.1871836236
0.2792800000	 -0.2180950214
0.2793000000	 -0.2212613486
0.2793200000	 -0.1858645710
0.2793400000	 -0.1913729448
0.2793600000	 -0.2233560902
0.2793800000	 -0.2004127945
0.2794000000	 -0.1840419210
0.2794200000	 -0.2099249174
0.2794400000	 -0.2151216682
0.2794600000	 -0.2199617134
0.2794800000	 -0.2138543831
0.2795000000	 -0.1936270010
0.2795200000	 -0.2115971915
0.2795400000	 -0.2063167145
0.2795600000	 -0.1844124511
0.2795800000	 -0.2031503271
0.2796000000	 -0.2080052067
0.2796200000	 -0.2082227440
0.2796400000	 -0.2089396400
0.2796600000	 -0.1977993292
0.2796800000	 -0.2181596498
0.2797000000	 -0.2199784117
0.2797200000	 -0.1948987208
0.2797400000	 -0.1904859131
0.2797600000	 -0.1749618353
0.2797800000	 -0.1809016353
0.2798000000	 -0.2091509001
0.2798200000	 -0.1883297798
0.2798400000	 -0.1631451493
0.2798600000	 -0.1663346172
0.2798800000	 -0.1618991033
0.2799000000	 -0.1626380576
0.2799200000	 -0.1768194417
0.2799400000	 -0.1841862598
0.2799600000	 -0.1715090106
0.2799800000	 -0.1398352798
0.2800000000	 -0.1233264332
0.2800200000	 -0.1447840245
0.2800400000	 -0.1613111442
0.2800600000	 -0.1440189134
0.2800800000	 -0.1338423800
0.2801000000	 -0.1390212752
0.2801200000	 -0.1379572877
0.2801400000	 -0.1433168022
0.2801600000	 -0.1416404479
0.2801800000	 -0.1302068113
0.2802000000	 -0.1336527052
0.2802200000	 -0.1338164644
0.2802400000	 -0.1312283776
0.2802600000	 -0.1343813540
0.2802800000	 -0.1319069457
0.2803000000	 -0.1397471872
0.2803200000	 -0.1423724186
0.2803400000	 -0.1258293052
0.2803600000	 -0.1134381785
0.2803800000	 -0.0994788115
0.2804000000	 -0.0960779258
0.2804200000	 -0.1097010450
0.2804400000	 -0.1082569060
0.2804600000	 -0.1014957808
0.2804800000	 -0.1050333186
0.2805000000	 -0.1092313561
0.2805200000	 -0.1064718101
0.2805400000	 -0.0920865704
0.2805600000	 -0.0904614463
0.2805800000	 -0.1029869803
0.2806000000	 -0.0961306833
0.2806200000	 -0.0897974378
0.2806400000	 -0.0899281268
0.2806600000	 -0.0753661507
0.2806800000	 -0.0932184247
0.2807000000	 -0.1173245525
0.2807200000	 -0.0851698574
0.2807400000	 -0.0838912292
0.2807600000	 -0.1100968974
0.2807800000	 -0.0845815495
0.2808000000	 -0.0792216377
0.2808200000	 -0.0870835073
0.2808400000	 -0.0658781795
0.2808600000	 -0.0642586942
0.2808800000	 -0.0530482894
0.2809000000	 -0.0551522915
0.2809200000	 -0.0909910457
0.2809400000	 -0.0762431140
0.2809600000	 -0.0607672589
0.2809800000	 -0.0815149979
0.2810000000	 -0.0708735003
0.2810200000	 -0.0581188108
0.2810400000	 -0.0634205712
0.2810600000	 -0.0542455604
0.2810800000	 -0.0320678473
0.2811000000	 -0.0123164564
0.2811200000	 -0.0196934432
0.2811400000	 -0.0396717050
0.2811600000	 -0.0333839529
0.2811800000	 -0.0133586384
0.2812000000	 -0.0050590871
0.2812200000	 -0.0065592030
0.2812400000	 -0.0137941243
0.2812600000	 -0.0257158193
0.2812800000	 -0.0306086027
0.2813000000	 -0.0331645854
0.2813200000	 -0.0399444581
0.2813400000	 -0.0211103733
0.2813600000	 0.0140277713
0.2813800000	 0.0132729712
0.2814000000	 -0.0100997014
0.2814200000	 -0.0118135218
0.2814400000	 -0.0005360541
0.2814600000	 -0.0033829220
0.2814800000	 -0.0091361517
0.2815000000	 0.0051281355
0.2815200000	 0.0173074543
0.2815400000	 0.0199806952
0.2815600000	 0.0402731554
0.2815800000	 0.0440923807
0.2816000000	 0.0295775222
0.2816200000	 0.0445705994
0.2816400000	 0.0381442815
0.2816600000	 0.0131644054
0.2816800000	 0.0295819982
0.2817000000	 0.0284600149
0.2817200000	 0.0134014590
0.2817400000	 0.0320588394
0.2817600000	 0.0368964206
0.2817800000	 0.0362095076
0.2818000000	 0.0567857329
0.2818200000	 0.0682561689
0.2818400000	 0.0617750399
0.2818600000	 0.0563548632
0.2818800000	 0.0665975787
0.2819000000	 0.0642604910
0.2819200000	 0.0505417490
0.2819400000	 0.0673549588
0.2819600000	 0.0873742395
0.2819800000	 0.0847079423
0.2820000000	 0.0766325950
0.2820200000	 0.0690769249
0.2820400000	 0.0704332401
0.2820600000	 0.0773063346
0.2820800000	 0.0812911601
0.2821000000	 0.0853454229
0.2821200000	 0.0861193819
0.2821400000	 0.0856742867
0.2821600000	 0.0887281860
0.2821800000	 0.0892247923
0.2822000000	 0.0980385552
0.2822200000	 0.1258095182
0.2822400000	 0.1313611844
0.2822600000	 0.1085214438
0.2822800000	 0.1095875616
0.2823000000	 0.1203689594
0.2823200000	 0.1129045747
0.2823400000	 0.1190910889
0.2823600000	 0.1481334248
0.2823800000	 0.1535046162
0.2824000000	 0.1309130087
0.2824200000	 0.1415862060
0.2824400000	 0.1545146656
0.2824600000	 0.1330265720
0.2824800000	 0.1498106752
0.2825000000	 0.1838962039
0.2825200000	 0.1766247536
0.2825400000	 0.1581192082
0.2825600000	 0.1561126363
0.2825800000	 0.1763969360
0.2826000000	 0.1819585135
0.2826200000	 0.1730421124
0.2826400000	 0.1845183811
0.2826600000	 0.1819441197
0.2826800000	 0.1723056762
0.2827000000	 0.1851222834
0.2827200000	 0.1989389704
0.2827400000	 0.1936956017
0.2827600000	 0.1816721742
0.2827800000	 0.2023360398
0.2828000000	 0.2182093388
0.2828200000	 0.2074492427
0.2828400000	 0.2190753235
0.2828600000	 0.2207589708
0.2828800000	 0.2135538949
0.2829000000	 0.2266043404
0.2829200000	 0.2280894094
0.2829400000	 0.2321476873
0.2829600000	 0.2382211321
0.2829800000	 0.2339141486
0.2830000000	 0.2306303144
0.2830200000	 0.2244496644
0.2830400000	 0.2310637753
0.2830600000	 0.2296828540
0.2830800000	 0.2292513558
0.2831000000	 0.2665203618
0.2831200000	 0.2661453169
0.2831400000	 0.2290313890
0.2831600000	 0.2339538937
0.2831800000	 0.2452740193
0.2832000000	 0.2541863107
0.2832200000	 0.2714573850
0.2832400000	 0.2613918703
0.2832600000	 0.2653030271
0.2832800000	 0.2818660972
0.2833000000	 0.2645206507
0.2833200000	 0.2603047712
0.2833400000	 0.2633228258
0.2833600000	 0.2653513452
0.2833800000	 0.2927130049
0.2834000000	 0.2823806452
0.2834200000	 0.2678003232
0.2834400000	 0.2941055573
0.2834600000	 0.2924438834
0.2834800000	 0.2847642316
0.2835000000	 0.2781412384
0.2835200000	 0.2629888378
0.2835400000	 0.2824725687
0.2835600000	 0.2939229438
0.2835800000	 0.2892346006
0.2836000000	 0.2890425994
0.2836200000	 0.2810526412
0.2836400000	 0.2966768816
0.2836600000	 0.3050435849
0.2836800000	 0.2831705725
0.2837000000	 0.2845142965
0.2837200000	 0.2988699115
0.2837400000	 0.2999679195
0.2837600000	 0.3015825324
0.2837800000	 0.3021244038
0.2838000000	 0.3126248784
0.2838200000	 0.3402624956
0.2838400000	 0.3270398337
0.2838600000	 0.2947350952
0.2838800000	 0.3171138376
0.2839000000	 0.3263498183
0.2839200000	 0.3145619077
0.2839400000	 0.3375502445
0.2839600000	 0.3428126441
0.2839800000	 0.3267595792
0.2840000000	 0.3212877082
0.2840200000	 0.3387246089
0.2840400000	 0.3573278322
0.2840600000	 0.3479502105
0.2840800000	 0.3594103430
0.2841000000	 0.3517005245
0.2841200000	 0.3237796181
0.2841400000	 0.3440145957
0.2841600000	 0.3390704178
0.2841800000	 0.3335017789
0.2842000000	 0.3527785688
0.2842200000	 0.3427258679
0.2842400000	 0.3517598949
0.2842600000	 0.3490769527
0.2842800000	 0.3368896281
0.2843000000	 0.3540212656
0.2843200000	 0.3515339651
0.2843400000	 0.3522263344
0.2843600000	 0.3394453511
0.2843800000	 0.3245859716
0.2844000000	 0.3559122333
0.2844200000	 0.3665452654
0.2844400000	 0.3553108354
0.2844600000	 0.3443131576
0.2844800000	 0.3398521229
0.2845000000	 0.3498724945
0.2845200000	 0.3470725025
0.2845400000	 0.3621060028
0.2845600000	 0.3573338902
0.2845800000	 0.3180736492
0.2846000000	 0.3319923756
0.2846200000	 0.3692500705
0.2846400000	 0.3830588198
0.2846600000	 0.3720732817
0.2846800000	 0.3558443880
0.2847000000	 0.3568375756
0.2847200000	 0.3457603305
0.2847400000	 0.3455873721
0.2847600000	 0.3579371755
0.2847800000	 0.3563987264
0.2848000000	 0.3626670977
0.2848200000	 0.3696884624
0.2848400000	 0.3758249232
0.2848600000	 0.3725771277
0.2848800000	 0.3719076028
0.2849000000	 0.3785333663
0.2849200000	 0.3548477830
0.2849400000	 0.3482511315
0.2849600000	 0.3595602512
0.2849800000	 0.3618666286
0.2850000000	 0.3805320025
0.2850200000	 0.3747602182
0.2850400000	 0.3638199085
0.2850600000	 0.3739371085
0.2850800000	 0.3763901897
0.2851000000	 0.3670494016
0.2851200000	 0.3351203082
0.2851400000	 0.3461998576
0.2851600000	 0.3818051412
0.2851800000	 0.3587479856
0.2852000000	 0.3507363618
0.2852200000	 0.3626823156
0.2852400000	 0.3551674910
0.2852600000	 0.3527067828
0.2852800000	 0.3480267855
0.2853000000	 0.3565841502
0.2853200000	 0.3576427199
0.2853400000	 0.3420692426
0.2853600000	 0.3523309921
0.2853800000	 0.3616546270
0.2854000000	 0.3534688006
0.2854200000	 0.3470671934
0.2854400000	 0.3467145218
0.2854600000	 0.3419024390
0.2854800000	 0.3208150522
0.2855000000	 0.3131025824
0.2855200000	 0.3342904067
0.2855400000	 0.3510653190
0.2855600000	 0.3423710352
0.2855800000	 0.3373154435
0.2856000000	 0.3496487460
0.2856200000	 0.3523315055
0.2856400000	 0.3556503886
0.2856600000	 0.3533154191
0.2856800000	 0.3359659887
0.2857000000	 0.3413943892
0.2857200000	 0.3556192328
0.2857400000	 0.3514606307
0.2857600000	 0.3439037327
0.2857800000	 0.3522578616
0.2858000000	 0.3608961539
0.2858200000	 0.3458734893
0.2858400000	 0.3360446016
0.2858600000	 0.3267520281
0.2858800000	 0.3206810855
0.2859000000	 0.3422221306
0.2859200000	 0.3374116136
0.2859400000	 0.3231178237
0.2859600000	 0.3406964115
0.2859800000	 0.3466767848
0.2860000000	 0.3366970108
0.2860200000	 0.3257768260
0.2860400000	 0.3221198489
0.2860600000	 0.3173853231
0.2860800000	 0.3092269049
0.2861000000	 0.3118944888
0.2861200000	 0.2936296068
0.2861400000	 0.2868379999
0.2861600000	 0.3051062899
0.2861800000	 0.2859525353
0.2862000000	 0.2777136054
0.2862200000	 0.2944330180
0.2862400000	 0.2888962450
0.2862600000	 0.2884634790
0.2862800000	 0.2743733591
0.2863000000	 0.2404926335
0.2863200000	 0.2520424771
0.2863400000	 0.2876130072
0.2863600000	 0.2789434613
0.2863800000	 0.2534133026
0.2864000000	 0.2571767001
0.2864200000	 0.2597017802
0.2864400000	 0.2506327401
0.2864600000	 0.2621653233
0.2864800000	 0.2748277875
0.2865000000	 0.2600544101
0.2865200000	 0.2514064146
0.2865400000	 0.2535226221
0.2865600000	 0.2437750512
0.2865800000	 0.2566162846
0.2866000000	 0.2511152828
0.2866200000	 0.2093446592
0.2866400000	 0.2338231748
0.2866600000	 0.2594216474
0.2866800000	 0.2308893542
0.2867000000	 0.2415280633
0.2867200000	 0.2504756322
0.2867400000	 0.2353704296
0.2867600000	 0.2403962429
0.2867800000	 0.2371092261
0.2868000000	 0.2272653679
0.2868200000	 0.2233666575
0.2868400000	 0.2253490084
0.2868600000	 0.2261558940
0.2868800000	 0.2215443939
0.2869000000	 0.2141302333
0.2869200000	 0.1893943855
0.2869400000	 0.1838895407
0.2869600000	 0.1958061415
0.2869800000	 0.1956579619
0.2870000000	 0.2097171600
0.2870200000	 0.2135530057
0.2870400000	 0.2071994756
0.2870600000	 0.2027336207
0.2870800000	 0.1853450215
0.2871000000	 0.1873559497
0.2871200000	 0.1940683393
0.2871400000	 0.1950233327
0.2871600000	 0.1889682931
0.2871800000	 0.1604568201
0.2872000000	 0.1661193542
0.2872200000	 0.1953930133
0.2872400000	 0.1878970788
0.2872600000	 0.1602704384
0.2872800000	 0.1598409023
0.2873000000	 0.1763514622
0.2873200000	 0.1529240399
0.2873400000	 0.1448312333
0.2873600000	 0.1641139439
0.2873800000	 0.1464501080
0.2874000000	 0.1606637076
0.2874200000	 0.1806734670
0.2874400000	 0.1436815164
0.2874600000	 0.1335224978
0.2874800000	 0.1458031370
0.2875000000	 0.1312985931
0.2875200000	 0.1139280629
0.2875400000	 0.1204142382
0.2875600000	 0.1320929171
0.2875800000	 0.1143163469
0.2876000000	 0.0994368372
0.2876200000	 0.1107389208
0.2876400000	 0.1208655261
0.2876600000	 0.1140831183
0.2876800000	 0.1138162792
0.2877000000	 0.1235331407
0.2877200000	 0.0957188144
0.2877400000	 0.0782859706
0.2877600000	 0.0908712349
0.2877800000	 0.0769218210
0.2878000000	 0.0858720740
0.2878200000	 0.0995012163
0.2878400000	 0.0955068460
0.2878600000	 0.1101609987
0.2878800000	 0.0841096823
0.2879000000	 0.0660926296
0.2879200000	 0.0880277534
0.2879400000	 0.0744329787
0.2879600000	 0.0792939538
0.2879800000	 0.1034996230
0.2880000000	 0.0912704000
0.2880200000	 0.0705222184
0.2880400000	 0.0513337156
0.2880600000	 0.0471860155
0.2880800000	 0.0574221409
0.2881000000	 0.0633834424
0.2881200000	 0.0715929772
0.2881400000	 0.0730426530
0.2881600000	 0.0627905178
0.2881800000	 0.0530639967
0.2882000000	 0.0564322596
0.2882200000	 0.0697716443
0.2882400000	 0.0789683744
0.2882600000	 0.0774490277
0.2882800000	 0.0675745734
0.2883000000	 0.0679773200
0.2883200000	 0.0687272134
0.2883400000	 0.0564341878
0.2883600000	 0.0577182120
0.2883800000	 0.0660709884
0.2884000000	 0.0550407127
0.2884200000	 0.0385172697
0.2884400000	 0.0428502213
0.2884600000	 0.0520372443
0.2884800000	 0.0432935205
0.2885000000	 0.0463003713
0.2885200000	 0.0559047623
0.2885400000	 0.0344013197
0.2885600000	 0.0178565646
0.2885800000	 0.0321981829
0.2886000000	 0.0254341880
0.2886200000	 0.0021652302
0.2886400000	 0.0117151329
0.2886600000	 0.0090340357
0.2886800000	 -0.0117080314
0.2887000000	 -0.0046265910
0.2887200000	 -0.0053210994
0.2887400000	 0.0040290613
0.2887600000	 0.0218671687
0.2887800000	 0.0072750675
0.2888000000	 0.0175327557
0.2888200000	 0.0175168265
0.2888400000	 -0.0120744238
0.2888600000	 0.0006687962
0.2888800000	 0.0042432664
0.2889000000	 -0.0074559956
0.2889200000	 -0.0035820467
0.2889400000	 -0.0092092213
0.2889600000	 -0.0041508173
0.2889800000	 -0.0109306429
0.2890000000	 -0.0259591942
0.2890200000	 -0.0158594666
0.2890400000	 -0.0189268771
0.2890600000	 -0.0215336753
0.2890800000	 -0.0068770094
0.2891000000	 -0.0166050113
0.2891200000	 -0.0456586695
0.2891400000	 -0.0472381773
0.2891600000	 -0.0293667996
0.2891800000	 -0.0408692829
0.2892000000	 -0.0585472962
0.2892200000	 -0.0545379928
0.2892400000	 -0.0427459215
0.2892600000	 -0.0337306423
0.2892800000	 -0.0534800459
0.2893000000	 -0.0654414547
0.2893200000	 -0.0508587211
0.2893400000	 -0.0609022255
0.2893600000	 -0.0694369782
0.2893800000	 -0.0650843699
0.2894000000	 -0.0635110297
0.2894200000	 -0.0515170336
0.2894400000	 -0.0620418079
0.2894600000	 -0.0792365768
0.2894800000	 -0.0705839271
0.2895000000	 -0.0636718885
0.2895200000	 -0.0582944512
0.2895400000	 -0.0689273946
0.2895600000	 -0.0996542724
0.2895800000	 -0.1040779274
0.2896000000	 -0.0924183760
0.2896200000	 -0.0948641064
0.2896400000	 -0.0968157408
0.2896600000	 -0.0851710747
0.2896800000	 -0.0770745431
0.2897000000	 -0.0905363353
0.2897200000	 -0.0943407459
0.2897400000	 -0.0826800310
0.2897600000	 -0.0928560173
0.2897800000	 -0.0930198940
0.2898000000	 -0.0765198781
0.2898200000	 -0.0862699229
0.2898400000	 -0.0884238538
0.2898600000	 -0.0816490373
0.2898800000	 -0.1022483445
0.2899000000	 -0.1110328262
0.2899200000	 -0.0951113557
0.2899400000	 -0.0982735226
0.2899600000	 -0.1174199482
0.2899800000	 -0.1083286051
0.2900000000	 -0.1021598674
0.2900200000	 -0.1299751763
0.2900400000	 -0.1169305958
0.2900600000	 -0.0909712094
0.2900800000	 -0.1166269852
0.2901000000	 -0.1222458080
0.2901200000	 -0.1097870512
0.2901400000	 -0.1176978951
0.2901600000	 -0.1223931603
0.2901800000	 -0.1320349779
0.2902000000	 -0.1355534102
0.2902200000	 -0.1154757411
0.2902400000	 -0.0905194399
0.2902600000	 -0.0965128460
0.2902800000	 -0.1217175372
0.2903000000	 -0.1165982472
0.2903200000	 -0.1201882586
0.2903400000	 -0.1324202397
0.2903600000	 -0.1131226871
0.2903800000	 -0.1056821373
0.2904000000	 -0.1037000616
0.2904200000	 -0.1089719583
0.2904400000	 -0.1259511545
0.2904600000	 -0.1088108616
0.2904800000	 -0.1046882422
0.2905000000	 -0.1205660467
0.2905200000	 -0.1140866340
0.2905400000	 -0.1158242411
0.2905600000	 -0.1258464649
0.2905800000	 -0.1389364076
0.2906000000	 -0.1474181305
0.2906200000	 -0.1328568255
0.2906400000	 -0.1251975170
0.2906600000	 -0.1348834072
0.2906800000	 -0.1458990170
0.2907000000	 -0.1454800868
0.2907200000	 -0.1418721552
0.2907400000	 -0.1533562508
0.2907600000	 -0.1567378587
0.2907800000	 -0.1544473299
0.2908000000	 -0.1637993462
0.2908200000	 -0.1511962936
0.2908400000	 -0.1192012133
0.2908600000	 -0.1172938715
0.2908800000	 -0.1451978248
0.2909000000	 -0.1671570086
0.2909200000	 -0.1706271964
0.2909400000	 -0.1625891273
0.2909600000	 -0.1647292126
0.2909800000	 -0.1703162565
0.2910000000	 -0.1642617087
0.2910200000	 -0.1753600114
0.2910400000	 -0.1752645296
0.2910600000	 -0.1515127685
0.2910800000	 -0.1586583879
0.2911000000	 -0.1610194061
0.2911200000	 -0.1537834866
0.2911400000	 -0.1715015808
0.2911600000	 -0.1741358227
0.2911800000	 -0.1783285391
0.2912000000	 -0.1915674006
0.2912200000	 -0.1884598157
0.2912400000	 -0.1898408743
0.2912600000	 -0.1771040348
0.2912800000	 -0.1606456935
0.2913000000	 -0.1727617788
0.2913200000	 -0.1835096062
0.2913400000	 -0.1862581053
0.2913600000	 -0.1866679972
0.2913800000	 -0.1820836446
0.2914000000	 -0.1792040456
0.2914200000	 -0.1783949728
0.2914400000	 -0.1875410933
0.2914600000	 -0.1874241171
0.2914800000	 -0.1718187724
0.2915000000	 -0.1815357679
0.2915200000	 -0.1955635915
0.2915400000	 -0.1868631192
0.2915600000	 -0.1889858900
0.2915800000	 -0.1902989079
0.2916000000	 -0.1891310037
0.2916200000	 -0.1992743980
0.2916400000	 -0.1806556709
0.2916600000	 -0.1703594474
0.2916800000	 -0.1960281493
0.2917000000	 -0.2009579545
0.2917200000	 -0.2023642643
0.2917400000	 -0.2037607804
0.2917600000	 -0.1934400698
0.2917800000	 -0.1944130612
0.2918000000	 -0.1835082468
0.2918200000	 -0.1812991271
0.2918400000	 -0.1945149566
0.2918600000	 -0.1990753440
0.2918800000	 -0.2133689302
0.2919000000	 -0.2060619604
0.2919200000	 -0.1925457515
0.2919400000	 -0.1957771675
0.2919600000	 -0.1833761742
0.2919800000	 -0.1944656203
0.2920000000	 -0.2097699053
0.2920200000	 -0.1952333463
0.2920400000	 -0.1936602681
0.2920600000	 -0.2008290119
0.2920800000	 -0.2126825480
0.2921000000	 -0.2171962522
0.2921200000	 -0.2090634616
0.2921400000	 -0.2148051160
0.2921600000	 -0.2195167595
0.2921800000	 -0.2252237884
0.2922000000	 -0.2241110005
0.2922200000	 -0.2069433921
0.2922400000	 -0.2042724721
0.2922600000	 -0.2125146254
0.2922800000	 -0.2285998864
0.2923000000	 -0.2362483356
0.2923200000	 -0.2275608367
0.2923400000	 -0.2327074498
0.2923600000	 -0.2320657203
0.2923800000	 -0.2245840054
0.2924000000	 -0.2275741502
0.2924200000	 -0.2158227143
0.2924400000	 -0.2049234272
0.2924600000	 -0.2231369664
0.2924800000	 -0.2246663733
0.2925000000	 -0.1952964328
0.2925200000	 -0.2166046457
0.2925400000	 -0.2442589766
0.2925600000	 -0.2014965077
0.2925800000	 -0.1947822177
0.2926000000	 -0.2253620060
0.2926200000	 -0.2269920079
0.2926400000	 -0.2350629854
0.2926600000	 -0.2272659798
0.2926800000	 -0.2234472120
0.2927000000	 -0.2342582839
0.2927200000	 -0.2227947015
0.2927400000	 -0.2378215668
0.2927600000	 -0.2490565377
0.2927800000	 -0.2317457364
0.2928000000	 -0.2303168320
0.2928200000	 -0.2275206806
0.2928400000	 -0.2404565496
0.2928600000	 -0.2502789284
0.2928800000	 -0.2344605431
0.2929000000	 -0.2393141576
0.2929200000	 -0.2328273492
0.2929400000	 -0.2235582803
0.2929600000	 -0.2492097907
0.2929800000	 -0.2541093647
0.2930000000	 -0.2421976088
0.2930200000	 -0.2476311301
0.2930400000	 -0.2513567617
0.2930600000	 -0.2496465062
0.2930800000	 -0.2517398924
0.2931000000	 -0.2574884516
0.2931200000	 -0.2525105307
0.2931400000	 -0.2418203905
0.2931600000	 -0.2533910001
0.2931800000	 -0.2664582045
0.2932000000	 -0.2575722328
0.2932200000	 -0.2520086049
0.2932400000	 -0.2508644604
0.2932600000	 -0.2453706240
0.2932800000	 -0.2464932025
0.2933000000	 -0.2482373627
0.2933200000	 -0.2457089277
0.2933400000	 -0.2372085162
0.2933600000	 -0.2393880788
0.2933800000	 -0.2568206307
0.2934000000	 -0.2503780535
0.2934200000	 -0.2523513126
0.2934400000	 -0.2761882225
0.2934600000	 -0.2647838229
0.2934800000	 -0.2587963212
0.2935000000	 -0.2703533535
0.2935200000	 -0.2597255743
0.2935400000	 -0.2572122761
0.2935600000	 -0.2582003609
0.2935800000	 -0.2536966635
0.2936000000	 -0.2455491030
0.2936200000	 -0.2315476789
0.2936400000	 -0.2523525026
0.2936600000	 -0.2756159320
0.2936800000	 -0.2634853472
0.2937000000	 -0.2592577596
0.2937200000	 -0.2674476877
0.2937400000	 -0.2716597933
0.2937600000	 -0.2590368717
0.2937800000	 -0.2331159053
0.2938000000	 -0.2385035914
0.2938200000	 -0.2648105890
0.2938400000	 -0.2611405254
0.2938600000	 -0.2408126655
0.2938800000	 -0.2379201826
0.2939000000	 -0.2415856440
0.2939200000	 -0.2463692856
0.2939400000	 -0.2510638986
0.2939600000	 -0.2421325366
0.2939800000	 -0.2443818760
0.2940000000	 -0.2604001905
0.2940200000	 -0.2601690036
0.2940400000	 -0.2448260398
0.2940600000	 -0.2312233402
0.2940800000	 -0.2473104944
0.2941000000	 -0.2605360744
0.2941200000	 -0.2371839569
0.2941400000	 -0.2381175785
0.2941600000	 -0.2527243618
0.2941800000	 -0.2452625070
0.2942000000	 -0.2529227208
0.2942200000	 -0.2564098309
0.2942400000	 -0.2460132215
0.2942600000	 -0.2492749118
0.2942800000	 -0.2476713942
0.2943000000	 -0.2478886099
0.2943200000	 -0.2570781338
0.2943400000	 -0.2462727918
0.2943600000	 -0.2324821652
0.2943800000	 -0.2341285220
0.2944000000	 -0.2340220679
0.2944200000	 -0.2395602936
0.2944400000	 -0.2511588883
0.2944600000	 -0.2644406870
0.2944800000	 -0.2770558462
0.2945000000	 -0.2612322703
0.2945200000	 -0.2494161265
0.2945400000	 -0.2588499680
0.2945600000	 -0.2470918091
0.2945800000	 -0.2504853822
0.2946000000	 -0.2674520776
0.2946200000	 -0.2599108368
0.2946400000	 -0.2559103647
0.2946600000	 -0.2369806285
0.2946800000	 -0.2217169406
0.2947000000	 -0.2480538908
0.2947200000	 -0.2621229960
0.2947400000	 -0.2577685497
0.2947600000	 -0.2583160860
0.2947800000	 -0.2592737358
0.2948000000	 -0.2651719810
0.2948200000	 -0.2660832217
0.2948400000	 -0.2537842824
0.2948600000	 -0.2406736859
0.2948800000	 -0.2483836535
0.2949000000	 -0.2537144594
0.2949200000	 -0.2429014302
0.2949400000	 -0.2463912729
0.2949600000	 -0.2425686472
0.2949800000	 -0.2416275550
0.2950000000	 -0.2495918485
0.2950200000	 -0.2353114789
0.2950400000	 -0.2461787668
0.2950600000	 -0.2584016495
0.2950800000	 -0.2471906884
0.2951000000	 -0.2533763231
0.2951200000	 -0.2396566102
0.2951400000	 -0.2434924766
0.2951600000	 -0.2663606569
0.2951800000	 -0.2423325720
0.2952000000	 -0.2437980476
0.2952200000	 -0.2509459155
0.2952400000	 -0.2242987021
0.2952600000	 -0.2413199856
0.2952800000	 -0.2694621984
0.2953000000	 -0.2635971415
0.2953200000	 -0.2420447205
0.2953400000	 -0.2283309362
0.2953600000	 -0.2371394696
0.2953800000	 -0.2343050514
0.2954000000	 -0.2332535011
0.2954200000	 -0.2404300668
0.2954400000	 -0.2274285955
0.2954600000	 -0.2272174396
0.2954800000	 -0.2347626783
0.2955000000	 -0.2339237593
0.2955200000	 -0.2374387678
0.2955400000	 -0.2340347280
0.2955600000	 -0.2327825934
0.2955800000	 -0.2332360059
0.2956000000	 -0.2367766532
0.2956200000	 -0.2367679198
0.2956400000	 -0.2136412642
0.2956600000	 -0.2140246969
0.2956800000	 -0.2272735904
0.2957000000	 -0.2163671683
0.2957200000	 -0.2221847340
0.2957400000	 -0.2261494272
0.2957600000	 -0.2187856379
0.2957800000	 -0.2220879022
0.2958000000	 -0.2147465522
0.2958200000	 -0.2221994436
0.2958400000	 -0.2343405420
0.2958600000	 -0.2223747704
0.2958800000	 -0.2139788931
0.2959000000	 -0.2017542917
0.2959200000	 -0.2073856966
0.2959400000	 -0.2149160871
0.2959600000	 -0.1839941121
0.2959800000	 -0.1923187180
0.2960000000	 -0.2040607392
0.2960200000	 -0.1718882894
0.2960400000	 -0.1932415728
0.2960600000	 -0.2121078569
0.2960800000	 -0.1854124676
0.2961000000	 -0.1911155343
0.2961200000	 -0.1936943598
0.2961400000	 -0.1855045951
0.2961600000	 -0.1844886182
0.2961800000	 -0.1787629064
0.2962000000	 -0.2007146739
0.2962200000	 -0.2030481129
0.2962400000	 -0.1846862283
0.2962600000	 -0.2043015700
0.2962800000	 -0.1935688940
0.2963000000	 -0.1667892407
0.2963200000	 -0.1840771519
0.2963400000	 -0.1771200605
0.2963600000	 -0.1589358121
0.2963800000	 -0.1813920617
0.2964000000	 -0.1978802778
0.2964200000	 -0.1902897421
0.2964400000	 -0.1765440312
0.2964600000	 -0.1647050965
0.2964800000	 -0.1677147697
0.2965000000	 -0.1782951072
0.2965200000	 -0.1774600116
0.2965400000	 -0.1620025295
0.2965600000	 -0.1479445216
0.2965800000	 -0.1566137355
0.2966000000	 -0.1757642479
0.2966200000	 -0.1713143212
0.2966400000	 -0.1562210339
0.2966600000	 -0.1554459959
0.2966800000	 -0.1520194050
0.2967000000	 -0.1600380579
0.2967200000	 -0.1818329428
0.2967400000	 -0.1685468569
0.2967600000	 -0.1517831165
0.2967800000	 -0.1539237999
0.2968000000	 -0.1346793637
0.2968200000	 -0.1397310501
0.2968400000	 -0.1672984830
0.2968600000	 -0.1526615720
0.2968800000	 -0.1461963188
0.2969000000	 -0.1629447885
0.2969200000	 -0.1429499974
0.2969400000	 -0.1156500396
0.2969600000	 -0.1302818071
0.2969800000	 -0.1493694429
0.2970000000	 -0.1333213355
0.2970200000	 -0.1243572533
0.2970400000	 -0.1365283182
0.2970600000	 -0.1338031363
0.2970800000	 -0.1282181122
0.2971000000	 -0.1218188989
0.2971200000	 -0.1194100326
0.2971400000	 -0.1263460941
0.2971600000	 -0.1151696210
0.2971800000	 -0.1230675589
0.2972000000	 -0.1428058782
0.2972200000	 -0.1253984609
0.2972400000	 -0.1055432635
0.2972600000	 -0.0871477681
0.2972800000	 -0.0963332488
0.2973000000	 -0.1368512035
0.2973200000	 -0.1297167627
0.2973400000	 -0.1162591790
0.2973600000	 -0.1113978755
0.2973800000	 -0.0841969104
0.2974000000	 -0.0957063115
0.2974200000	 -0.1081009956
0.2974400000	 -0.0890054823
0.2974600000	 -0.0776185367
0.2974800000	 -0.0644881377
0.2975000000	 -0.0694090338
0.2975200000	 -0.0712149754
0.2975400000	 -0.0650420270
0.2975600000	 -0.0789647684
0.2975800000	 -0.0559860773
0.2976000000	 -0.0450214731
0.2976200000	 -0.0712203758
0.2976400000	 -0.0434906564
0.2976600000	 -0.0253172816
0.2976800000	 -0.0453041143
0.2977000000	 -0.0415733351
0.2977200000	 -0.0446570504
0.2977400000	 -0.0439655555
0.2977600000	 -0.0374982653
0.2977800000	 -0.0527363027
0.2978000000	 -0.0405497586
0.2978200000	 -0.0246486984
0.2978400000	 -0.0549978948
0.2978600000	 -0.0658020578
0.2978800000	 -0.0340080472
0.2979000000	 -0.0160005439
0.2979200000	 -0.0187930435
0.2979400000	 -0.0276215403
0.2979600000	 -0.0327909287
0.2979800000	 -0.0192269703
0.2980000000	 -0.0059998698
0.2980200000	 -0.0051318338
0.2980400000	 -0.0057742121
0.2980600000	 -0.0127828852
0.2980800000	 -0.0263977153
0.2981000000	 -0.0290642697
0.2981200000	 -0.0030492222
0.2981400000	 0.0114074858
0.2981600000	 -0.0060360172
0.2981800000	 -0.0009363772
0.2982000000	 0.0006378712
0.2982200000	 -0.0059664341
0.2982400000	 0.0173345135
0.2982600000	 0.0103532832
0.2982800000	 0.0038719850
0.2983000000	 0.0247857659
0.2983200000	 0.0121554325
0.2983400000	 0.0180855878
0.2983600000	 0.0306829433
0.2983800000	 0.0154464636
0.2984000000	 0.0285291388
0.2984200000	 0.0328374057
0.2984400000	 0.0168426261
0.2984600000	 0.0161394465
0.2984800000	 0.0314665924
0.2985000000	 0.0561817559
0.2985200000	 0.0464130065
0.2985400000	 0.0378866970
0.2985600000	 0.0529337988
0.2985800000	 0.0378995414
0.2986000000	 0.0365390905
0.2986200000	 0.0659573046
0.2986400000	 0.0823792064
0.2986600000	 0.0775915098
0.2986800000	 0.0740517700
0.2987000000	 0.0972734751
0.2987200000	 0.0981973272
0.2987400000	 0.0930056385
0.2987600000	 0.1247138608
0.2987800000	 0.1148106318
0.2988000000	 0.0794222054
0.2988200000	 0.0864959020
0.2988400000	 0.1062649286
0.2988600000	 0.1076083872
0.2988800000	 0.1019294720
0.2989000000	 0.1195864619
0.2989200000	 0.1203884645
0.2989400000	 0.0950924131
0.2989600000	 0.1073181718
0.2989800000	 0.1260608123
0.2990000000	 0.1410943779
0.2990200000	 0.1673037405
0.2990400000	 0.1585756089
0.2990600000	 0.1389279120
0.2990800000	 0.1474164357
0.2991000000	 0.1643428077
0.2991200000	 0.1634866619
0.2991400000	 0.1512984554
0.2991600000	 0.1612689436
0.2991800000	 0.1804526656
0.2992000000	 0.1799533122
0.2992200000	 0.1714118370
0.2992400000	 0.1794511678
0.2992600000	 0.1824863998
0.2992800000	 0.1648974315
0.2993000000	 0.1772171209
0.2993200000	 0.1841270144
0.2993400000	 0.1635422081
0.2993600000	 0.1904175955
0.2993800000	 0.2106740365
0.2994000000	 0.1877904766
0.2994200000	 0.1794436341
0.2994400000	 0.1822659637
0.2994600000	 0.1977467113
0.2994800000	 0.2015203072
0.2995000000	 0.1939882726
0.2995200000	 0.2194632080
0.2995400000	 0.2291418253
0.2995600000	 0.2101846955
0.2995800000	 0.2159265313
0.2996000000	 0.2391169334
0.2996200000	 0.2400345803
0.2996400000	 0.2301275232
0.2996600000	 0.2478061500
0.2996800000	 0.2486623549
0.2997000000	 0.2310413649
0.2997200000	 0.2592771345
0.2997400000	 0.2848818780
0.2997600000	 0.2777555691
0.2997800000	 0.2790035000
0.2998000000	 0.2837199282
0.2998200000	 0.2826203006
0.2998400000	 0.2878030071
0.2998600000	 0.2955111228
0.2998800000	 0.2726203659
0.2999000000	 0.2477448203
0.2999200000	 0.2702416269
0.2999400000	 0.2845992829
0.3000000000	 0.2988337105
