0   48.21408493559632
6.103515624998131   45.07657668394334
12.20703124999626   8.898928138381523
18.31054687499439   12.53659971178051
24.41406249999253   16.72970381907774
30.51757812499066   22.67012872983104
36.62109374998879   27.45409665117481
42.72460937498692   37.33538149318078
48.82812499998505   50.0949266573633
54.93164062498318   74.60468878824295
61.03515624998131   78.48899747674325
67.13867187497944   70.09757974894254
73.24218749997758   46.17059172175097
79.3457031249757   26.31291837518614
85.44921874997384   32.05714871467583
91.55273437497196   24.98779030130785
97.6562499999701   31.32451067306039
103.7597656249682   29.87921121577209
109.8632812499664   45.98387048043524
115.9667968749645   62.73404694830059
122.0703124999626   64.53184124526095
128.1738281249607   53.3935959228532
134.2773437499589   32.47903848466599
140.380859374957   35.11844583149978
146.4843749999552   28.86163530426901
152.5878906249533   28.75170302918339
158.6914062499514   31.12412955606296
164.7949218749496   31.84833588945367
170.8984374999477   38.28246287245411
177.0019531249458   47.32754280857976
183.1054687499439   46.74613849067291
189.2089843749421   34.2318161917525
195.3124999999402   32.10069135410448
201.4160156249383   32.48897759490586
207.5195312499364   30.64573077675552
213.6230468749346   33.63476650545864
219.7265624999327   36.46710649010985
225.8300781249308   33.1166279639224
231.933593749929   32.53006847566317
238.0371093749271   37.40763477811046
244.1406249999253   37.59823031840058
250.2441406249234   36.67571875121209
256.3476562499215   32.04441663425244
262.4511718749196   32.71118110772038
268.5546874999177   37.47303231399353
274.6582031249159   36.20327053379724
280.7617187499141   33.13730380751107
286.8652343749122   31.98715784308937
292.9687499999103   27.93231022610875
299.0722656249084   38.67636890605895
305.1757812499065   37.15167683387676
311.2792968749047   29.07834773227962
317.3828124999028   23.40555762888176
323.4863281249009   28.55201286397212
329.5898437498991   29.03518526285353
335.6933593748972   36.67653958566897
341.7968749998954   32.18135727417586
347.9003906248935   26.66462368559658
354.0039062498916   26.55946107375921
360.1074218748897   19.55482827525057
366.2109374998878   27.46016555467019
372.314453124886   32.44135474715912
378.4179687498842   34.98196852983773
384.5214843748823   36.36519380180012
390.6249999998804   38.7049430814498
396.7285156248785   38.02171010376861
402.8320312498766   36.88849437137117
408.9355468748748   36.86740678871719
415.0390624998729   36.35203435728326
421.142578124871   35.11095494028714
427.2460937498692   30.73885710075112
433.3496093748673   32.66860757155027
439.4531249998655   30.91341912957492
445.5566406248636   30.05319801033793
451.6601562498617   33.53342013149283
457.7636718748598   27.56532771019643
463.8671874998579   29.27594061771179
469.9707031248561   37.151790877434
476.0742187498543   35.50169479971354
482.1777343748524   26.11230226357451
488.2812499998505   31.14502203855164
494.3847656248486   29.25493195762471
500.4882812498468   32.03310174244047
506.5917968748449   30.03021141363753
512.695312499843   17.47517057796645
518.7988281248412   29.82448163645318
524.9023437498392   21.55130492098611
531.0058593748374   23.84543145827125
537.1093749998355   21.75070917209203
543.2128906248337   26.2829138951547
549.3164062498317   28.24830363038401
555.4199218748299   33.8380032455949
561.5234374998281   32.25693869746764
567.6269531248262   24.19906719629074
573.7304687498244   32.23761228442031
579.8339843748224   35.81984765559065
585.9374999998206   33.15036301315116
592.0410156248187   18.94839989639479
598.1445312498169   26.9820259171269
604.248046874815   28.94552474129263
610.3515624998131   30.44434357988298
616.4550781248113   27.9776801146348
622.5585937498093   24.79335323333894
628.6621093748075   22.70353714003511
634.7656249998056   24.60008723489348
640.8691406248038   30.10242051913479
646.9726562498018   31.66179716750294
653.0761718748   26.1175478355311
659.1796874997982   28.09123856857914
665.2832031247963   27.70936065120592
671.3867187497945   5.2731454736352
677.4902343747925   20.17105184545986
683.5937499997907   24.12336390145882
689.6972656247888   26.08287386478352
695.800781249787   32.40636034838595
701.9042968747851   29.88363978912165
708.0078124997832   25.11921888489138
714.1113281247814   27.3390150850223
720.2148437497794   30.19256689249769
726.3183593747776   25.06472744427504
732.4218749997757   17.74514340869363
738.5253906247739   26.08698428459922
744.6289062497719   28.89232153959935
750.7324218747701   17.49619076571781
756.8359374997683   27.28495615972761
762.9394531247664   22.488541931667
769.0429687497646   30.70371245427158
775.1464843747626   32.82904432074566
781.2499999997608   27.67092012871056
787.3535156247589   19.24842756308315
793.4570312497571   26.8937180160687
799.5605468747551   32.38931159025897
805.6640624997533   33.0472194256491
811.7675781247515   31.44859750826215
817.8710937497495   27.3002429128768
823.9746093747477   14.43553231113343
830.0781249997458   30.19177376229001
836.181640624744   30.86982737018
842.285156249742   29.02132776364412
848.3886718747402   31.04032407019201
854.4921874997384   32.54845663156605
860.5957031247365   26.45651203463906
866.6992187497347   19.85388954397871
872.8027343747327   22.03508120084478
878.9062499997309   27.71327349475914
885.009765624729   29.2909459748882
891.1132812497272   18.82256780159382
897.2167968747252   19.91440775988212
903.3203124997234   20.45585670297964
909.4238281247216   23.71905684459632
915.5273437497196   26.28927954409506
921.6308593747178   27.47381960500406
927.7343749997159   27.161143481901
933.8378906247141   21.39277264081951
939.9414062497121   20.87558611699921
946.0449218747103   26.95009468806883
952.1484374997085   30.19713554108906
958.2519531247066   33.68963365656175
964.3554687497048   31.55159416393739
970.4589843747028   27.34668275519159
976.562499999701   23.49786256272714
982.6660156246991   21.19189605971956
988.7695312496973   28.87404355148875
994.8730468746953   22.44096535900301
1000.976562499694   21.07751012963058
1007.080078124692   23.90704199972394
1013.18359374969   16.25890392107193
1019.287109374688   24.35045687943834
1025.390624999686   25.67576188734317
1031.494140624684   23.78153358265632
1037.597656249682   13.70581469338484
1043.70117187468   15.19986842013009
1049.804687499678   12.65703249751132
1055.908203124677   20.97888422414528
1062.011718749675   23.72066833913303
1068.115234374673   25.74229510837927
1074.218749999671   11.73507298206774
1080.322265624669   21.74723881887472
1086.425781249667   29.87478325695148
1092.529296874666   32.85022574739007
1098.632812499663   28.8561284953261
1104.736328124662   18.63520688054162
1110.83984374966   18.09738196970245
1116.943359374658   21.90813723172183
1123.046874999656   4.86650414122412
1129.150390624654   20.05359897714971
1135.253906249652   21.10455384012883
1141.357421874651   28.53544541206644
1147.460937499649   28.16272937786846
1153.564453124647   20.87143587480728
1159.667968749645   18.089002140272
1165.771484374643   -7.466318796881579
1171.874999999641   19.76041111993613
1177.978515624639   14.56444756959088
1184.082031249637   25.9882704078073
1190.185546874636   28.60236135794562
1196.289062499634   21.18928867340502
1202.392578124632   16.39746888428515
1208.49609374963   23.32102873417859
1214.599609374628   23.95057556024739
1220.703124999626   10.13325800018402
1226.806640624624   25.64187359999849
1232.910156249623   12.96822523976062
1239.013671874621   16.61422006561079
1245.117187499619   20.1355185643355
1251.220703124617   26.86398750667308
1257.324218749615   25.46765869955195
1263.427734374613   26.54817334894108
1269.531249999611   30.53737472346185
1275.634765624609   30.16964671509079
1281.738281249608   20.45123766684698
1287.841796874606   21.70102397910646
1293.945312499604   24.50416410006177
1300.048828124602   12.66164568349392
1306.1523437496   29.33546938750651
1312.255859374598   30.25876025431915
1318.359374999596   25.73042098637248
1324.462890624594   26.64522128467694
1330.566406249593   21.52511040921607
1336.669921874591   11.86224463399863
1342.773437499589   15.91584012526962
1348.876953124587   5.667514961815425
1354.980468749585   24.42773960597006
1361.083984374583   23.1187293404121
1367.187499999581   24.7077344231661
1373.29101562458   26.52170736595945
1379.394531249578   26.40629608197118
1385.498046874576   21.55714566281227
1391.601562499574   13.92716229415823
1397.705078124572   25.96681232305449
1403.80859374957   27.89739675544789
1409.912109374568   26.893441597028
1416.015624999566   23.01622162911286
1422.119140624565   25.09017273397461
1428.222656249563   25.83909203725659
1434.326171874561   25.54458850237432
1440.429687499559   16.58800432738762
1446.533203124557   17.41954376007481
1452.636718749555   10.95201332458985
1458.740234374553   17.11303194983548
1464.843749999551   23.01286475131603
1470.94726562455   28.06277142065384
1477.050781249548   27.79326614501094
1483.154296874546   26.32152418442384
1489.257812499544   24.65824912497315
1495.361328124542   27.20401728379584
1501.46484374954   27.42340831994869
1507.568359374538   28.82245802146072
1513.671874999537   28.00110654199736
1519.775390624535   18.99059662228473
1525.878906249533   18.80123431971678
1531.982421874531   27.15816182795813
1538.085937499529   27.81737268438073
1544.189453124527   26.03198971460605
1550.292968749525   23.68646423932244
1556.396484374523   18.04859640343275
1562.499999999522   24.6722865173831
1568.60351562452   22.81799215410632
1574.707031249518   28.532238845353
1580.810546874516   28.35125894786247
1586.914062499514   23.94685735124648
1593.017578124512   15.24848164230965
1599.12109374951   16.08489571484076
1605.224609374508   16.45012192048461
1611.328124999507   25.14188620162894
1617.431640624505   11.15626975187799
1623.535156249503   17.88935030277807
1629.638671874501   11.45023543179634
1635.742187499499   16.28718065123531
1641.845703124497   20.61706552453843
1647.949218749495   22.61137584628257
1654.052734374494   24.90459894819504
1660.156249999492   18.61441170375579
1666.25976562449   18.33693019564366
1672.363281249488   28.31003432635662
1678.466796874486   28.28910884296322
1684.570312499484   24.02155090222992
1690.673828124482   25.00954912179877
1696.77734374948   24.83394416128544
1702.880859374479   26.74691268729214
1708.984374999477   22.621994648103
1715.087890624475   19.53989284805074
1721.191406249473   23.76792498827111
1727.294921874471   20.48794160831697
1733.398437499469   12.81833521738534
1739.501953124467   3.907946055545576
1745.605468749465   18.65917893253485
1751.708984374464   23.37513570630017
1757.812499999462   23.79699339958069
1763.91601562446   20.04715196645662
1770.019531249458   17.03155434427393
1776.123046874456   22.92982192677876
1782.226562499454   17.62778883567843
1788.330078124452   12.87662146310474
1794.43359374945   19.57702338381828
1800.537109374449   22.40644115535643
1806.640624999447   22.53605302978919
1812.744140624445   22.93067226888689
1818.847656249443   20.67621615534314
1824.951171874441   21.65910360064593
1831.054687499439   24.13354601303619
1837.158203124437   27.14339172196541
1843.261718749436   27.41991510510643
1849.365234374434   20.25158354170264
1855.468749999432   19.50528787402796
1861.57226562443   22.92766188524189
1867.675781249428   23.56411775252736
1873.779296874426   26.33807267670957
1879.882812499424   27.24508432053803
1885.986328124422   15.25885579659125
1892.089843749421   22.06347028804412
1898.193359374419   13.64652971469561
1904.296874999417   20.72000684345831
1910.400390624415   23.21117639398129
1916.503906249413   17.32134140296634
1922.607421874411   22.6846306676122
1928.71093749941   14.42293001506575
1934.814453124407   24.73441216100984
1940.917968749406   27.63173369471824
1947.021484374404   27.40633913674069
1953.124999999402   19.93533076700553
1959.2285156244   19.50713154517478
1965.332031249398   21.98043771015595
1971.435546874396   21.70386891269658
1977.539062499395   25.20065630764537
1983.642578124393   24.80299616946881
1989.746093749391   26.52446101972154
1995.849609374389   24.82296433351894
2001.953124999387   13.61036964092627
2008.056640624385   11.46613318675203
2014.160156249383   21.94072241324433
2020.263671874381   22.79771655253391
2026.367187499379   23.43446252859048
2032.470703124378   24.21206407385295
2038.574218749376   26.25422754420264
2044.677734374374   26.52553464827571
2050.781249999372   4.205490663846387
2056.88476562437   20.55639472415046
2062.988281249368   23.42203858334448
2069.091796874367   23.57387360346111
2075.195312499365   24.85221578118475
2081.298828124363   22.49358607887805
2087.402343749361   11.05195497844874
2093.505859374359   21.9805232113919
2099.609374999357   25.66895277449506
2105.712890624355   20.3015735972997
2111.816406249353   21.00998164715214
2117.919921874352   16.58359814736252
2124.02343749935   17.1428812674006
2130.126953124348   23.15764197321078
2136.230468749346   24.34064832363383
2142.333984374344   23.68721883669885
2148.437499999342   23.85087519550871
2154.54101562434   25.36713087162265
2160.644531249338   19.01669619210051
2166.748046874337   20.45266800897073
2172.851562499335   28.30892804563673
2178.955078124333   26.32429271030495
2185.058593749331   22.74251581338816
2191.162109374329   7.466946071646474
2197.265624999327   15.49952558348738
2203.369140624325   12.59609325176604
2209.472656249323   21.14423923524869
2215.576171874322   22.39830716950845
2221.67968749932   9.585164251790243
2227.783203124318   5.695752863784454
2233.886718749316   19.71002365676503
2239.990234374314   26.19302681946681
2246.093749999312   28.80871996166064
2252.197265624311   26.63237252620952
2258.300781249308   24.28103217759853
2264.404296874307   24.44153220462661
2270.507812499305   26.90654174896466
2276.611328124303   21.59853953046006
2282.714843749301   14.08099215368923
2288.818359374299   15.7499556349491
2294.921874999297   28.24690482661805
2301.025390624296   27.59774898682459
2307.128906249294   26.69176031162244
2313.232421874292   24.38290500162285
2319.33593749929   -1.18798222494885
2325.439453124288   12.5169687733039
2331.542968749286   13.4436406183356
2337.646484374284   22.58365737204539
2343.749999999282   21.42324656796612
2349.853515624281   17.55436260490566
2355.957031249279   21.56407571416512
2362.060546874277   25.42705323306577
2368.164062499275   22.85341346669287
2374.267578124273   20.7373229842963
2380.371093749271   11.20373119355599
2386.474609374269   5.65373938724171
2392.578124999267   10.37431686316336
2398.681640624266   25.53287046632898
2404.785156249264   28.13676418193724
2410.888671874262   23.72704683842722
2416.99218749926   14.84218223335332
2423.095703124258   7.807161508582483
2429.199218749256   19.57798809740057
2435.302734374254   21.49748109376501
2441.406249999252   16.53702743437173
2447.509765624251   19.66307513309404
2453.613281249249   22.61763585851275
2459.716796874247   23.34250919435003
2465.820312499245   18.43726121124737
2471.923828124243   22.85262468825584
2478.027343749241   23.17379449684814
2484.130859374239   16.11143550119171
2490.234374999237   22.78153822974156
2496.337890624236   20.67524425059546
2502.441406249234   18.2580209402276
2508.544921874232   22.02794010432744
2514.64843749923   24.61814330402838
2520.751953124228   22.56964160534988
2526.855468749226   18.56627872736774
2532.958984374224   21.41449942627037
2539.062499999222   20.63376046768163
2545.166015624221   22.23043361132722
2551.269531249219   22.55981655048807
2557.373046874217   24.86272949985661
2563.476562499215   24.74054440517697
2569.580078124213   23.77501102622883
2575.683593749211   22.15319306993756
2581.78710937421   21.62131824759868
2587.890624999207   23.0794397131265
2593.994140624206   24.91578462164425
2600.097656249204   22.62726196918623
2606.201171874202   21.82875500661224
2612.3046874992   15.30203610517001
2618.408203124198   13.04537282040761
2624.511718749196   12.96486171300051
2630.615234374195   13.23708151499993
2636.718749999193   24.13914493284268
2642.822265624191   26.49319696088568
2648.925781249189   27.02991805156524
2655.029296874187   25.95807987914629
2661.132812499185   24.30496767081806
2667.236328124183   10.95191819723496
2673.339843749181   19.8371949787123
2679.44335937418   12.82059110944574
2685.546874999178   20.91858564352471
2691.650390624176   24.21994761926581
2697.753906249174   19.65367169438462
2703.857421874172   17.66441675271982
2709.96093749917   22.49267522599486
2716.064453124168   16.79881843058076
2722.167968749166   20.48441547757906
2728.271484374165   15.3516686471466
2734.374999999163   13.7500284006961
2740.478515624161   18.07207174602607
2746.582031249159   22.80420487839156
2752.685546874157   20.4164221003189
2758.789062499155   21.55368356915822
2764.892578124153   12.53907154984736
2770.996093749151   21.74582978915975
2777.09960937415   19.20758285599771
2783.203124999148   23.55960804192961
2789.306640624146   24.18474041557921
2795.410156249144   19.16350176883963
2801.513671874142   12.58435120236887
2807.617187499141   18.83564066244438
2813.720703124138   21.8768020538686
2819.824218749136   25.80555193365254
2825.927734374135   24.35441373041619
2832.031249999133   19.78266637143345
2838.134765624131   13.55977551086396
2844.238281249129   19.09282498229684
2850.341796874127   20.77843715634479
2856.445312499126   12.7620319013657
2862.548828124124   25.41999227358792
2868.652343749121   26.50773865163881
2874.75585937412   20.69398269962921
2880.859374999118   19.6580107468191
2886.962890624116   15.43010865437741
2893.066406249114   21.11897651940181
2899.169921874112   22.16973989210446
2905.273437499111   25.69119015977877
2911.376953124109   23.65125634707605
2917.480468749107   15.24239709777367
2923.583984374105   10.06052551272699
2929.687499999103   15.77021017758477
2935.791015624101   11.93168402373516
2941.894531249099   19.72147167233457
2947.998046874097   14.8298985701439
2954.101562499096   23.88060049625585
2960.205078124094   26.1432121945032
2966.308593749092   21.95010867277597
2972.41210937409   20.39333819123268
2978.515624999088   15.36987759325896
2984.619140624086   22.94338861183129
2990.722656249084   27.07337354536731
2996.826171874082   22.25862739712536
3002.929687499081   15.29276208381765
3009.033203124079   24.92430765605726
3015.136718749077   26.38667999931834
3021.240234374075   23.87116224102405
3027.343749999073   17.33747785533658
3033.447265624071   20.34710610545508
3039.550781249069   16.27941752479594
3045.654296874067   17.46324572349526
3051.757812499065   24.06485343849995
3057.861328124064   22.37240726387023
3063.964843749062   20.30069654735946
3070.06835937406   25.78659871064163
3076.171874999058   23.84760279177328
3082.275390624056   25.50073345513566
3088.378906249054   24.71313818561981
3094.482421874052   20.36108320701321
3100.58593749905   15.60150684869044
3106.689453124049   16.1135546870183
3112.792968749047   17.94735847896057
3118.896484374045   24.55335875462206
3124.999999999043   25.11082020360521
3131.103515624041   21.62663618968622
3137.20703124904   20.45458186781335
3143.310546874037   21.15647110344072
3149.414062499035   22.09445472192593
3155.517578124034   23.65350546593686
3161.621093749032   22.05920110197141
3167.72460937403   22.06907058116796
3173.828124999028   20.88984641860968
3179.931640624026   18.35149307125225
3186.035156249025   24.31812428103996
3192.138671874023   21.34212711495377
3198.24218749902   26.89885773187453
3204.345703124019   20.93153197228919
3210.449218749017   16.02688777712072
3216.552734374015   10.86202898864137
3222.656249999013   19.32916831087994
3228.759765624011   14.31439263787601
3234.86328124901   12.33101534740812
3240.966796874008   15.53334211011926
3247.070312499006   14.8080010131299
3253.173828124004   14.09738637861932
3259.277343749002   15.25292003136211
3265.380859374   20.1117574568767
3271.484374998998   20.5586504470171
3277.587890623996   21.97072046434869
3283.691406248995   20.56696362058544
3289.794921873993   19.27831465682412
3295.898437498991   19.68142107636868
3302.001953123989   18.84441189988102
3308.105468748987   20.73797956000275
3314.208984373985   21.5115901871599
3320.312499998983   23.33186370592665
3326.416015623981   22.26515990823854
3332.51953124898   17.73767201383256
3338.623046873978   19.66160948463805
3344.726562498976   23.63273662341099
3350.830078123974   4.100328909117653
3356.933593748972   19.35669830990576
3363.03710937397   23.40155835987716
3369.140624998968   8.920864735852712
3375.244140623966   20.61813350147892
3381.347656248965   25.30454376557374
3387.451171873963   23.06719414761536
3393.554687498961   19.72426730308749
3399.658203123959   18.14109933512477
3405.761718748957   16.87413793252182
3411.865234373955   20.28011997412235
3417.968749998954   21.45825989236609
3424.072265623951   24.78508212485144
3430.17578124895   24.65480210702172
3436.279296873948   22.28114160469028
3442.382812498946   25.12481029965564
3448.486328123944   19.50236658366329
3454.589843748942   12.25418521722291
3460.69335937394   19.92071004737673
3466.796874998939   19.2657327190361
3472.900390623937   12.17381941096264
3479.003906248935   18.08766015310331
3485.107421873933   15.27197035519818
3491.210937498931   22.18401091540272
3497.314453123929   25.7671271673166
3503.417968748927   25.93048028755699
3509.521484373925   26.19956081979056
3515.624999998924   24.84667631874508
3521.728515623922   21.21535366355943
3527.83203124892   24.17575517633989
3533.935546873918   21.44683376683123
3540.039062498916   19.41818465736
3546.142578123914   22.52373277604121
3552.246093748912   20.1949476112798
3558.34960937391   19.47824206772192
3564.453124998909   14.90195139640528
3570.556640623907   19.39589638165929
3576.660156248905   15.52901915812347
3582.763671873903   20.55373660378771
3588.867187498901   22.44866702640282
3594.970703123899   17.71671897926427
3601.074218748897   22.13862746960039
3607.177734373895   21.59601076208631
3613.281249998894   24.99321713262545
3619.384765623892   28.08237472900142
3625.48828124889   23.12274496333011
3631.591796873888   18.53948972462701
3637.695312498886   22.65672907352742
3643.798828123884   19.69806841558561
3649.902343748882   17.77283957029112
3656.00585937388   17.49621700930155
3662.109374998879   9.891887240043998
3668.212890623877   19.10778074403033
3674.316406248875   19.08696703561681
3680.419921873873   11.58991863009931
3686.523437498871   18.72446473838318
3692.626953123869   23.04029387102851
3698.730468748867   26.12682918532806
3704.833984373865   23.3300954752282
3710.937499998864   14.82781571404085
3717.041015623862   18.09993768038084
3723.14453124886   20.63500075199493
3729.248046873858   23.55073378159208
3735.351562498856   22.82493522401584
3741.455078123854   22.891977664645
3747.558593748853   22.2360649777251
3753.662109373851   21.10932824851286
3759.765624998849   22.35897422432693
3765.869140623847   23.65658026554304
3771.972656248845   22.15982702431137
3778.076171873843   26.03411488273796
3784.179687498841   24.99560480425082
3790.283203123839   19.53106730387098
3796.386718748838   17.94341951532382
3802.490234373836   22.86038099900438
3808.593749998834   23.71048875392367
3814.697265623832   22.77900772894498
3820.80078124883   19.84155104487359
3826.904296873828   17.26418903563947
3833.007812498826   20.39751861579284
3839.111328123824   23.0927021101103
3845.214843748823   24.46993842373312
3851.318359373821   10.53670479216242
3857.421874998819   22.00146345009937
3863.525390623817   23.92754410758273
3869.628906248815   22.58798107007357
3875.732421873813   24.45401705287362
3881.835937498811   23.39403922563517
3887.939453123809   18.14922354473724
3894.042968748808   17.20952980752086
3900.146484373806   24.01328254294884
3906.249999998804   24.57052084236589
3912.353515623802   20.44015145447759
3918.4570312488   14.52799378230462
3924.560546873798   15.75752010000503
3930.664062498796   9.156867477241772
3936.767578123794   11.44481405345396
3942.871093748793   13.90211179353114
3948.974609373791   22.51490795904445
3955.078124998789   14.80815405643723
3961.181640623787   24.30694585059087
3967.285156248785   25.03207838915162
3973.388671873784   21.18396403087207
3979.492187498781   21.35295392543047
3985.595703123779   23.43242302025433
3991.699218748778   17.43802300945022
3997.802734373776   19.12154935764869
4003.906249998774   7.05023712847419
4010.009765623772   22.78522420135531
4016.11328124877   21.14863770420654
4022.216796873769   21.21896100867161
4028.320312498767   24.39898202641626
4034.423828123764   17.71089131627359
4040.527343748763   19.3281017501284
4046.630859373761   19.80160175763143
4052.734374998759   11.670977500682
4058.837890623757   16.20664400514084
4064.941406248755   22.33914077848256
4071.044921873754   17.17152226149525
4077.148437498752   17.6939685746852
4083.25195312375   13.67463246286011
4089.355468748748   4.942676629238411
4095.458984373746   8.706021383729862
4101.562499998744   19.66447541755764
4107.666015623742   19.84424532367964
4113.76953124874   10.81193491218554
4119.873046873739   2.028531149307402
4125.976562498737   19.44917851388356
4132.080078123735   25.47715065167551
4138.183593748733   26.50774484013711
4144.287109373731   22.41947383239662
4150.390624998729   25.07437078354116
4156.494140623728   24.27537405996515
4162.597656248726   16.09480604090905
4168.701171873724   18.59705147180903
4174.804687498721   13.81197698165946
4180.908203123719   14.14052033696289
4187.011718748718   23.01495466869524
4193.115234373716   23.24962097362666
4199.218749998714   24.43665770502291
4205.322265623712   19.60911687714771
4211.42578124871   23.51748333792958
4217.529296873709   25.52076885356623
4223.632812498707   12.77463792230283
4229.736328123705   24.26952809468269
4235.839843748703   21.93088462683951
4241.943359373701   0.3351513564548189
4248.046874998699   19.25598010804772
4254.150390623698   22.98531241669375
4260.253906248696   22.76440783933832
4266.357421873694   16.7941489485105
4272.460937498692   19.26512310293811
4278.56445312369   23.0849810604811
4284.667968748688   14.58786995009219
4290.771484373686   22.21891029445542
4296.874999998684   20.3111113174653
4302.978515623682   19.10790124821059
4309.08203124868   19.05585361657107
4315.185546873679   9.549846771860684
4321.289062498677   6.154546970446675
4327.392578123675   24.14411430073234
4333.496093748673   23.14505825613292
4339.599609373671   6.354673451698666
4345.703124998669   15.10377882703566
4351.806640623668   20.3733229252287
4357.910156248666   20.59355109855913
4364.013671873664   21.36141123906235
4370.117187498662   18.88584604696082
4376.22070312366   21.88791977291467
4382.324218748658   18.96718878784973
4388.427734373657   13.94747743241051
4394.531249998654   15.52504845036988
4400.634765623652   16.17783769956601
4406.73828124865   18.32966128579124
4412.841796873648   21.60659561969112
4418.945312498647   23.05160458256013
4425.048828123645   19.61063841896113
4431.152343748643   21.22347140323842
4437.255859373641   15.7128677684561
4443.359374998639   20.62467565564716
4449.462890623638   12.96538359931055
4455.566406248636   17.3848094374966
4461.669921873634   18.79638956982357
4467.773437498632   22.56246845624369
4473.87695312363   12.65253493343046
4479.980468748628   13.83945164321272
4486.083984373627   17.34122257603082
4492.187499998625   15.19592729750588
4498.291015623623   11.8072583471646
4504.394531248621   23.16515960588702
4510.498046873618   26.12168369404956
4516.601562498617   22.63008584756165
4522.705078123615   27.23603139793894
4528.808593748613   28.52941226195235
4534.912109373611   28.59130405356223
4541.015624998609   25.87321272805683
4547.119140623608   23.83593004340458
4553.222656248606   26.40796039206871
4559.326171873604   26.06954136999351
4565.429687498602   19.84728932235772
4571.5332031236   16.15963226686532
4577.636718748598   18.03206273979213
4583.740234373597   15.24362987826634
4589.843749998595   20.07472907348913
4595.947265623593   14.35426159738507
4602.050781248591   21.61989212103759
4608.154296873589   15.44998004182249
4614.257812498588   19.67048954482538
4620.361328123585   13.7491296505036
4626.464843748583   21.1154503252261
4632.568359373581   10.51187722921766
4638.671874998579   24.17508109851795
4644.775390623578   25.05186229059508
4650.878906248576   24.62267941648284
4656.982421873574   20.23084963594349
4663.085937498572   18.11973622408619
4669.18945312357   21.92097975080406
4675.292968748568   5.304896740705155
4681.396484373567   19.59541640050904
4687.499999998565   11.25393263088728
4693.603515623563   4.677115385675926
4699.707031248561   14.7387803963338
4705.810546873559   23.62647748973901
4711.914062498558   26.7425075563293
4718.017578123556   21.70125714341147
4724.121093748554   10.16796958606583
4730.224609373551   3.038249414331977
4736.328124998549   20.99960360198507
4742.431640623548   23.89071103159026
4748.535156248546   20.61181415522012
4754.638671873544   19.49691209649651
4760.742187498542   24.0725107053244
4766.84570312354   19.67446976215084
4772.949218748538   18.34131543186789
4779.052734373537   17.93924864932452
4785.156249998535   17.92296182750545
4791.259765623533   13.81054001415674
4797.363281248531   19.07698190641407
4803.466796873529   21.04204759585615
4809.570312498528   25.61649046786164
4815.673828123526   19.85013353638903
4821.777343748524   17.36437318955934
4827.880859373522   17.66938517781594
4833.98437499852   15.55990604202199
4840.087890623518   19.65176010321791
4846.191406248516   18.36827667918677
4852.294921873514   23.86069737636669
4858.398437498512   21.46002526525117
4864.50195312351   23.60826251899442
4870.605468748508   21.60762041664917
4876.708984373507   19.80384281007159
4882.812499998505   20.79088278509642
4888.916015623503   20.30044698706466
4895.019531248501   18.18420840996956
4901.123046873499   15.02050579406816
4907.226562498498   16.09917306022676
4913.330078123496   22.97658480704505
4919.433593748494   25.17872166418211
4925.537109373492   22.00481516648799
4931.64062499849   14.6056649714286
4937.744140623488   7.486480018112406
4943.847656248487   21.13773098537221
4949.951171873485   22.33985972847751
4956.054687498482   21.43929041015391
4962.15820312348   17.56406502952808
4968.261718748478   17.46429635979453
4974.365234373477   20.24011000644682
4980.468749998475   15.54634651054846
4986.572265623473   14.51890191642272
4992.675781248471   22.80009875217226
4998.779296873469   25.65010638052146
5004.882812498468   22.82468625564175
5010.986328123466   13.11288210141799
5017.089843748464   16.9011111453451
5023.193359373462   23.38445712168399
5029.29687499846   21.63652124254312
5035.400390623458   16.01454993776675
5041.503906248457   23.1745579978926
5047.607421873455   22.84078158409063
5053.710937498453   22.22874221581734
5059.814453123451   28.06454831785165
5065.917968748448   26.98275694488281
5072.021484373447   18.24580676729546
5078.124999998445   18.6891331663586
5084.228515623443   25.70281677529904
5090.332031248441   23.01327897388187
5096.435546873439   14.41879605696584
5102.539062498437   20.8846061222746
5108.642578123436   18.25028506872401
5114.746093748434   21.70870654376705
5120.849609373432   21.79605026666705
5126.95312499843   6.790518215815746
5133.056640623428   24.65045627514799
5139.160156248427   26.47822325391455
5145.263671873425   20.38712730742741
5151.367187498423   13.72025185674668
5157.470703123421   15.6282647327409
5163.574218748419   22.93898375071551
5169.677734373417   17.85908703556689
5175.781249998415   19.24904551547783
5181.884765623413   18.80233792972887
5187.988281248411   23.10030398269236
5194.091796873409   25.97611984189189
5200.195312498407   26.7040278339104
5206.298828123406   21.70755616328794
5212.402343748404   19.4522461811579
5218.505859373402   17.20176431147045
5224.6093749984   21.25284999840347
5230.712890623398   21.58761135181959
5236.816406248397   7.155948162536961
5242.919921873395   14.02737863791509
5249.023437498393   14.94408149329623
5255.126953123391   9.566934933798489
5261.230468748389   10.17328080728914
5267.333984373387   18.44064831527334
5273.437499998386   17.3035949400515
5279.541015623384   20.68688931177707
5285.644531248381   21.00557309712696
5291.748046873379   0.4113101668121169
5297.851562498377   18.82588088637542
5303.955078123376   21.00891883018846
5310.058593748374   16.563086805481
5316.162109373372   25.17309018639299
5322.26562499837   24.51943342077232
5328.369140623368   20.84353070847516
5334.472656248367   25.5962727115251
5340.576171873365   28.31836550004994
5346.679687498363   26.38311607852824
5352.783203123361   23.14190854809761
5358.886718748359   20.53929040143389
5364.990234373357   19.92556123256135
5371.093749998356   20.03655065102777
5377.197265623354   12.00977576594305
5383.300781248352   19.8505770298669
5389.40429687335   18.19020513739694
5395.507812498347   21.25435581819606
5401.611328123346   26.25299108032351
5407.714843748344   27.29495809236603
5413.818359373342   24.0067867667309
5419.92187499834   24.57597783561156
5426.025390623338   27.50024418166086
5432.128906248337   18.87238290943887
5438.232421873335   9.834733829106671
5444.335937498333   18.23017909729342
5450.439453123331   23.86707796190658
5456.542968748329   19.28001260763203
5462.646484373327   8.692461541598785
5468.749999998326   16.34209707613103
5474.853515623324   24.19152658046199
5480.957031248322   23.3462984896947
5487.06054687332   14.13368966455725
5493.164062498318   13.57633561861956
5499.267578123317   21.93737616532837
5505.371093748315   24.33781434624607
5511.474609373312   15.65971572150723
5517.57812499831   13.51641843220543
5523.681640623308   15.39086565476449
5529.785156248307   13.10260568286994
5535.888671873305   22.51068381790158
5541.992187498303   22.82944505704453
5548.095703123301   10.91600797685284
5554.199218748299   22.62967600667087
5560.302734373297   22.45067245588319
5566.406249998296   19.72977334205335
5572.509765623294   17.51124965501826
5578.613281248292   23.31489635297179
5584.71679687329   21.19884653998089
5590.820312498288   18.83804588129913
5596.923828123287   10.72267528701787
5603.027343748285   16.97545122705965
5609.130859373283   16.96710653834626
5615.234374998281   12.99027630214961
5621.337890623278   13.88782265812359
5627.441406248277   22.47189971959095
5633.544921873275   21.02184343283781
5639.648437498273   9.503637838661916
5645.751953123271   22.97417648315642
5651.855468748269   26.65183803757059
5657.958984373267   24.84677694501509
5664.062499998266   25.43070466331732
5670.166015623264   26.10057405983865
5676.269531248262   23.17398619009786
5682.37304687326   18.30138219642738
5688.476562498258   19.7239956828848
5694.580078123256   23.03532454634061
5700.683593748255   21.35053128578038
5706.787109373253   4.205462000279285
5712.890624998251   8.739186830027087
5718.994140623249   25.01502493629847
5725.097656248247   23.60013333311796
5731.201171873245   15.88242691237689
5737.304687498243   19.95161657030431
5743.408203123241   19.81196455247837
5749.511718748239   22.13895097028087
5755.615234373237   20.86722080735806
5761.718749998236   17.21056124817344
5767.822265623234   16.97499815479284
5773.925781248232   8.500206877278778
5780.02929687323   19.10424830930311
5786.132812498228   23.08312914546136
5792.236328123226   22.15096949471613
5798.339843748225   -1.792176466660061
5804.443359373223   18.00057596736779
5810.546874998221   16.62730293031774
5816.650390623219   16.33316312863883
5822.753906248217   18.94110287420679
5828.857421873216   27.6038897618222
5834.960937498214   28.36738490727392
5841.064453123211   24.91923470388999
5847.167968748209   23.11876292850667
5853.271484373207   18.04357856853746
5859.374999998206   17.72767039664798
5865.478515623204   18.15116038343191
5871.582031248202   18.31589298822944
5877.6855468732   22.03873255563012
5883.789062498198   22.31846014947941
5889.892578123196   22.87565605593446
5895.996093748195   24.51722951569516
5902.099609373193   25.20667316399465
5908.203124998191   20.52938591161478
5914.306640623189   17.90301656079527
5920.410156248187   17.66662287308433
5926.513671873186   14.3981531950496
5932.617187498184   21.23378950484597
5938.720703123182   27.2831624565956
5944.82421874818   26.1425424711217
5950.927734373178   17.76260593726249
5957.031249998176   4.405321056843161
5963.134765623174   21.91572717712126
5969.238281248172   27.34537027941606
5975.34179687317   24.37224768216556
5981.445312498168   11.74399919672755
5987.548828123166   22.19960921203219
5993.652343748165   22.87575746052785
5999.755859373163   22.19373353653744
6005.859374998161   23.46092121276042
6011.962890623159   22.58681196749759
6018.066406248157   14.2975174783647
6024.169921873156   22.09984801156814
6030.273437498154   22.61516646231245
6036.376953123152   13.80274950655796
6042.48046874815   19.45915847584235
6048.583984373148   23.96817189625764
6054.687499998146   20.50746303942368
6060.791015623145   15.13673764212183
6066.894531248142   3.775386241361316
6072.99804687314   17.00269736980815
6079.101562498138   18.8289542351668
6085.205078123136   21.7709371226758
6091.308593748135   17.50568511807991
6097.412109373133   20.75964872074797
6103.515624998131   21.54716824151735
6109.619140623129   20.29141930746863
6115.722656248127   21.43431112481345
6121.826171873126   26.29791907512217
6127.929687498124   25.76087878659466
6134.033203123122   16.05730583507878
6140.13671874812   23.53392470002269
6146.240234373118   18.73109525751833
6152.343749998116   14.95202727197291
6158.447265623115   21.63192426904552
6164.550781248113   16.72357497085444
6170.654296873111   21.32951993611159
6176.757812498108   19.47372705020754
6182.861328123106   15.94113182570609
6188.964843748105   16.37536277958047
6195.068359373103   20.01242712550866
6201.171874998101   19.98013842630642
6207.275390623099   21.73737822853982
6213.378906248097   12.80036585779057
6219.482421873096   21.06987703905328
6225.585937498094   19.5293021621457
6231.689453123092   17.45968714268896
6237.79296874809   17.65853597863606
6243.896484373088   2.782312539696394
6249.999999998086   13.45732517317153
6256.103515623085   22.50075865086434
6262.207031248083   23.70256866469569
6268.310546873081   21.1073779459943
6274.414062498079   17.57870172055319
6280.517578123077   13.10982114956732
6286.621093748075   21.38747274188378
6292.724609373073   18.49805567018654
6298.828124998071   18.47532014554512
6304.931640623069   22.89421338399109
6311.035156248067   21.05192220146344
6317.138671873066   23.00428808775762
6323.242187498064   24.03412255121742
6329.345703123062   20.66088984881839
6335.44921874806   19.74785902420983
6341.552734373058   20.28372599863664
6347.656249998056   22.75581858166096
6353.759765623055   17.8641534574428
6359.863281248053   14.1304636631243
6365.966796873051   20.17541292047706
6372.070312498049   17.21065339445306
6378.173828123047   0.9333095399756566
6384.277343748045   9.141370101553004
6390.380859373044   7.98476377599173
6396.484374998041   16.50678656137772
6402.587890623039   15.54782659105539
6408.691406248037   17.90916218817368
6414.794921873035   15.91658649078665
6420.898437498034   22.46270562943561
6427.001953123032   20.34721375895829
6433.10546874803   23.81980529984414
6439.208984373028   23.70753759402354
6445.312499998026   10.31981802265967
6451.416015623025   22.56519572437145
6457.519531248023   22.70371946143717
6463.623046873021   14.17599578404896
6469.726562498019   16.02481601653926
6475.830078123017   20.36408838443141
6481.933593748015   11.02648937862235
6488.037109373014   24.85113597151326
6494.140624998012   25.997384970068
6500.24414062301   17.21544692972778
6506.347656248008   26.11781584394607
6512.451171873005   26.98240552499689
6518.554687498004   22.75746741630948
6524.658203123002   20.51255616006757
6530.761718748   18.3291431336547
6536.865234372998   22.50199631097921
6542.968749997996   7.490176889585828
6549.072265622995   14.56535786824436
6555.175781247993   17.98743576560003
6561.279296872991   21.6516588376903
6567.382812497989   21.16379908240344
6573.486328122987   15.3490170848006
6579.589843747985   17.62284649851549
6585.693359372984   18.5880880163864
6591.796874997982   22.09179821818208
6597.90039062298   24.16468579197301
6604.003906247978   21.04310299645665
6610.107421872976   9.293218447198203
6616.210937497975   23.02954235289549
6622.314453122972   18.6702424264082
6628.41796874797   19.82052585710679
6634.521484372968   21.59357554335744
6640.624999997966   21.23169491759916
6646.728515622965   15.36124288353719
6652.832031247963   25.87694061596867
6658.935546872961   25.39425152732252
6665.039062497959   23.99275510908509
6671.142578122957   26.89639229092041
6677.246093747955   24.69784599539132
6683.349609372954   13.23003080047201
6689.453124997952   18.43109124401924
6695.55664062295   25.5216075465505
6701.660156247948   21.07266674644163
6707.763671872946   20.66917367003282
6713.867187497945   20.35926529470722
6719.970703122943   9.656112239680532
6726.074218747941   19.43849371278786
6732.177734372938   23.7603609589441
6738.281249997936   18.22273010628366
6744.384765622935   15.34590419208701
6750.488281247933   12.01633700138495
6756.591796872931   22.59377268605855
6762.695312497929   21.7266084722027
6768.798828122927   11.63365134389766
6774.902343747925   5.052863113227916
6781.005859372924   9.868212808911846
6787.109374997922   7.162061931775217
6793.21289062292   19.933497448878
6799.316406247918   24.12920800028417
6805.419921872916   27.79082488457648
6811.523437497915   28.13197117980759
6817.626953122913   23.78577734089185
6823.730468747911   24.11793796807668
6829.833984372909   23.2086384169834
6835.937499997907   19.99908651318654
6842.041015622905   21.29273722067943
6848.144531247903   22.81723883232519
6854.248046872901   25.87796024599185
6860.351562497899   20.29515815118366
6866.455078122897   20.11235509144439
6872.558593747895   20.05348017198182
6878.662109372894   20.59580824903242
6884.765624997892   15.53435297764265
6890.86914062289   18.00458522738766
6896.972656247888   23.41050392586823
6903.076171872886   21.46197226106369
6909.179687497885   20.54930667111016
6915.283203122883   23.99988954017856
6921.386718747881   14.07889486493734
6927.490234372879   17.59317283534342
6933.593749997877   16.34911845322742
6939.697265622875   22.62491986235526
6945.800781247874   23.41730045982475
6951.904296872872   11.93110799387629
6958.007812497869   20.90156039879085
6964.111328122867   19.46433641355214
6970.214843747865   24.7364018813822
6976.318359372864   23.50181040661059
6982.421874997862   13.06301512822523
6988.52539062286   17.35998325365446
6994.628906247858   18.64889334446111
7000.732421872856   17.1345204871284
7006.835937497855   23.80684635200183
7012.939453122853   13.69491781907179
7019.042968747851   23.02811135897037
7025.146484372849   23.78044489078861
7031.249999997847   23.43844949548318
7037.353515622845   22.23236297624899
7043.457031247844   19.20698885486331
7049.560546872842   18.19246782116979
7055.66406249784   17.98790261102586
7061.767578122838   17.70383083873421
7067.871093747835   17.53609342280279
7073.974609372834   18.8716423985445
7080.078124997832   9.141178692017967
7086.18164062283   12.01525178143047
7092.285156247828   21.8029815860852
7098.388671872826   14.4557275888443
7104.492187497824   20.58986979582038
7110.595703122823   24.30341694869071
7116.699218747821   22.42726308726252
7122.802734372819   16.60216756303397
7128.906249997817   26.31689832799218
7135.009765622815   25.68031686571061
7141.113281247814   21.4160963326594
7147.216796872812   13.58143967412003
7153.32031249781   16.9466531786508
7159.423828122808   25.69641589414801
7165.527343747806   29.36277638923524
7171.630859372804   26.64102566737452
7177.734374997802   18.07529384835651
7183.8378906228   12.67064702264891
7189.941406247798   13.38106325515244
7196.044921872796   19.21708536841179
7202.148437497794   17.77914884689824
7208.251953122793   12.78228849926901
7214.355468747791   21.36112069479588
7220.458984372789   19.50470072648892
7226.562499997787   15.40273000075602
7232.666015622785   11.47194095322491
7238.769531247784   20.06672343917017
7244.873046872782   22.70094164075094
7250.97656249778   23.18656921694128
7257.080078122778   11.61837455647134
7263.183593747776   20.79149578453923
7269.287109372774   16.00106425897119
7275.390624997773   18.73272670064864
7281.494140622771   27.16977414909042
7287.597656247768   24.96260686596255
7293.701171872766   24.33043755466801
7299.804687497764   25.85258023956658
7305.908203122763   23.96860606015854
7312.011718747761   19.80500569480607
7318.115234372759   9.488449972671155
7324.218749997757   23.93632877482211
7330.322265622755   21.20282635973417
7336.425781247754   15.96466729072921
7342.529296872752   18.68349643863692
7348.63281249775   16.6744955508314
7354.736328122748   -5.577464845527
7360.839843747746   16.88356519282671
7366.943359372744   14.34905140350005
7373.046874997743   20.76564945292618
7379.150390622741   26.18718068002627
7385.253906247739   22.04117991301854
7391.357421872737   18.82289776116215
7397.460937497734   21.72181643026529
7403.564453122733   22.60059163480498
7409.667968747731   21.10599238042393
7415.771484372729   21.13125254423379
7421.874999997727   15.94839408904349
7427.978515622725   16.50929858794722
7434.082031247724   22.37515027025919
7440.185546872722   24.93851670933881
7446.28906249772   19.61586590967713
7452.392578122718   22.91491383393824
7458.496093747716   21.25893210304018
7464.599609372714   10.06575597407157
7470.703124997713   16.40258286440519
7476.806640622711   17.61642001121733
7482.910156247709   16.72612935605044
7489.013671872707   20.20739305966402
7495.117187497705   17.90242223221864
7501.220703122704   21.19316766997019
7507.324218747702   26.05418421347896
7513.427734372699   21.24716051994021
7519.531249997697   10.15014084496157
7525.634765622695   17.78177815307156
7531.738281247694   21.84494554786218
7537.841796872692   18.22563679962707
7543.94531249769   22.26526533084488
7550.048828122688   23.27549349471196
7556.152343747686   10.52428324418243
7562.255859372684   21.49637047256648
7568.359374997683   18.34545671244242
7574.462890622681   18.24142186912039
7580.566406247679   19.63013880457712
7586.669921872677   19.56864678632381
7592.773437497675   17.81275449995564
7598.876953122674   17.20940137026972
7604.980468747672   16.80211669601272
7611.08398437267   20.38594868368493
7617.187499997668   23.85014016042053
7623.291015622665   25.4200890988899
7629.394531247664   23.38702064515679
7635.498046872662   17.27264918118945
7641.60156249766   24.47004889219241
7647.705078122658   24.71781754041364
7653.808593747656   10.19824282585919
7659.912109372654   13.47302133577665
7666.015624997653   18.91384224134911
7672.119140622651   18.8853285008685
7678.222656247649   4.981941085404061
7684.326171872647   23.18595167309462
7690.429687497645   26.16067584677631
7696.533203122643   25.66180831473947
7702.636718747642   20.94076363431761
7708.74023437264   17.23281647758755
7714.843749997638   23.2702297542771
7720.947265622636   20.05629186551437
7727.050781247634   21.80343080331128
7733.154296872632   17.8529589886254
7739.25781249763   13.09813627111398
7745.361328122628   15.45090356729458
7751.464843747626   16.09236035925033
7757.568359372624   20.31537885379243
7763.671874997623   19.54824431772352
7769.775390622621   22.40808692466328
7775.878906247619   15.69095037520497
7781.982421872617   7.138895949731523
7788.085937497615   16.15205648117466
7794.189453122613   23.89840120601209
7800.292968747612   14.46513970198494
7806.39648437261   24.43136882537732
7812.499999997608   21.86231434306631
7818.603515622606   18.36560932160106
7824.707031247604   20.36061684267721
7830.810546872603   18.26496677317004
7836.914062497601   21.52187156117175
7843.017578122598   24.47592102505357
7849.121093747596   18.31042577135531
7855.224609372594   6.860158389871089
7861.328124997593   20.58558656612547
7867.431640622591   21.31406217320184
7873.535156247589   21.70305913076387
7879.638671872587   25.79043225940449
7885.742187497585   23.97886123654654
7891.845703122583   24.02839018380467
7897.949218747582   25.32213939163359
7904.05273437258   20.39841920992426
7910.156249997578   13.70207732684628
7916.259765622576   21.25352374356374
7922.363281247574   25.73343129803407
7928.466796872573   28.10987375719849
7934.570312497571   21.42327840295441
7940.673828122569   18.2950504731953
7946.777343747567   15.72218301520147
7952.880859372565   13.53036703209676
7958.984374997563   23.72860980202057
7965.087890622561   18.96135834116917
7971.191406247559   19.4754113506889
7977.294921872557   7.921054331952611
7983.398437497555   25.43691361218544
7989.501953122553   22.65327131109642
7995.605468747552   21.40108909605461
8001.70898437255   23.81967088799643
8007.812499997548   22.71598483940286
8013.916015622546   24.83690710287667
8020.019531247544   12.07090701750153
8026.123046872543   20.9157470313177
8032.226562497541   23.52691567226074
8038.330078122539   21.51759049480081
8044.433593747537   20.92599268457143
8050.537109372535   20.85381812712624
8056.640624997533   19.06099399334581
8062.744140622532   21.73259707100994
8068.847656247529   3.861385692632602
8074.951171872527   17.52052121964658
8081.054687497525   20.94636373494581
8087.158203122523   15.43691250884591
8093.261718747522   23.14818475253348
8099.36523437252   23.89548447211929
8105.468749997518   21.61039348396924
8111.572265622516   19.63377403948486
8117.675781247514   19.01384551806448
8123.779296872513   19.25644035626578
8129.882812497511   19.41220299501776
8135.986328122509   21.35969191820033
8142.089843747507   14.37139809472395
8148.193359372505   23.89723574318266
8154.296874997503   20.79338912742551
8160.400390622502   24.79836350137539
8166.5039062475   23.25846428679835
8172.607421872498   20.09843389186155
8178.710937497495   25.4279264410901
8184.814453122493   18.98201386962079
8190.917968747492   15.29044465008642
8197.02148437249   22.541810932352
8203.124999997488   24.0506206381506
8209.228515622486   24.35170259836733
8215.332031247484   19.10910641654999
8221.435546872483   18.46361505633111
8227.539062497481   21.71932746298446
8233.642578122479   25.6427144041576
8239.746093747477   27.48673682377675
8245.849609372475   24.3879317783644
8251.953124997473   17.95286683427935
8258.056640622472   5.242855005438378
8264.16015624747   20.58664666293971
8270.263671872468   16.14149102642838
8276.367187497466   21.56003958649832
8282.470703122464   17.3981032075247
8288.574218747463   10.99091208476512
8294.677734372461   15.57350501535113
8300.781249997459   22.05359368823718
8306.884765622457   25.09017430312809
8312.988281247455   26.12482361244251
8319.091796872453   19.45691005606552
8325.195312497452   13.88848509711748
8331.29882812245   20.20956328640255
8337.402343747448   26.17105601705128
8343.505859372444   24.72988398383367
8349.609374997443   13.66937568860563
8355.712890622441   20.76329407260229
8361.816406247439   23.34071019268774
8367.919921872437   22.80927143874997
8374.023437497435   17.07110406123824
8380.126953122433   19.15589220110121
8386.230468747432   25.15987591496749
8392.33398437243   26.19576469202456
8398.437499997428   25.84880586288125
8404.541015622426   23.25712830015903
8410.644531247424   21.5534499184528
8416.748046872422   12.19684621115905
8422.851562497421   14.53443940455138
8428.955078122419   7.017793974158738
8435.058593747417   14.2913860549426
8441.162109372415   13.0210487374752
8447.265624997413   20.02900402538831
8453.369140622412   24.9998435852394
8459.47265624741   25.16346380527467
8465.576171872408   20.6457025836154
8471.679687497406   15.25646483763878
8477.783203122404   3.880146488622435
8483.886718747402   22.72241361114971
8489.990234372401   26.12121324767026
8496.093749997399   26.54690857608057
8502.197265622397   27.38777961693634
8508.300781247395   21.38559996277463
8514.404296872393   16.70303382819907
8520.507812497392   19.12336485991116
8526.61132812239   16.2739537266249
8532.714843747388   21.0471787626748
8538.818359372386   23.54327714877566
8544.921874997384   4.993127976164561
8551.025390622382   26.10425626230804
8557.128906247381   25.48988769929881
8563.232421872379   20.68803655048886
8569.335937497375   23.66746976092232
8575.439453122373   19.55815975085467
8581.542968747372   22.69444914623284
8587.64648437237   14.98188700377344
8593.749999997368   22.66798012167587
8599.853515622366   16.47839463223396
8605.957031247364   20.9355897023204
8612.060546872362   21.61786919407946
8618.164062497361   18.05358493132207
8624.267578122359   21.53434803495892
8630.371093747357   22.2393452130285
8636.474609372355   12.3732063945715
8642.578124997353   11.60050597151874
8648.681640622352   15.75606056387142
8654.78515624735   20.61208303535055
8660.888671872348   23.85590742019284
8666.992187497346   26.42212802644604
8673.095703122344   23.31957779951724
8679.199218747342   19.64217014060405
8685.302734372341   27.80337417894695
8691.406249997339   26.41348934501895
8697.509765622337   9.478694021209744
8703.613281247335   22.76181940755675
8709.716796872333   21.01764093523004
8715.820312497332   16.2055542393165
8721.92382812233   13.24768929767249
8728.027343747328   16.63478152794472
8734.130859372326   26.37326774784736
8740.234374997324   24.42990588152033
8746.337890622322   2.559030246270682
8752.441406247321   22.7806498560292
8758.544921872319   25.58701686781878
8764.648437497317   21.3449058063506
8770.751953122315   17.34590875756276
8776.855468747313   19.16264450733059
8782.958984372312   20.72260835985068
8789.062499997308   16.18007282451828
8795.166015622306   10.15434057196889
8801.269531247304   17.93999451148844
8807.373046872302   25.1685008501
8813.476562497301   24.82182045367458
8819.580078122299   19.61717142719208
8825.683593747297   11.99310774568582
8831.787109372295   8.843450399242524
8837.890624997293   12.65705023794942
8843.994140622292   13.96760346576259
8850.09765624729   11.60551029892866
8856.201171872288   14.81433639736943
8862.304687497286   19.77255119057467
8868.408203122284   9.322335728325443
8874.511718747282   21.97187224833235
8880.615234372281   19.36446311627589
8886.718749997279   17.9528620713001
8892.822265622277   17.01434951520678
8898.925781247275   18.61985498600317
8905.029296872273   24.24258468744541
8911.132812497272   23.69538989199658
8917.23632812227   24.35160346475175
8923.339843747268   19.27693185652453
8929.443359372266   17.28986190232971
8935.546874997264   17.5275874280717
8941.650390622262   18.56712850300511
8947.753906247261   6.190539786527723
8953.857421872259   21.07328100312452
8959.960937497257   22.76195736072186
8966.064453122255   18.28676514532625
8972.167968747253   27.51766938181538
8978.271484372252   22.57105463787516
8984.37499999725   7.263868349031558
8990.478515622248   14.69392302746362
8996.582031247246   12.16427035465616
9002.685546872244   21.05072611357819
9008.789062497242   23.29977025832518
9014.892578122239   26.11684797595857
9020.996093747237   25.17922129417667
9027.099609372235   21.23753353737199
9033.203124997233   22.41395677258841
9039.306640622231   25.19705750226845
9045.41015624723   23.86375762046122
9051.513671872228   24.87176257853002
9057.617187497226   22.08093692325004
9063.720703122224   16.61829859207346
9069.824218747222   24.84526748233345
9075.927734372221   19.98956588898174
9082.031249997219   15.04936427924616
9088.134765622217   9.963851472062139
9094.238281247215   13.9127290491441
9100.341796872213   1.010535797298378
9106.445312497211   21.35095435665269
9112.54882812221   20.76793211912971
9118.652343747208   14.74858140039965
9124.755859372206   20.03026081028284
9130.859374997204   16.73699620434037
9136.962890622202   13.23267938695726
9143.066406247201   15.01001770649248
9149.169921872199   20.99436796466878
9155.273437497197   24.55091308349667
9161.376953122195   24.95568106237679
9167.480468747193   22.25558874081191
9173.583984372191   16.39476623980407
9179.68749999719   10.52357971716147
9185.791015622188   15.57890392531494
9191.894531247186   20.45948266040735
9197.998046872184   13.76536269368737
9204.101562497182   -3.309114877048323
9210.205078122181   16.02683630446074
9216.308593747179   15.67050143274107
9222.412109372177   21.28021670463795
9228.515624997175   23.88703798438994
9234.619140622171   20.02050113252053
9240.72265624717   10.70899846758547
9246.826171872168   4.955376166496768
9252.929687497166   20.34038973260456
9259.033203122164   26.08703014080138
9265.136718747162   21.41330272932876
9271.240234372161   20.2693615133704
9277.343749997159   13.22111092176616
9283.447265622157   22.88274108700761
9289.550781247155   23.67548881794829
9295.654296872153   15.42575518635661
9301.757812497151   22.86210651717888
9307.86132812215   25.33506576398391
9313.964843747148   22.47134511024112
9320.068359372146   22.15796338096248
9326.171874997144   17.97360265774029
9332.275390622142   14.79998670410154
9338.378906247141   21.90668088964186
9344.482421872139   20.06476954270324
9350.585937497137   9.283846570388873
9356.689453122135   18.66489152942503
9362.792968747133   21.90296515517565
9368.896484372131   22.20267678568861
9374.99999999713   7.681533360885608
9381.103515622128   19.94300436003835
9387.207031247126   11.93913666584007
9393.310546872124   20.03338799122058
9399.414062497122   26.4840830684202
9405.517578122121   26.16567372055411
9411.621093747119   22.19234848764148
9417.724609372117   16.61015048995878
9423.828124997115   17.39588533791988
9429.931640622113   17.41474773691636
9436.035156247111   19.60658186037311
9442.13867187211   12.12156791339224
9448.242187497108   18.25689106125968
9454.345703122106   15.90561299258522
9460.449218747102   17.20416190588908
9466.552734372101   20.61773244122279
9472.656249997099   12.65481195327913
9478.759765622097   15.21236341719727
9484.863281247095   20.33254290340169
9490.966796872093   18.58441124455791
9497.070312497091   5.003313896901402
9503.17382812209   21.90602317525041
9509.277343747088   25.07956236913805
9515.380859372086   24.74012153208216
9521.484374997084   16.64692359780796
9527.587890622082   17.03221169979774
9533.691406247081   17.72918646456893
9539.794921872079   23.88993546870545
9545.898437497077   27.36940593150861
9552.001953122075   23.63596447163698
9558.105468747073   11.91451223651598
9564.208984372071   18.22996844555031
9570.31249999707   16.91586084696065
9576.416015622068   19.02261893267855
9582.519531247066   20.70314891583907
9588.623046872064   15.1973410888002
9594.726562497062   23.67498981568621
9600.830078122061   22.0492397143416
9606.933593747059   9.452916938583929
9613.037109372057   18.19963190384617
9619.140624997055   15.98757905325914
9625.244140622053   20.5214799790091
9631.347656247051   23.97475268562753
9637.45117187205   25.81715187686861
9643.554687497048   24.82670419367945
9649.658203122046   19.87647073866073
9655.761718747044   16.78086412602965
9661.865234372042   24.56702467169364
9667.968749997041   25.09728279323545
9674.072265622039   14.4231086319162
9680.175781247035   24.84783714582828
9686.279296872033   19.35202351643061
9692.382812497031   20.27800508106337
9698.48632812203   22.46945862375549
9704.589843747028   22.09053248632357
9710.693359372026   21.94607922392709
9716.796874997024   23.82945464981132
9722.900390622022   24.88546156575978
9729.00390624702   25.53763794438502
9735.107421872019   27.70813493381494
9741.210937497017   26.0217856022254
9747.314453122015   20.26996206242366
9753.417968747013   18.74871164247098
9759.521484372011   22.20833489554923
9765.62499999701   23.27706406394664
9771.728515622008   23.90900850394388
9777.832031247006   25.56742757077735
9783.935546872004   25.5429104118722
9790.039062497002   22.20380223586911
9796.142578122   17.34802197771558
9802.246093746999   16.53026174508241
9808.349609371997   19.98217537972884
9814.453124996995   16.27585922144199
9820.556640621993   20.90754412267383
9826.660156246991   23.31376146481119
9832.76367187199   16.73099055574222
9838.867187496988   14.98219596895543
9844.970703121986   21.49045560552044
9851.074218746984   23.6642330580701
9857.177734371982   21.7515582965701
9863.28124999698   21.60756027416051
9869.384765621979   20.05515993269118
9875.488281246977   20.20221914522513
9881.591796871975   24.84638398453698
9887.695312496973   24.28703949944844
9893.798828121971   21.56377327037985
9899.90234374697   20.30626993430458
9906.005859371966   9.183005749943359
9912.109374996964   17.70147554849885
9918.212890621962   10.81326431686212
9924.31640624696   -1.149430576382817
9930.419921871959   19.87339820415187
9936.523437496957   27.65329568308868
9942.626953121955   27.40639382826321
9948.730468746953   27.05615449028224
9954.833984371951   26.1215171578794
9960.93749999695   23.88436526392403
9967.041015621948   23.15215073277172
9973.144531246946   19.15650153832264
9979.248046871944   19.47203379979727
9985.351562496942   22.30563099870286
9991.45507812194   22.34547188206264
9997.558593746939   18.82543161307187
10003.66210937194   22.13933233749317
10009.76562499694   17.97608653471198
10015.86914062193   23.83275933361433
10021.97265624693   19.62738844362568
10028.07617187193   7.636873193171142
10034.17968749693   13.48808730138023
10040.28320312193   18.65742915392137
10046.38671874692   18.12593101269971
10052.49023437192   22.77185464449849
10058.59374999692   23.10910684606359
10064.69726562192   18.93064231747993
10070.80078124692   10.1657543090631
10076.90429687191   22.26515958934641
10083.00781249691   22.19207824444301
10089.11132812191   18.45602027885277
10095.21484374691   16.17917226346596
10101.31835937191   16.15816905671493
10107.42187499691   15.47282152112422
10113.5253906219   15.12312844912302
10119.6289062469   16.42734410053853
10125.7324218719   23.71245787335824
10131.8359374969   24.80433128405361
10137.93945312189   12.75357064799405
10144.04296874689   24.46283186909562
10150.14648437189   23.67403600152076
10156.24999999689   9.703546561114541
10162.35351562189   15.05092114791173
10168.45703124689   15.43873731032907
10174.56054687188   23.86175608201316
10180.66406249688   25.48059373520613
10186.76757812188   23.24659433993082
10192.87109374688   24.48747044743462
10198.97460937188   11.44864165282624
10205.07812499687   21.21856221997912
10211.18164062187   24.11246651790137
10217.28515624687   25.62666867314677
10223.38867187187   22.9521935081438
10229.49218749687   21.30718632965611
10235.59570312187   20.24716134810588
10241.69921874686   26.52948734025211
10247.80273437186   27.10301065739084
10253.90624999686   23.52534965798117
10260.00976562186   19.80302481734329
10266.11328124686   15.28726164228488
10272.21679687185   20.6926082978183
10278.32031249685   21.14466748430559
10284.42382812185   22.70066233058173
10290.52734374685   26.82650777836755
10296.63085937185   23.62430970452012
10302.73437499685   12.11933734429192
10308.83789062184   17.8608198063037
10314.94140624684   19.07132828085438
10321.04492187184   16.08101407030677
10327.14843749684   15.29734398599067
10333.25195312184   22.60951440511261
10339.35546874683   18.83479612780602
10345.45898437183   20.28594641478104
10351.56249999683   20.09461467669697
10357.66601562183   15.96820835063777
10363.76953124683   17.94567912909253
10369.87304687182   24.17007561056718
10375.97656249682   25.00166377060791
10382.08007812182   23.31783270329536
10388.18359374682   22.10051861484985
10394.28710937182   22.74459840697699
10400.39062499681   21.00148835712293
10406.49414062181   -0.9540967373890364
10412.59765624681   22.85621549286427
10418.70117187181   22.29580757715636
10424.80468749681   21.68924387405188
10430.90820312181   9.392847355253014
10437.0117187468   22.27328744437457
10443.1152343718   23.71894992159902
10449.2187499968   25.91065168726493
10455.3222656218   19.13588815208842
10461.4257812468   20.17256377666493
10467.52929687179   15.39748235628631
10473.63281249679   23.91267344942917
10479.73632812179   24.96313390993828
10485.83984374679   16.59992105963779
10491.94335937179   16.47431220597412
10498.04687499679   17.67873769649826
10504.15039062178   16.59840144588011
10510.25390624678   17.8377268851972
10516.35742187178   19.60508624140698
10522.46093749678   22.14762017409306
10528.56445312178   19.93819272591734
10534.66796874677   23.94434708617932
10540.77148437177   27.54722826119283
10546.87499999677   25.25996230821068
10552.97851562177   23.4103952078595
10559.08203124677   17.31216470303606
10565.18554687177   23.75476082531464
10571.28906249676   23.1635775789924
10577.39257812176   25.30904577328328
10583.49609374676   23.93463110455802
10589.59960937176   21.96371153756881
10595.70312499675   12.08922203776115
10601.80664062175   7.056641394333983
10607.91015624675   22.24358802325197
10614.01367187175   24.332031050174
10620.11718749675   21.59804999931833
10626.22070312175   23.2739281038398
10632.32421874674   26.47281974041946
10638.42773437174   23.34719461730178
10644.53124999674   20.38125245790468
10650.63476562174   24.75984345029848
10656.73828124674   19.99900649184131
10662.84179687173   19.32655212817143
10668.94531249673   19.06677756836757
10675.04882812173   19.82077801042813
10681.15234374673   20.31378298796109
10687.25585937173   15.58914812515954
10693.35937499673   11.34310874868073
10699.46289062172   16.56779222237617
10705.56640624672   9.786105287761497
10711.66992187172   15.15242267095301
10717.77343749672   7.728056945200363
10723.87695312172   15.7691850046447
10729.98046874671   23.95883767193249
10736.08398437171   24.76958399068522
10742.18749999671   24.71342534429267
10748.29101562171   23.95444589154781
10754.39453124671   22.7071563482632
10760.49804687171   15.67392838091395
10766.6015624967   16.57833481749701
10772.7050781217   23.37157408034535
10778.8085937467   22.11426217535362
10784.9121093717   20.03957081453737
10791.01562499669   22.78006962428126
10797.11914062169   20.05951230283456
10803.22265624669   13.16763151744158
10809.32617187169   16.92591032036826
10815.42968749669   18.06196573642438
10821.53320312169   18.49062716345334
10827.63671874668   10.0878782848768
10833.74023437168   23.0328189697823
10839.84374999668   23.49909977977791
10845.94726562168   26.63577543807533
10852.05078124668   27.29099979767243
10858.15429687167   23.65344353861831
10864.25781249667   18.28495299673483
10870.36132812167   24.73546272612536
10876.46484374667   24.14104598220411
10882.56835937167   22.88147839484132
10888.67187499667   23.25422743294697
10894.77539062166   13.86389545380767
10900.87890624666   4.496131647281378
10906.98242187166   22.72714711159313
10913.08593749666   25.93129013632315
10919.18945312166   23.72471888775928
10925.29296874665   19.22993362846613
10931.39648437165   15.04349063252914
10937.49999999665   12.86182581501197
10943.60351562165   20.93776038567211
10949.70703124665   14.40929038838308
10955.81054687165   12.33910793430459
10961.91406249664   10.96824330674459
10968.01757812164   16.77977832642369
10974.12109374664   26.36607078388684
10980.22460937164   25.59000022587896
10986.32812499664   20.88140808250746
10992.43164062163   19.65404089993822
10998.53515624663   23.23110447582363
11004.63867187163   19.35698679016634
11010.74218749663   23.99024016880975
11016.84570312163   23.41067442509648
11022.94921874662   10.71420112150927
11029.05273437162   15.7323561048082
11035.15624999662   11.04451455948965
11041.25976562162   16.85363083389063
11047.36328124662   23.88506865643823
11053.46679687161   25.88036291739446
11059.57031249661   9.401188879579882
11065.67382812161   24.7958866471338
11071.77734374661   22.45917254482324
11077.88085937161   19.58834688894735
11083.98437499661   16.11118697153572
11090.0878906216   21.49449095712819
11096.1914062466   24.09648353460022
11102.2949218716   20.04499581888719
11108.3984374966   15.28843540552034
11114.5019531216   21.6380173532172
11120.60546874659   23.63229342425275
11126.70898437159   23.72240602160422
11132.81249999659   24.86052273207153
11138.91601562159   23.29368283727971
11145.01953124659   15.83177799041831
11151.12304687159   17.04743017207063
11157.22656249658   16.04635799810104
11163.33007812158   10.90988318355939
11169.43359374658   19.31138089741352
11175.53710937158   20.14006503074322
11181.64062499658   24.35069730213144
11187.74414062157   19.48279430175872
11193.84765624657   15.95597078859715
11199.95117187157   16.5077103577181
11206.05468749657   20.45472399663113
11212.15820312157   21.20952541419391
11218.26171874657   15.89293729376531
11224.36523437156   1.651213267986026
11230.46874999656   15.30379888119814
11236.57226562156   18.94579778783174
11242.67578124656   21.89629012695737
11248.77929687155   21.59371427989853
11254.88281249655   16.66192231693947
11260.98632812155   16.31744789727272
11267.08984374655   18.00674346181353
11273.19335937155   20.40616595647783
11279.29687499655   23.03255961083249
11285.40039062154   21.06919839433409
11291.50390624654   14.1657181676217
11297.60742187154   13.7442295447743
11303.71093749654   21.09217475949155
11309.81445312154   18.52984332491502
11315.91796874653   20.68585242350288
11322.02148437153   23.80053551799587
11328.12499999653   20.41638235543051
11334.22851562153   17.00117517562725
11340.33203124653   22.65407406217713
11346.43554687153   23.20817860489267
11352.53906249652   21.07415522201822
11358.64257812152   19.55848272550022
11364.74609374652   20.36367201592542
11370.84960937152   20.29462250090135
11376.95312499652   12.57465587394674
11383.05664062151   0.04343040058966996
11389.16015624651   8.028494187915275
11395.26367187151   20.8905552357154
11401.36718749651   25.88416811119938
11407.47070312151   26.07653853321828
11413.57421874651   22.62470307468173
11419.6777343715   20.96721080011402
11425.7812499965   22.70101766594813
11431.8847656215   19.76855005380006
11437.9882812465   23.88615431964065
11444.0917968715   22.48929811723654
11450.19531249649   20.2697088002991
11456.29882812149   20.38246082215384
11462.40234374649   -3.000776919647535
11468.50585937149   17.60370224406812
11474.60937499649   23.24575460272932
11480.71289062148   20.40741645145058
11486.81640624648   22.0674121980454
11492.91992187148   22.32190444649818
11499.02343749648   19.46969254035833
11505.12695312148   22.91529424667078
11511.23046874647   11.00805299079609
11517.33398437147   16.01607486100022
11523.43749999647   10.05157927300313
11529.54101562147   13.55554181279274
11535.64453124647   19.95820942183105
11541.74804687147   22.07244168268235
11547.85156249646   4.395121409908876
11553.95507812146   22.4174290607907
11560.05859374646   19.73183837048104
11566.16210937146   17.72487472936558
11572.26562499646   21.1555625219361
11578.36914062145   22.74060930542529
11584.47265624645   12.30842048373781
11590.57617187145   12.91079348905803
11596.67968749645   11.02515872458929
11602.78320312145   20.17505360725522
11608.88671874645   21.74163357087405
11614.99023437144   18.59243621546515
11621.09374999644   0.4402392878467943
11627.19726562144   12.8503143319179
11633.30078124644   12.406927581177
11639.40429687144   21.83194769554849
11645.50781249643   26.30647724807424
11651.61132812143   27.49756957076033
11657.71484374643   26.90516785470557
11663.81835937143   25.05100076674687
11669.92187499643   24.32529070178857
11676.02539062143   20.50883741980563
11682.12890624642   21.09920816938991
11688.23242187142   24.12115951916698
11694.33593749642   27.17458503877022
11700.43945312142   23.80222118051612
11706.54296874641   23.9925193910631
11712.64648437141   20.9283421553846
11718.74999999641   18.47227336219444
11724.85351562141   19.43565811890281
11730.95703124641   15.67707151431317
11737.06054687141   17.90623547322679
11743.1640624964   22.97962790565333
11749.2675781214   12.98355134112294
11755.3710937464   19.6832875116149
11761.4746093714   2.575167435739806
11767.5781249964   22.0948399730921
11773.68164062139   19.20713994890051
11779.78515624639   19.60893771657694
11785.88867187139   21.54101427920107
11791.99218749639   20.18353278769407
11798.09570312139   18.93612813245933
11804.19921874639   21.28611431782282
11810.30273437138   16.88867987614649
11816.40624999638   15.38212353756373
11822.50976562138   13.02010254309019
11828.61328124638   22.24501857614756
11834.71679687138   22.20007231840535
11840.82031249637   20.84562007816907
11846.92382812137   17.53685465543947
11853.02734374637   19.72492017461389
11859.13085937137   10.70553838401201
11865.23437499637   12.95719177846282
11871.33789062137   22.89168895189983
11877.44140624636   21.31599088226124
11883.54492187136   15.41823391933159
11889.64843749636   18.77344981661628
11895.75195312136   23.84460572666789
11901.85546874636   25.52750547237802
11907.95898437135   27.0119215212838
11914.06249999635   26.76407375673576
11920.16601562135   25.89743160467482
11926.26953124635   19.83056081145679
11932.37304687135   18.86129605351861
11938.47656249634   25.10703041077723
11944.58007812134   27.46109505520096
11950.68359374634   27.81857349719569
11956.78710937134   25.04605851558122
11962.89062499634   22.13879644992174
11968.99414062133   25.54395134988016
11975.09765624633   22.44992789495229
11981.20117187133   11.17265385168542
11987.30468749633   18.21213588347596
11993.40820312133   11.12227572010735
11999.51171874633   19.98439267782182
12005.61523437132   21.35614567981627
12011.71874999632   24.85523836100548
12017.82226562132   22.80320927489634
12023.92578124632   21.92600320351207
12030.02929687132   22.72108499942517
12036.13281249631   22.32722267050973
12042.23632812131   19.34100111230364
12048.33984374631   22.61885425884152
12054.44335937131   24.8624993181947
12060.54687499631   19.33855533961323
12066.65039062131   21.29066695155272
12072.7539062463   19.56686671042462
12078.8574218713   13.39561725960097
12084.9609374963   21.53479790204603
12091.0644531213   24.05611298941929
12097.1679687463   23.36405373233388
12103.27148437129   19.28777620781031
12109.37499999629   12.00137466799492
12115.47851562129   22.0783082096625
12121.58203124629   23.26724703107041
12127.68554687129   19.16885789776842
12133.78906249628   16.74874876077295
12139.89257812128   21.89019172863417
12145.99609374628   22.48771430362005
12152.09960937128   17.55047494741115
12158.20312499628   21.34406882214943
12164.30664062127   11.84798126470545
12170.41015624627   17.5264273782327
12176.51367187127   8.369747953601186
12182.61718749627   -9.943835386995577
12188.72070312127   12.76210913495209
12194.82421874627   20.21068683077112
12200.92773437126   24.09830861521758
12207.03124999626   23.54535960650817
12213.13476562126   24.55631901495418
12219.23828124626   21.9684210985293
12225.34179687126   16.02476147995031
12231.44531249625   21.27170006897162
12237.54882812125   22.94403879649748
12243.65234374625   21.88553632074144
12249.75585937125   20.08570299976412
12255.85937499625   23.49785400761668
12261.96289062125   24.0178839670136
12268.06640624624   13.38744217184241
12274.16992187124   17.14732574532761
12280.27343749624   15.46910357062773
12286.37695312124   19.39259222184943
12292.48046874624   12.46116759951856
12298.58398437123   14.6468145656764
12304.68749999623   21.75567045143523
12310.79101562123   21.15972585392676
12316.89453124623   5.628554646053493
12322.99804687123   16.58898115279756
12329.10156249623   17.38131600544177
12335.20507812122   19.12200269995634
12341.30859374622   17.78232322618631
12347.41210937122   14.55544677512064
12353.51562499622   18.24451739135808
12359.61914062121   8.008986125939886
12365.72265624621   15.05255717534045
12371.82617187121   12.5254220382194
12377.92968749621   9.89458509209279
12384.03320312121   15.61460306710342
12390.13671874621   14.12952785644476
12396.2402343712   9.347766352585957
12402.3437499962   19.44603726256624
12408.4472656212   23.97755729711623
12414.5507812462   21.82802569191537
12420.6542968712   20.65783430708827
12426.75781249619   12.04679800986042
12432.86132812119   22.43002955784011
12438.96484374619   17.13081702345919
12445.06835937119   17.79803915546749
12451.17187499619   19.86894474835669
12457.27539062119   19.8008937081525
12463.37890624618   15.87397607150382
12469.48242187118   15.13840283237032
12475.58593749618   8.503875044062024
12481.68945312118   19.2035056472296
12487.79296874618   23.330466278605
12493.89648437117   24.54473924563729
12499.99999999617   12.93700099584953
12506.10351562117   13.77187997386312
12512.20703124617   24.86321931711229
12518.31054687117   25.30315163688533
12524.41406249617   20.30139853075797
12530.51757812116   20.89424870255542
12536.62109374616   24.75974046534358
12542.72460937116   26.1764762293022
12548.82812499616   21.68289991891496
12554.93164062116   20.27081942824465
12561.03515624615   15.91485784051383
12567.13867187115   22.72804517333813
12573.24218749615   23.65211942927074
12579.34570312115   24.05202314815723
12585.44921874615   20.23822865348982
12591.55273437114   20.03519827789082
12597.65624999614   18.47890317313381
12603.75976562114   21.83152728094923
12609.86328124614   13.50465957837057
12615.96679687114   16.07187657080529
12622.07031249613   20.45505132011675
12628.17382812113   14.3356324792133
12634.27734374613   16.86642838968954
12640.38085937113   23.23639757105267
12646.48437499613   25.22985981809761
12652.58789062113   19.16579719082388
12658.69140624612   16.1617821420678
12664.79492187112   18.41680903284726
12670.89843749612   7.723889374053501
12677.00195312112   19.2229463339273
12683.10546874612   19.71043928831795
12689.20898437111   14.97128248244842
12695.31249999611   17.0930378266751
12701.41601562111   22.55688409416461
12707.51953124611   25.5780503230734
12713.62304687111   24.91818016846461
12719.72656249611   9.441685094146408
12725.8300781211   20.3730613710704
12731.9335937461   20.49517597643739
12738.0371093711   21.43794784343987
12744.1406249961   22.00527358262514
12750.2441406211   22.08043672656286
12756.34765624609   2.382571161980592
12762.45117187109   19.24552618915784
12768.55468749609   21.78576108587121
12774.65820312109   22.84564914647719
12780.76171874609   18.82998792768595
12786.86523437109   10.95692036018995
12792.96874999608   17.65017409200037
12799.07226562108   15.24692727373668
12805.17578124608   23.09500873505545
12811.27929687108   22.42176853276597
12817.38281249607   18.38701293655706
12823.48632812107   23.94649791046216
12829.58984374607   24.69370843052026
12835.69335937107   22.47252113058586
12841.79687499607   16.39214055557706
12847.90039062107   18.33302166748042
12854.00390624606   19.58670952921038
12860.10742187106   6.64647258087106
12866.21093749606   19.12834784972233
12872.31445312106   25.32547567367187
12878.41796874606   18.16135866841115
12884.52148437105   18.85256178531077
12890.62499999605   19.9961787026053
12896.72851562105   18.6112213705918
12902.83203124605   9.97458136024024
12908.93554687105   24.02590456293957
12915.03906249605   23.33269970269277
12921.14257812104   13.19246857869042
12927.24609374604   16.22199717055021
12933.34960937104   20.08753601983707
12939.45312499604   21.03437659225038
12945.55664062104   20.4077793667217
12951.66015624603   17.41603628537226
12957.76367187103   24.36045826352074
12963.86718749603   19.07267232493979
12969.97070312103   25.71781905564458
12976.07421874603   23.04917051767164
12982.17773437103   7.881868831301063
12988.28124999602   23.73807163116089
12994.38476562102   23.78793999754211
13000.48828124602   25.52313942463978
13006.59179687102   24.02355244845072
13012.69531249602   20.11693414531332
13018.79882812101   19.82304221701289
13024.90234374601   15.74097474964579
13031.00585937101   3.34814409182923
13037.10937499601   15.65213325766299
13043.21289062101   23.35326732761566
13049.316406246   26.29131233140161
13055.419921871   26.13291637568441
13061.523437496   25.3684352029136
13067.626953121   24.51606254203175
13073.730468746   11.84795258144757
13079.83398437099   14.74465764839606
13085.93749999599   21.83977239583245
13092.04101562099   25.66938490788229
13098.14453124599   24.00017240825727
13104.24804687099   21.889824700058
13110.35156249599   19.63212742008416
13116.45507812098   21.06684003765234
13122.55859374598   22.86338237288536
13128.66210937098   11.96966868286477
13134.76562499598   -8.396739949945291
13140.86914062098   16.01435007139517
13146.97265624597   19.07220351424593
13153.07617187097   16.95019115035394
13159.17968749597   21.68422509694582
13165.28320312097   23.52530679078984
13171.38671874597   20.87464554817904
13177.49023437097   3.533498555250476
13183.59374999596   17.64491909560584
13189.69726562096   19.06861944330113
13195.80078124596   23.56022311779693
13201.90429687096   23.58687214279549
13208.00781249596   21.59321195965214
13214.11132812095   22.3654325634811
13220.21484374595   25.96660513836065
13226.31835937095   25.02277041063579
13232.42187499595   17.26090832484928
13238.52539062095   15.69667490057168
13244.62890624594   18.14064664719483
13250.73242187094   20.80491993904149
13256.83593749594   21.75352478140893
13262.93945312094   19.40304355199973
13269.04296874594   13.35362796225057
13275.14648437093   13.02976868129429
13281.24999999593   11.47163044029111
13287.35351562093   14.10972183059812
13293.45703124593   3.163326824126579
13299.56054687093   19.68041051369978
13305.66406249593   20.90157135655174
13311.76757812092   19.19781502456563
13317.87109374592   21.39533695259069
13323.97460937092   16.7649100554284
13330.07812499592   22.94677662601577
13336.18164062092   17.20693988824018
13342.28515624591   13.98034257197583
13348.38867187091   14.87904952434832
13354.49218749591   23.42533962330619
13360.59570312091   22.32670149221426
13366.69921874591   17.4879367636998
13372.80273437091   13.77775600097294
13378.9062499959   8.430669697610892
13385.0097656209   -0.8889254855991844
13391.1132812459   14.58106149141178
13397.2167968709   20.88039842445423
13403.3203124959   19.21084056564393
13409.42382812089   13.68841817579775
13415.52734374589   14.90684017306399
13421.63085937089   3.779552986948845
13427.73437499589   21.7116289623894
13433.83789062089   24.5592922926024
13439.94140624589   16.3976949773587
13446.04492187088   17.18050352680421
13452.14843749588   20.88179962071612
13458.25195312088   17.79842251086552
13464.35546874588   4.478144647644039
13470.45898437087   20.98574539371548
13476.56249999587   19.55956921097572
13482.66601562087   9.468023419212027
13488.76953124587   11.64645985589517
13494.87304687087   21.54280469049245
13500.97656249587   18.75782267563749
13507.08007812086   21.34940285047653
13513.18359374586   15.41535784245994
13519.28710937086   22.63731732508934
13525.39062499586   18.58197610397052
13531.49414062086   15.72014905440061
13537.59765624585   18.89762580459129
13543.70117187085   21.22315338513778
13549.80468749585   3.437081983305669
13555.90820312085   23.10576559883048
13562.01171874585   23.80193616359982
13568.11523437085   17.65454277782253
13574.21874999584   18.14010361033518
13580.32226562084   18.27793691522251
13586.42578124584   19.12576158501489
13592.52929687084   18.59838064761392
13598.63281249584   23.42831543308567
13604.73632812083   21.86599609755383
13610.83984374583   21.42265185531816
13616.94335937083   25.02878054978154
13623.04687499583   21.08570935798564
13629.15039062083   8.858969410208868
13635.25390624583   19.27341555089662
13641.35742187082   18.09199749951605
13647.46093749582   17.56166348578153
13653.56445312082   19.63819047037181
13659.66796874582   23.15968408903101
13665.77148437082   16.71462384040333
13671.87499999581   21.78366892039822
13677.97851562081   26.2678505226683
13684.08203124581   21.74225292879439
13690.18554687081   21.25375979223896
13696.28906249581   22.08291752458973
13702.3925781208   19.30650917057948
13708.4960937458   15.47608971359779
13714.5996093708   18.94904704079374
13720.7031249958   21.7504269588959
13726.8066406208   17.19228461443458
13732.91015624579   7.98277429567505
13739.01367187079   18.32500108696929
13745.11718749579   20.70762788460078
13751.22070312079   16.58322674374508
13757.32421874579   19.28629417631742
13763.42773437079   16.83752272159402
13769.53124999578   21.03873679204544
13775.63476562078   21.41898389717482
13781.73828124578   24.27633227836836
13787.84179687078   19.03989746285583
13793.94531249578   21.6985915649674
13800.04882812077   13.06827748810268
13806.15234374577   17.14114526964252
13812.25585937077   17.6573278908211
13818.35937499577   9.127692461897679
13824.46289062077   22.00280352220819
13830.56640624577   21.35559691678565
13836.66992187076   18.45447730606761
13842.77343749576   16.73274190019212
13848.87695312076   17.66458302235489
13854.98046874576   19.26894162617857
13861.08398437076   2.055438190318696
13867.18749999575   15.52797469773543
13873.29101562075   19.58552237757899
13879.39453124575   25.04266621102916
13885.49804687075   12.59618548069464
13891.60156249575   22.13053242168067
13897.70507812075   23.54624054887875
13903.80859374574   19.4261260354488
13909.91210937074   17.51258947426471
13916.01562499574   12.44605144182696
13922.11914062074   22.84903521265016
13928.22265624573   23.89662070887628
13934.32617187073   22.24285521218626
13940.42968749573   20.86425885251495
13946.53320312073   19.79993572129188
13952.63671874573   22.11980897901458
13958.74023437073   23.2679776876161
13964.84374999572   18.85278291943313
13970.94726562072   10.61083398614861
13977.05078124572   17.22167511364915
13983.15429687072   18.03227994288552
13989.25781249572   19.90597330509487
13995.36132812071   23.24046375283856
14001.46484374571   21.44003922413589
14007.56835937071   8.228649577649831
14013.67187499571   23.75768261062366
14019.77539062071   24.7180134414891
14025.87890624571   9.704800961859393
14031.9824218707   12.20508078802272
14038.0859374957   22.05924089432504
14044.1894531207   17.34975716706562
14050.2929687457   15.47380430263233
14056.3964843707   23.85187801937901
14062.49999999569   21.80448705041989
14068.60351562069   17.34366737832832
14074.70703124569   19.07125814651335
14080.81054687069   15.04492373640312
14086.91406249569   12.25891325263077
14093.01757812069   18.49210690728205
14099.12109374568   22.86074902255564
14105.22460937068   21.01399156696532
14111.32812499568   8.940562198191493
14117.43164062068   15.91203887180431
14123.53515624568   16.26866822434278
14129.63867187067   16.44274303508763
14135.74218749567   15.52165102604102
14141.84570312067   17.05206819851571
14147.94921874567   17.77742104643653
14154.05273437067   11.86344793979341
14160.15624999566   19.34747205464376
14166.25976562066   24.03124566096696
14172.36328124566   24.38289570810953
14178.46679687066   24.05799047296959
14184.57031249566   19.96669115855661
14190.67382812065   18.41367817928841
14196.77734374565   21.66268863286053
14202.88085937065   16.10368847564499
14208.98437499565   17.97602619725823
14215.08789062065   15.83519446184113
14221.19140624565   15.20623311133561
14227.29492187064   21.11045485526738
14233.39843749564   18.29646248584348
14239.50195312064   23.58867847817539
14245.60546874564   24.35800346104244
14251.70898437064   20.71649977020405
14257.81249999563   15.48433772771207
14263.91601562063   18.7537683172791
14270.01953124563   20.60506071093565
14276.12304687063   16.80804934738869
14282.22656249563   13.02233115923797
14288.33007812063   14.72308205968406
14294.43359374562   18.75069069943052
14300.53710937062   16.15958100916411
14306.64062499562   24.41859473405258
14312.74414062062   24.43236711174625
14318.84765624562   16.71658921747198
14324.95117187061   15.711161559796
14331.05468749561   18.67760874160243
14337.15820312061   13.79067641891971
14343.26171874561   19.50349756995633
14349.36523437061   14.76800185207441
14355.4687499956   14.79878059565348
14361.5722656206   16.84434014506946
14367.6757812456   18.86663985364921
14373.7792968706   0.4120348786672202
14379.8828124956   21.44397100676464
14385.98632812059   23.29865092349915
14392.08984374559   19.65287133650704
14398.19335937059   11.38607569357655
14404.29687499559   19.11346359709517
14410.40039062059   20.54146069295509
14416.50390624559   16.51020543409416
14422.60742187058   20.53574560487996
14428.71093749558   22.95717825613618
14434.81445312058   21.22655404096406
14440.91796874558   9.999344994745691
14447.02148437058   21.81740040028689
14453.12499999557   23.20500808986721
14459.22851562057   23.20415165496877
14465.33203124557   22.04345251453956
14471.43554687057   22.6460932510203
14477.53906249557   19.89850747575442
14483.64257812057   10.83837812751582
14489.74609374556   16.80044704518559
14495.84960937056   17.94654159224194
14501.95312499556   2.031030446693943
14508.05664062056   15.10120801819313
14514.16015624556   20.78563257737207
14520.26367187055   14.76783947633341
14526.36718749555   18.15705744028943
14532.47070312055   14.96976930437326
14538.57421874555   1.902361488544621
14544.67773437055   10.35300665314551
14550.78124999555   4.983274551571867
14556.88476562054   19.95226034364421
14562.98828124554   19.2389702510314
14569.09179687054   16.74924568254094
14575.19531249554   17.70478696030422
14581.29882812053   12.70194416978756
14587.40234374553   15.69018973639918
14593.50585937053   2.125928832891492
14599.60937499553   15.65980601471696
14605.71289062053   14.87639304155732
14611.81640624553   21.70536038243991
14617.91992187052   21.38575374437725
14624.02343749552   5.704366185629342
14630.12695312052   12.69812806496266
14636.23046874552   18.36565642480792
14642.33398437052   7.053479654262198
14648.43749999551   13.7002362406547
14654.54101562051   18.28256232949012
14660.64453124551   19.77908726730853
14666.74804687051   17.46015887316102
14672.85156249551   16.1420104536606
14678.95507812051   21.07819119634329
14685.0585937455   24.99056967942991
14691.1621093705   20.93600140380689
14697.2656249955   13.28255700083149
14703.3691406205   21.96990586906325
14709.4726562455   19.87192694281076
14715.57617187049   19.79019335177373
14721.67968749549   16.89020285541623
14727.78320312049   6.305061551739803
14733.88671874549   12.51135821126915
14739.99023437049   10.94959182619624
14746.09374999549   -0.2407021355233877
14752.19726562048   6.799758955748805
14758.30078124548   15.93200954677591
14764.40429687048   20.16866660883569
14770.50781249548   16.92631215778644
14776.61132812048   14.59650538180647
14782.71484374547   24.67248670199599
14788.81835937047   27.09713611193416
14794.92187499547   23.25590473117462
14801.02539062047   11.69176493226713
14807.12890624547   1.695694439090384
14813.23242187046   12.65690390572245
14819.33593749546   17.34560202398356
14825.43945312046   9.806019092883986
14831.54296874546   17.24145080445843
14837.64648437046   15.26049456827609
14843.74999999545   14.91741993597443
14849.85351562045   22.87136970734664
14855.95703124545   24.2149832905142
14862.06054687045   15.28169492963992
14868.16406249545   12.97864128660692
14874.26757812045   17.59947918224484
14880.37109374544   21.23290795541845
14886.47460937044   22.14737804672795
14892.57812499544   20.83870866753175
14898.68164062044   20.96803774796966
14904.78515624544   17.91908987883248
14910.88867187043   17.74251672377216
14916.99218749543   20.0437107208526
14923.09570312043   12.96107384266797
14929.19921874543   21.96660342623707
14935.30273437043   22.76474679834606
14941.40624999543   22.74136366442038
14947.50976562042   22.02117121886602
14953.61328124542   18.27180129158828
14959.71679687042   19.89046709222744
14965.82031249542   21.65943555482183
14971.92382812042   21.88364992876279
14978.02734374541   21.16282065277857
14984.13085937041   17.29689093837131
14990.23437499541   13.35932055396501
14996.33789062041   9.410983457117508
15002.44140624541   20.89717410149869
15008.54492187041   23.61336384278767
15014.6484374954   11.99741456586511
15020.7519531204   -8.517075457430195
15026.8554687454   7.859999867305803
15032.9589843704   18.06168221457036
15039.06249999539   20.70769362557707
15045.16601562039   22.53197089246122
15051.26953124539   22.14434086453101
15057.37304687039   19.77940559589182
15063.47656249539   21.7636186743243
15069.58007812039   22.56991052534467
15075.68359374538   23.38149553378475
15081.78710937038   21.31877281536811
15087.89062499538   3.987757654501742
15093.99414062038   15.01024837357136
15100.09765624538   16.31007355850883
15106.20117187037   21.65750200628092
15112.30468749537   22.15992052468074
15118.40820312037   13.94890698844851
15124.51171874537   10.40601596801991
15130.61523437037   14.09459529647986
15136.71874999537   16.7906986347751
15142.82226562036   12.88878887905554
15148.92578124536   20.28198161822875
15155.02929687036   16.34741039742448
15161.13281249536   4.52084650374916
15167.23632812036   18.2589457020352
15173.33984374535   23.17444590415522
15179.44335937035   25.34908666240526
15185.54687499535   23.15179963162894
15191.65039062035   23.32292912634494
15197.75390624535   23.95338071617325
15203.85742187035   24.21210465681253
15209.96093749534   19.26522105645391
15216.06445312034   19.58969158782707
15222.16796874534   19.65687170850585
15228.27148437034   15.03490449735267
15234.37499999534   19.88005810420605
15240.47851562033   17.11552247624435
15246.58203124533   19.0115522996919
15252.68554687033   16.7726445097391
15258.78906249533   15.78166738291932
15264.89257812033   18.88958894988134
15270.99609374532   10.88361311749227
15277.09960937032   16.59495177163417
15283.20312499532   23.04353667937697
15289.30664062032   25.43509818784996
15295.41015624532   24.21405731744543
15301.51367187031   2.62140345386306
15307.61718749531   19.01024168175342
15313.72070312031   19.20469868715149
15319.82421874531   20.64327587852384
15325.92773437031   18.52147031691175
15332.03124999531   19.31170669458781
15338.1347656203   10.40607977177886
15344.2382812453   12.56656071815634
15350.3417968703   8.095817364184811
15356.4453124953   4.377286731130888
15362.5488281203   16.68456851258524
15368.65234374529   10.24861863175518
15374.75585937029   20.36555946949905
15380.85937499529   24.03498115261418
15386.96289062029   23.39276853384962
15393.06640624529   18.9121620377624
15399.16992187029   19.21058773716026
15405.27343749528   8.939049637666832
15411.37695312028   10.79698467053585
15417.48046874528   6.310042884566437
15423.58398437028   14.30447856326606
15429.68749999528   14.80574628344066
15435.79101562027   16.28167510944878
15441.89453124527   16.57164343279262
15447.99804687027   18.06881675137527
15454.10156249527   21.82998335049856
15460.20507812027   14.87941602708035
15466.30859374526   22.64911592327881
15472.41210937026   23.75296852435185
15478.51562499526   13.46038421553323
15484.61914062026   12.8921918894757
15490.72265624526   15.1102302647327
15496.82617187025   14.7196734054488
15502.92968749525   20.19165913939962
15509.03320312025   19.73230274809089
15515.13671874525   17.99733585087368
15521.24023437025   21.47734134238648
15527.34374999525   15.25992331809501
15533.44726562024   9.858144358490073
15539.55078124524   13.0501833401066
15545.65429687024   17.77321968833038
15551.75781249524   18.65426808435656
15557.86132812024   12.68905567775247
15563.96484374523   20.72445698748325
15570.06835937023   20.61838518348766
15576.17187499523   21.5254592237294
15582.27539062023   11.92509291893034
15588.37890624523   14.75058140504217
15594.48242187023   13.29802553189809
15600.58593749522   4.610980791846869
15606.68945312022   15.32819181043879
15612.79296874522   21.95568254119374
15618.89648437022   20.20409816611715
15624.99999999522   14.74278048083971
15631.10351562021   21.27336396689531
15637.20703124521   21.30305313786808
15643.31054687021   18.1270342328213
15649.41406249521   2.849898561028413
15655.51757812021   8.181622367819033
15661.62109374521   16.73760809327816
15667.7246093702   20.35531276061525
15673.8281249952   19.03302704834274
15679.9316406202   18.33610131921665
15686.0351562452   13.049119356136
15692.13867187019   22.98041654642534
15698.24218749519   25.15096603745391
15704.34570312019   25.63211950471102
15710.44921874519   20.95382082114006
15716.55273437019   20.77052073707236
15722.65624999519   18.08354864850196
15728.75976562018   13.47224354099213
15734.86328124518   17.44114585740948
15740.96679687018   15.52295632429043
15747.07031249518   16.311882347755
15753.17382812018   19.64149932635307
15759.27734374517   19.62335868096649
15765.38085937017   12.11757481721917
15771.48437499517   15.89076922084115
15777.58789062017   11.07644423452546
15783.69140624517   12.99795920983692
15789.79492187017   9.538065000297481
15795.89843749516   8.385974614244381
15802.00195312016   6.449113685795496
15808.10546874516   2.294382824133525
15814.20898437016   15.52151749411834
15820.31249999516   22.63137780874953
15826.41601562015   21.56780010519977
15832.51953124515   14.02455810886958
15838.62304687015   22.66300164925903
15844.72656249515   22.88589043286214
15850.83007812015   18.90361036958532
15856.93359374515   21.41537324522569
15863.03710937014   20.59041952376584
15869.14062499514   19.99901903699688
15875.24414062014   22.4517974271246
15881.34765624514   22.62514939455234
15887.45117187014   20.42446253123877
15893.55468749513   19.49752528574254
15899.65820312013   19.79655821113256
15905.76171874513   2.384631586254928
15911.86523437013   13.19745501099758
15917.96874999513   17.95720743999032
15924.07226562012   17.87313143070679
15930.17578124512   16.77218669239877
15936.27929687012   14.94743778046657
15942.38281249512   13.85086398032889
15948.48632812012   16.84084505231166
15954.58984374511   17.63486791321272
15960.69335937011   17.7801391003446
15966.79687499511   18.05963714133467
15972.90039062011   21.1605263314305
15979.00390624511   20.71807532706188
15985.10742187011   12.11607841216589
15991.2109374951   12.47184018300326
15997.3144531201   15.38684037215874
16003.4179687451   8.589551396846984
16009.5214843701   4.119381735685365
16015.6249999951   20.54011570807403
16021.72851562009   18.03996648445515
16027.83203124509   14.79452977997288
16033.93554687009   23.75318354682745
16040.03906249509   22.41936875647042
16046.14257812009   14.23280146772249
16052.24609374509   1.967113834830626
16058.34960937008   11.8113972152803
16064.45312499508   17.70336903143767
16070.55664062008   23.49730042154822
16076.66015624508   24.79326422868021
16082.76367187008   24.75370024915484
16088.86718749507   19.64109587711547
16094.97070312007   19.71372115481909
16101.07421874507   14.89349951022499
16107.17773437007   16.20076979003446
16113.28124999507   20.27932038103455
16119.38476562007   17.73047308929447
16125.48828124506   16.58467550790105
16131.59179687006   9.709877234934526
16137.69531249506   18.94917197876864
16143.79882812006   21.27708648416858
16149.90234374505   15.53255960170531
16156.00585937005   21.86415686862117
16162.10937499505   18.35454501524399
16168.21289062005   11.87016232948955
16174.31640624505   20.08376745789494
16180.41992187005   22.40782096251294
16186.52343749504   18.84871117537166
16192.62695312004   4.303136066914595
16198.73046874504   19.39336334991144
16204.83398437004   22.52823498457821
16210.93749999504   19.09227365304848
16217.04101562003   15.72519381417256
16223.14453124503   23.93872355172447
16229.24804687003   25.71213175737637
16235.35156249503   20.73107115799837
16241.45507812003   11.53987940612461
16247.55859374503   17.67815529964035
16253.66210937002   14.74926322699145
16259.76562499502   11.46030739370673
16265.86914062002   -11.9074360943513
16271.97265624502   17.99921016518639
16278.07617187002   13.94812118835325
16284.17968749501   9.858742001258298
16290.28320312001   11.39677148560185
16296.38671874501   12.3153334308292
16302.49023437001   17.52732338655719
16308.59374999501   19.8362201747091
16314.69726562001   0.439191223118416
16320.800781245   21.14533020016943
16326.90429687   13.18880974194511
16333.007812495   10.76537890464328
16339.11132812   9.689159309879388
16345.214843745   12.45120772750158
16351.31835936999   19.1713788967389
16357.42187499499   23.90469854948266
16363.52539061999   17.83754970455449
16369.62890624499   15.04214633580285
16375.73242186999   1.690701431213743
16381.83593749498   15.31830887567915
16387.93945311998   18.83810037668195
16394.04296874498   1.129803061019052
16400.14648436998   21.08591760508955
16406.24999999498   20.77546870451009
16412.35351561998   -9.773958851040712
16418.45703124497   14.32857401000254
16424.56054686997   15.0977485497589
16430.66406249497   8.890066733223492
16436.76757811997   12.03111664538626
16442.87109374497   19.95073282181675
16448.97460936997   17.4648911103796
16455.07812499496   10.02464106272893
16461.18164061996   13.8437245428487
16467.28515624496   4.735271048352063
16473.38867186995   14.77499755163942
16479.49218749495   18.59336342905864
16485.59570311995   16.35532957379111
16491.69921874495   13.1005825783506
16497.80273436995   19.95537521092449
16503.90624999495   24.1569070970876
16510.00976561994   22.82466330723997
16516.11328124494   19.81385710330019
16522.21679686994   19.60459346286214
16528.32031249494   10.92108310785808
16534.42382811994   17.18564231500511
16540.52734374494   15.69372393699168
16546.63085936993   14.45012145163476
16552.73437499493   11.80057909094527
16558.83789061993   7.057373874242505
16564.94140624493   11.10999209523975
16571.04492186993   12.30128950327289
16577.14843749493   13.80486061785714
16583.25195311992   11.40442066961501
16589.35546874492   4.893251676512636
16595.45898436992   15.95320993133273
16601.56249999492   19.85977407163574
16607.66601561991   20.64426649290715
16613.76953124491   17.80390402941426
16619.87304686991   3.47283024765157
16625.97656249491   4.123296695960007
16632.08007811991   15.02491528285137
16638.18359374491   17.58053710167398
16644.2871093699   21.33033464509414
16650.3906249949   21.40819104552808
16656.4941406199   20.12412575643252
16662.5976562449   20.18273270515874
16668.7011718699   20.96666112121161
16674.8046874949   13.14811381425748
16680.90820311989   22.6901112638926
16687.01171874489   23.2402886762555
16693.11523436989   21.84219648559086
16699.21874999489   20.12493097759961
16705.32226561989   20.98493720178389
16711.42578124488   15.34070196446708
16717.52929686988   0.237527939825244
16723.63281249488   13.90283662454303
16729.73632811988   18.12458125760199
16735.83984374487   11.67143068895518
16741.94335936987   1.418086400645278
16748.04687499487   18.42387547689911
16754.15039061987   23.69488425916451
16760.25390624487   23.91149035526674
16766.35742186987   23.05589776298498
16772.46093749486   21.03515615604365
16778.56445311986   23.50100202597219
16784.66796874486   23.78137194019519
16790.77148436986   11.94590707577397
16796.87499999486   20.23302973605403
16802.97851561986   22.93265595082416
16809.08203124485   23.09031518571854
16815.18554686985   18.3831229818312
16821.28906249485   19.20261400149493
16827.39257811985   20.40931098843275
16833.49609374484   15.09176389945652
16839.59960936984   13.65854329503479
16845.70312499484   18.27506345783879
16851.80664061984   15.37908099590907
16857.91015624484   17.20961417386469
16864.01367186984   14.28840261264689
16870.11718749483   19.53213868023844
16876.22070311983   19.9222658365406
16882.32421874483   16.44964209302917
16888.42773436983   11.37909751726272
16894.53124999483   9.001831700732968
16900.63476561983   -1.270541660723772
16906.73828124482   17.75870006081179
16912.84179686982   18.8256044510414
16918.94531249482   21.78214160008047
16925.04882811982   21.12811721462572
16931.15234374482   9.320504067360478
16937.25585936981   15.29751371964424
16943.35937499481   21.50287358462869
16949.46289061981   19.05136757979281
16955.56640624481   19.74172102858507
16961.6699218698   2.11644246976719
16967.7734374948   16.50331249415586
16973.8769531198   17.82087650530016
16979.9804687448   12.95790437389355
16986.0839843698   19.19151749285916
16992.1874999948   20.32834753236008
16998.29101561979   3.527266659230683
17004.39453124479   17.30453660231659
17010.49804686979   17.71407101419814
17016.60156249479   8.034009376270729
17022.70507811979   17.02325076964949
17028.80859374479   18.73553246171954
17034.91210936978   12.41650305685858
17041.01562499478   17.61294567675635
17047.11914061978   21.35409838634467
17053.22265624478   16.97318432236142
17059.32617186978   20.06814993569207
17065.42968749478   10.87515896219444
17071.53320311977   8.656751303532884
17077.63671874477   13.68915499931091
17083.74023436977   20.51835149607584
17089.84374999477   22.11912758441253
17095.94726561976   21.52034475469464
17102.05078124476   21.61885777195725
17108.15429686976   20.39324091108675
17114.25781249476   22.67523762648495
17120.36132811976   18.84043588485356
17126.46484374476   21.58873479112367
17132.56835936975   21.38597235513224
17138.67187499475   21.34221086688822
17144.77539061975   21.57427753101335
17150.87890624475   15.40144964883483
17156.98242186975   19.05236877385797
17163.08593749474   17.51580114776078
17169.18945311974   18.50165214820014
17175.29296874474   18.25792927349052
17181.39648436974   14.05786755429147
17187.49999999474   9.153213407451453
17193.60351561974   7.292027236435334
17199.70703124473   8.83785462143862
17205.81054686973   13.11178781689337
17211.91406249473   18.37830658770868
17218.01757811973   19.75250282284452
17224.12109374472   11.2901357941064
17230.22460936972   16.59915332802712
17236.32812499472   20.60964907264974
17242.43164061972   23.64699619755498
17248.53515624472   24.16945752358088
17254.63867186972   21.17827984764559
17260.74218749471   9.37196330359243
17266.84570311971   9.478273187841914
17272.94921874471   18.74258033558127
17279.05273436971   17.93260904934325
17285.15624999471   15.64989707884267
17291.25976561971   22.03515355005212
17297.3632812447   24.3128707721968
17303.4667968697   23.11277419778535
17309.5703124947   15.09117725673243
17315.6738281197   19.69928560151486
17321.7773437447   18.90839619503064
17327.8808593697   19.17898149378991
17333.98437499469   20.99755493039401
17340.08789061969   16.55967055486811
17346.19140624469   13.05375378594674
17352.29492186969   14.25893276242223
17358.39843749468   18.49700732804781
17364.50195311968   14.32102627175666
17370.60546874468   12.46012397297714
17376.70898436968   13.02911463864455
17382.81249999468   16.33891798485466
17388.91601561967   13.8618153505542
17395.01953124467   16.62362711824593
17401.12304686967   19.90125132230932
17407.22656249467   23.35843123573605
17413.33007811967   19.48537186334372
17419.43359374467   16.73541751635172
17425.53710936966   19.4528186139078
17431.64062499466   23.48182092337521
17437.74414061966   23.96944953405313
17443.84765624466   19.30344486191973
17449.95117186966   6.310137011367448
17456.05468749466   14.99694150538533
17462.15820311965   15.4214229971997
17468.26171874465   11.83384919807372
17474.36523436965   12.53139746730362
17480.46874999465   12.37013170622207
17486.57226561964   7.68740979575483
17492.67578124464   16.23535183140952
17498.77929686964   21.50760259104784
17504.88281249464   10.91405137483624
17510.98632811964   20.62158364758337
17517.08984374464   16.84923367973363
17523.19335936963   13.9352832049978
17529.29687499463   17.33695861730893
17535.40039061963   24.52714658790374
17541.50390624463   22.85333264386839
17547.60742186963   15.19618564702755
17553.71093749463   9.869207512378274
17559.81445311962   13.03804781231764
17565.91796874462   13.36089264114877
17572.02148436962   16.07074634487893
17578.12499999462   21.47910135274892
17584.22851561962   18.52598822917316
17590.33203124461   15.03556086747919
17596.43554686961   15.60659998325889
17602.53906249461   19.49269064942727
17608.64257811961   11.64223907193804
17614.7460937446   16.99472415433904
17620.8496093696   19.49605085480956
17626.9531249946   17.94495524487752
17633.0566406196   17.92934143990469
17639.1601562446   18.97704572272431
17645.2636718696   18.92207074125368
17651.36718749459   18.47099394382949
17657.47070311959   19.45037426802471
17663.57421874459   11.02572820306371
17669.67773436959   12.01069361247095
17675.78124999459   8.649738124239947
17681.88476561959   15.29896442218344
17687.98828124458   17.43881223661819
17694.09179686958   13.76384711998682
17700.19531249458   11.58875059417547
17706.29882811958   21.06271880996262
17712.40234374458   19.57139311405032
17718.50585936958   15.31029699333106
17724.60937499457   16.81567070700982
17730.71289061957   17.21961306757082
17736.81640624457   15.6850164687629
17742.91992186957   21.3573059993792
17749.02343749456   15.87043846702911
17755.12695311956   10.76631802448232
17761.23046874456   3.221139024319637
17767.33398436956   11.14107151087583
17773.43749999456   15.46330139227885
17779.54101561956   19.62175241724777
17785.64453124455   21.49812361769918
17791.74804686955   18.24203844661914
17797.85156249455   17.01574349676074
17803.95507811955   6.367558175376007
17810.05859374455   20.682900718508
17816.16210936954   13.23511748640708
17822.26562499454   12.09443881972229
17828.36914061954   15.24338868574056
17834.47265624454   20.89202469612563
17840.57617186954   15.26283342857114
17846.67968749454   15.50228749524905
17852.78320311953   15.49620539158686
17858.88671874453   14.94264252228666
17864.99023436953   16.37457206163161
17871.09374999453   17.97788014016724
17877.19726561952   21.62705933769077
17883.30078124452   22.35036643541229
17889.40429686952   16.22171912702825
17895.50781249452   6.570967165881598
17901.61132811952   4.411822524354148
17907.71484374452   13.43055153106213
17913.81835936951   15.26218679541858
17919.92187499451   17.18592674051831
17926.02539061951   19.5995458168869
17932.12890624451   18.4805128383401
17938.23242186951   7.834232105966573
17944.33593749451   16.64457807630574
17950.4394531195   14.27488783270151
17956.5429687445   13.90431319850681
17962.6464843695   16.79982389186661
17968.7499999945   17.75434685907654
17974.8535156195   14.59354254952589
17980.9570312445   14.59215055089069
17987.06054686949   15.54134666839353
17993.16406249449   10.67738499046198
17999.26757811949   -6.028176374942688
18005.37109374449   16.57845902136021
18011.47460936948   24.35807567711674
18017.57812499448   23.81428003567965
18023.68164061948   13.70589311194932
18029.78515624448   16.31872152715788
18035.88867186948   17.49940600362848
18041.99218749447   14.01749048016945
18048.09570311947   19.89870644495832
18054.19921874447   22.09377069057686
18060.30273436947   18.68592646473406
18066.40624999447   7.499570366364788
18072.50976561947   13.1547958213018
18078.61328124446   10.41183624282225
18084.71679686946   15.71417860918006
18090.82031249446   21.96807059372107
18096.92382811946   21.64143534534345
18103.02734374446   17.63236081056307
18109.13085936946   13.19357497205328
18115.23437499445   15.22270085820695
18121.33789061945   18.88188531712565
18127.44140624445   20.88439343154562
18133.54492186945   13.9651504357684
18139.64843749444   12.70568754936597
18145.75195311944   12.42993330706737
18151.85546874444   14.6278514093533
18157.95898436944   19.13836009111459
18164.06249999444   21.50099625129844
18170.16601561944   19.72300574264202
18176.26953124443   13.0468158271214
18182.37304686943   14.67624102022818
18188.47656249443   20.34454528229976
18194.58007811943   18.46209659031507
18200.68359374443   10.1911178417847
18206.78710936943   21.09385533201899
18212.89062499442   20.54393944139405
18218.99414061942   11.75175317646383
18225.09765624442   14.85875450328967
18231.20117186942   20.74716358642887
18237.30468749442   21.55541702713301
18243.40820311941   15.8484662147305
18249.51171874441   2.12023533949777
18255.61523436941   8.674888309114438
18261.71874999441   15.04102187311881
18267.8222656194   19.76323017557902
18273.9257812444   19.91692490608142
18280.0292968694   17.25561077274018
18286.1328124944   15.32106302901809
18292.2363281194   21.58294296739115
18298.3398437444   20.43980503943931
18304.44335936939   15.61158729156678
18310.54687499439   19.64063421282005
18316.65039061939   18.93807670695881
18322.75390624439   10.86267507761757
18328.85742186939   15.84806463536078
18334.96093749439   11.01389227963475
18341.06445311938   -13.86943046932426
18347.16796874438   12.72389136552152
18353.27148436938   9.675233223353043
18359.37499999438   17.496202125998
18365.47851561938   14.32628937888525
18371.58203124438   18.89659061716557
18377.68554686937   9.504064751609771
18383.78906249437   17.45212762361012
18389.89257811937   21.96958339765411
18395.99609374437   20.20774114357939
18402.09960936936   13.27198800996836
18408.20312499436   22.94845157297388
18414.30664061936   24.52566001833357
18420.41015624436   17.71394612511267
18426.51367186936   17.8447315208479
18432.61718749436   20.60800653664118
18438.72070311935   19.31166766391068
18444.82421874435   12.52469016943559
18450.92773436935   20.50925590234277
18457.03124999435   21.47072035827701
18463.13476561935   21.25631419056655
18469.23828124434   22.93049191205189
18475.34179686934   20.59904827591341
18481.44531249434   22.28381523316471
18487.54882811934   23.24468384306324
18493.65234374434   14.95147655514527
18499.75585936934   10.35698817416769
18505.85937499433   10.1431933239179
18511.96289061933   5.115693352489059
18518.06640624433   5.253837431550545
18524.16992186933   20.00958822952502
18530.27343749432   22.09095995430717
18536.37695311932   15.5596104205607
18542.48046874432   23.04055532406075
18548.58398436932   19.40763306655221
18554.68749999432   17.86095305195036
18560.79101561932   21.98755853830871
18566.89453124431   22.92220557924974
18572.99804686931   17.99715603992758
18579.10156249431   13.87016107374008
18585.20507811931   21.28904388599848
18591.30859374431   18.97081392525371
18597.41210936931   17.78978688489861
18603.5156249943   13.4197352765339
18609.6191406193   6.155248334081621
18615.7226562443   16.41651077828221
18621.8261718693   15.15746965514016
18627.9296874943   7.762244036531822
18634.0332031193   17.96899577678782
18640.13671874429   15.8775032620159
18646.24023436929   9.491708386703381
18652.34374999429   19.84295087062486
18658.44726561929   19.43952747997503
18664.55078124428   16.35903422543841
18670.65429686928   18.8576902363729
18676.75781249428   16.56095868886912
18682.86132811928   19.92559221429986
18688.96484374428   23.45313284212007
18695.06835936927   21.48110274698519
18701.17187499427   19.76940405763027
18707.27539061927   22.5840936356988
18713.37890624427   20.63175754986298
18719.48242186927   10.81836553462673
18725.58593749427   11.04281797096965
18731.68945311926   17.46029606677799
18737.79296874426   18.92935473536349
18743.89648436926   12.00605124874752
18749.99999999426   1.720520782933142
18756.10351561926   17.32227598648954
18762.20703124426   21.28231305080398
18768.31054686925   22.29000710848532
18774.41406249425   16.91628550262456
18780.51757811925   11.8577893490329
18786.62109374425   15.26321104470106
18792.72460936924   12.61218891956978
18798.82812499424   19.92955621098954
18804.93164061924   21.69409073492594
18811.03515624424   17.95468802468783
18817.13867186924   17.59049291627173
18823.24218749424   16.82125587127848
18829.34570311923   21.01162699497758
18835.44921874423   19.55688774461198
18841.55273436923   20.92372832523759
18847.65624999423   22.14802566125412
18853.75976561923   17.51772548213253
18859.86328124423   15.28315472649401
18865.96679686922   12.36756625754449
18872.07031249422   7.716454622512325
18878.17382811922   13.70142860392814
18884.27734374422   19.12720857545488
18890.38085936922   18.3177257752961
18896.48437499422   -5.066180612051605
18902.58789061921   18.19128662965405
18908.69140624421   17.5065243045264
18914.79492186921   18.61183495440302
18920.8984374942   20.45811845929758
18927.0019531192   14.21976995422782
18933.1054687442   15.97262776428289
18939.2089843692   21.56172371514793
18945.3124999942   18.90609867572383
18951.4160156192   16.10666749695948
18957.51953124419   20.15647955286611
18963.62304686919   6.225512475140739
18969.72656249419   17.7986321613616
18975.83007811919   18.62749442940336
18981.93359374419   15.19990645106705
18988.03710936919   13.2481010864915
18994.14062499418   10.51638177459721
19000.24414061918   14.85552609805705
19006.34765624418   20.63953224001611
19012.45117186918   19.73605523995547
19018.55468749418   14.69178350596755
19024.65820311918   3.407326801239759
19030.76171874417   19.01777113785133
19036.86523436917   18.08898621023584
19042.96874999417   6.851111076598889
19049.07226561917   16.68878494929457
19055.17578124416   16.18101996405597
19061.27929686916   19.90798299901019
19067.38281249416   17.01655139727788
19073.48632811916   14.30183377939228
19079.58984374416   11.46943496927271
19085.69335936916   11.88357560042902
19091.79687499415   17.99274676453675
19097.90039061915   15.21315617310433
19104.00390624415   8.774671396716414
19110.10742186915   14.02596932312763
19116.21093749415   18.70638269094912
19122.31445311915   21.05484365297025
19128.41796874414   17.60978117210528
19134.52148436914   10.71231635741262
19140.62499999414   16.11691907367968
19146.72851561914   20.2351393066204
19152.83203124414   16.85316585893076
19158.93554686913   12.84030146985281
19165.03906249413   8.868747548456273
19171.14257811913   18.23216641153577
19177.24609374413   17.88021005303366
19183.34960936912   19.75024806168455
19189.45312499412   22.17229421460636
19195.55664061912   22.15746692892905
19201.66015624412   16.57908750007689
19207.76367186912   11.8709896201838
19213.86718749412   15.48685841904725
19219.97070311911   11.46830784671717
19226.07421874411   13.25180400700457
19232.17773436911   14.9132643058167
19238.28124999411   15.08874194971294
19244.38476561911   15.98473494767383
19250.48828124411   19.01032113312487
19256.5917968691   21.12606513149373
19262.6953124941   21.60338637397206
19268.7988281191   20.38151402119851
19274.9023437441   17.56363701504988
19281.0058593691   17.26868804293443
19287.1093749941   12.11512194948785
19293.21289061909   9.75158362666188
19299.31640624409   16.84655175158204
19305.41992186909   22.12003435117716
19311.52343749409   21.01644892809436
19317.62695311908   13.27732472008968
19323.73046874408   8.382672286398162
19329.83398436908   15.329970506604
19335.93749999408   2.073302489192716
19342.04101561908   17.33298299098706
19348.14453124408   13.12734205745986
19354.24804686907   14.46774598622355
19360.35156249407   17.39942096710313
19366.45507811907   20.91184776896683
19372.55859374407   19.68557592871451
19378.66210936907   17.74724310684561
19384.76562499406   16.13878144798847
19390.86914061906   16.5264224268818
19396.97265624406   1.59087862588318
19403.07617186906   16.2012096616164
19409.17968749406   21.07858337600888
19415.28320311906   17.99653793587174
19421.38671874405   14.29169891024285
19427.49023436905   18.21259361388011
19433.59374999405   18.31929607359406
19439.69726561905   16.11285818715816
19445.80078124404   21.43665792681266
19451.90429686904   20.98330979998973
19458.00781249404   15.80385372667337
19464.11132811904   19.32766468784464
19470.21484374404   11.45621735507178
19476.31835936904   9.700045884936646
19482.42187499403   13.72175565600816
19488.52539061903   15.07586233826274
19494.62890624403   16.79012083766114
19500.73242186903   13.27330157475672
19506.83593749403   8.6103441133465
19512.93945311903   15.29490353966462
19519.04296874402   15.20143744943592
19525.14648436902   19.20698218259082
19531.24999999402   10.26499445165022
19537.35351561902   18.91497482109785
19543.45703124402   16.42720176231404
19549.56054686902   13.42086947515824
19555.66406249401   10.21743990788641
19561.76757811901   15.63808470222832
19567.87109374401   15.94932528848543
19573.97460936901   21.25471032440232
19580.078124994   19.32029931941818
19586.181640619   14.28239357932737
19592.285156244   18.55041844481319
19598.388671869   10.89609539099082
19604.492187494   7.137219177126925
19610.59570311899   13.99861302302073
19616.69921874399   19.6333111181641
19622.80273436899   17.08089752841019
19628.90624999399   6.176918102803755
19635.00976561899   11.10457411764532
19641.11328124399   14.47137507818593
19647.21679686898   20.56528587106124
19653.32031249398   20.75924242607421
19659.42382811898   22.08781106760277
19665.52734374398   10.7003136872798
19671.63085936898   14.21573374570406
19677.73437499398   20.88899955710404
19683.83789061897   23.78929824910094
19689.94140624397   22.39238847917766
19696.04492186897   19.07585837121322
19702.14843749397   16.91834557921995
19708.25195311896   19.35735275930656
19714.35546874396   18.83324419353954
19720.45898436896   16.58468073675272
19726.56249999396   11.68877917272497
19732.66601561896   10.84790591031841
19738.76953124396   12.87433818619771
19744.87304686895   18.94438429478581
19750.97656249395   14.40117009159765
19757.08007811895   14.53749431485495
19763.18359374395   16.77758737798766
19769.28710936895   14.11663277137445
19775.39062499395   21.97435475287956
19781.49414061894   19.53717942504188
19787.59765624394   16.7423534850612
19793.70117186894   15.27858697104108
19799.80468749394   8.501494520136308
19805.90820311894   11.76902969934798
19812.01171874393   14.47187398712942
19818.11523436893   5.733296119369196
19824.21874999393   8.105089104047686
19830.32226561893   13.52884114313739
19836.42578124392   18.14546254461743
19842.52929686892   17.2308529263075
19848.63281249392   17.96763730634619
19854.73632811892   15.64311769087195
19860.83984374392   13.7579798954893
19866.94335936892   13.58476374485587
19873.04687499391   14.54527969475657
19879.15039061891   17.86098744941376
19885.25390624391   15.89721167028472
19891.35742186891   20.45580610306653
19897.46093749391   21.0740901405105
19903.56445311891   19.1286726751692
19909.6679687439   15.46877008120473
19915.7714843689   10.26898344115291
19921.8749999939   18.36352004455371
19927.9785156189   17.8820464158323
19934.0820312439   21.72207361873992
19940.1855468689   18.75794964670347
19946.28906249389   8.427789568084201
19952.39257811889   15.00087770702995
19958.49609374389   22.27068074278056
19964.59960936889   21.60837797712247
19970.70312499388   16.86276850600582
19976.80664061888   16.89275133805447
19982.91015624388   20.60460025544714
19989.01367186888   22.76881721820637
19995.11718749388   20.46552629091389
20001.22070311888   15.74873351599963
20007.32421874387   3.509200234483973
20013.42773436887   -15.62388898457907
20019.53124999387   -24.48799865235841
20025.63476561887   -30.7349371127612
20031.73828124387   -35.62166568131411
20037.84179686886   -39.65211505263191
20043.94531249386   -43.08809213902179
20050.04882811886   -46.08543502421902
20056.15234374386   -48.745370360936
20062.25585936886   -51.13772006631183
20068.35937499386   -53.3127875909862
20074.46289061885   -55.30749840000978
20080.56640624385   -57.15090553203989
20086.66992186885   -58.86504210570848
20092.77343749385   -60.46783169997526
20098.87695311884   -61.97315241551253
20104.98046874384   -63.39371382009934
20111.08398436884   -64.73805965378958
20117.18749999384   -66.01494485400775
20123.29101561884   -67.2320097267263
20129.39453124384   -68.39383334507595
20135.49804686883   -69.50630177733542
20141.60156249383   -70.5730878291097
20147.70507811883   -71.6010829030034
20153.80859374383   -72.58523332372948
20159.91210936883   -73.54133818578075
20166.01562499383   -74.46090206034883
20172.11914061882   -75.35052795583394
20178.22265624382   -76.21390047990893
20184.32617186882   -77.04883378907307
20190.42968749382   -77.86266449845242
20196.53320311882   -78.65069132686195
20202.63671874382   -79.41616134532265
20208.74023436881   -80.16455483216673
20214.84374999381   -80.89400471720043
20220.94726561881   -81.60123659201432
20227.05078124381   -82.2938903625047
20233.1542968688   -82.9699919547177
20239.2578124938   -83.63349511926161
20245.3613281188   -84.27613684325401
20251.4648437438   -84.90491907398518
20257.5683593688   -85.5310956556838
20263.67187499379   -86.13377936680914
20269.77539061879   -86.72324726300172
20275.87890624379   -87.31081975856407
20281.98242186879   -87.87936692405714
20288.08593749379   -88.43658426139933
20294.18945311879   -88.98445472024251
20300.29296874378   -89.52551759326678
20306.39648436878   -90.06156722356366
20312.49999999378   -90.56782620593603
20318.60351561878   -91.09124388389745
20324.70703124378   -91.58829301861365
20330.81054686878   -92.08460100773922
20336.91406249377   -92.5646681007246
20343.01757811877   -93.04778792100835
20349.12109374377   -93.52514728442034
20355.22460936877   -93.98094523864735
20361.32812499376   -94.42650678381648
20367.43164061876   -94.89313319515287
20373.53515624376   -95.3338916415573
20379.63867186876   -95.7608193174527
20385.74218749376   -96.19250372325499
20391.84570311876   -96.61697883908528
20397.94921874375   -97.04123226339379
20404.05273436875   -97.4368181120403
20410.15624999375   -97.8617301194943
20416.25976561875   -98.24275320291476
20422.36328124375   -98.64905665607014
20428.46679686875   -99.02982411902899
20434.57031249374   -99.42233836458321
20440.67382811874   -99.81561870814679
20446.77734374374   -100.1533652029366
20452.88085936874   -100.5534307716327
20458.98437499374   -100.8986917258244
20465.08789061874   -101.2618678698192
20471.19140624373   -101.6245513123019
20477.29492186873   -101.9863457721179
20483.39843749373   -102.3036420747322
20489.50195311872   -102.6684017091508
20495.60546874372   -102.9914162141448
20501.70898436872   -103.3204659293652
20507.81249999372   -103.6835169301653
20513.91601561872   -103.9712941052333
20520.01953124372   -104.2948914390713
20526.12304686871   -104.6266275047719
20532.22656249371   -104.989387369813
20538.33007811871   -105.1950841771907
20544.43359374371   -105.5905726690866
20550.53710936871   -105.8768359782757
20556.64062499371   -106.1252131786608
20562.7441406187   -106.4601516609455
20568.8476562437   -106.7664032444763
20574.9511718687   -107.0440792747942
20581.0546874937   -107.3196714513377
20587.1582031187   -107.6185706158105
20593.2617187437   -107.903443670448
20599.36523436869   -108.1180102387909
20605.46874999369   -108.4825979260988
20611.57226561869   -108.6795385623626
20617.67578124369   -109.0188998396756
20623.77929686868   -109.2254819753632
20629.88281249368   -109.5030442481771
20635.98632811868   -109.7702544650187
20642.08984374368   -110.0228422875167
20648.19335936868   -110.2518571708614
20654.29687499368   -110.578490384734
20660.40039061867   -110.7527168681001
20666.50390624367   -111.0532221248133
20672.60742186867   -111.2239338817896
20678.71093749367   -111.5176303653988
20684.81445311867   -111.7554306505933
20690.91796874366   -111.954023655143
20697.02148436866   -112.2596540689649
20703.12499999366   -112.4230230542021
20709.22851561866   -112.6833548436655
20715.33203124366   -112.8883747057979
20721.43554686866   -113.099474485285
20727.53906249365   -113.3554109805984
20733.64257811865   -113.6353327084512
20739.74609374365   -113.6909936626122
20745.84960936865   -114.03926123094
20751.95312499364   -114.2649685775555
20758.05664061864   -114.3066020009155
20764.16015624364   -114.7498261873326
20770.26367186864   -114.7930161398475
20776.36718749364   -115.0564026339962
20782.47070311864   -115.2367627672607
20788.57421874363   -115.3439492242145
20794.67773436863   -115.7591321177112
20800.78124999363   -115.8951308909456
20806.88476561863   -115.9059215306953
20812.98828124363   -116.4211764415087
20819.09179686863   -116.2461025761324
20825.19531249362   -116.6977871168531
20831.29882811862   -116.8862713453814
20837.40234374362   -116.7809544094667
20843.50585936862   -117.3582353927093
20849.60937499362   -117.3666979905571
20855.71289061862   -117.4603093719376
20861.81640624361   -117.804881349561
20867.91992186861   -117.8387459674006
20874.02343749361   -118.0221069796019
20880.12695311861   -118.3415317029539
20886.2304687436   -118.517569313254
20892.3339843686   -118.5753055844556
20898.4374999936   -118.566495648761
20904.5410156186   -119.1660079669001
20910.6445312436   -118.984486152169
20916.74804686859   -119.4502306851395
20922.85156249359   -119.367957979267
20928.95507811859   -119.4151995238973
20935.05859374359   -120.0779387446727
20941.16210936859   -119.6814802384439
20947.26562499359   -120.1809434032956
20953.36914061858   -120.4475579293425
20959.47265624358   -120.1667844294785
20965.57617186858   -120.4976378723598
20971.67968749358   -121.000334876703
20977.78320311858   -120.7247235332127
20983.88671874358   -121.0623055058535
20989.99023436857   -121.2109305434643
20996.09374999357   -121.3565873900128
21002.19726561857   -121.4253882600611
21008.30078124357   -121.7050911710461
21014.40429686856   -121.7298054164475
21020.50781249356   -122.0415795048811
21026.61132811856   -121.8569180601253
21032.71484374356   -122.4430107180029
21038.81835936856   -122.1562440706811
21044.92187499356   -122.6803924947861
21051.02539061855   -122.5392526925577
21057.12890624355   -122.7302898814669
21063.23242186855   -123.0624703809795
21069.33593749355   -123.0801263656157
21075.43945311855   -123.2160285247914
21081.54296874355   -123.2576454682666
21087.64648436854   -123.4331539989564
21093.74999999354   -123.7059518998093
21099.85351561854   -123.6963152220114
21105.95703124354   -123.7884259306872
21112.06054686854   -124.1870752964596
21118.16406249354   -124.0356849678247
21124.26757811853   -124.4248824329227
21130.37109374353   -124.1755881144786
21136.47460936853   -124.7958223823049
21142.57812499352   -124.4665907932291
21148.68164061852   -124.8959021319148
21154.78515624352   -125.0761509844218
21160.88867186852   -124.8186633852434
21166.99218749352   -125.1855149224907
21173.09570311852   -125.377973613295
21179.19921874351   -125.4632056367495
21185.30273436851   -125.4584238511698
21191.40624999351   -125.7867711104981
21197.50976561851   -125.4551916333121
21203.61328124351   -126.3659975156966
21209.71679686851   -125.9524168821037
21215.8203124935   -126.1072273529889
21221.9238281185   -126.0259288323941
21228.0273437435   -126.3721422779171
21234.1308593685   -127.2300625954714
21240.2343749935   -126.1539390786431
21246.3378906185   -126.8852192708097
21252.44140624349   -126.603521623588
21258.54492186849   -127.5093965518585
21264.64843749349   -126.8075824320969
21270.75195311849   -127.250048855737
21276.85546874348   -127.201850376243
21282.95898436848   -127.443051856841
21289.06249999348   -127.7796031502582
21295.16601561848   -127.3966492691229
21301.26953124348   -127.8088718324179
21307.37304686848   -128.054160882037
21313.47656249347   -127.9769912623022
21319.58007811847   -127.7258125212886
21325.68359374347   -128.7909134575019
21331.78710936847   -127.9083676077504
21337.89062499347   -129.0505097645678
21343.99414061847   -127.9038770472985
21350.09765624346   -128.9097030718948
21356.20117186846   -129.0102814797241
21362.30468749346   -128.7008809617913
21368.40820311846   -129.0360071048928
21374.51171874346   -129.0098139382604
21380.61523436845   -129.2143316716315
21386.71874999345   -129.3076058352069
21392.82226561845   -129.5386974057988
21398.92578124345   -129.0384460591005
21405.02929686844   -130.3132263141822
21411.13281249344   -129.66582998882
21417.23632811844   -129.1459011742893
21423.33984374344   -130.8453508530212
21429.44335936844   -129.8565851336239
21435.54687499344   -129.3738576430193
21441.65039061843   -130.9948893802754
21447.75390624343   -130.4823760425133
21453.85742186843   -130.3581376508786
21459.96093749343   -130.2963140341001
21466.06445311843   -130.6563934729757
21472.16796874343   -130.6146282786274
21478.27148436842   -131.1677182896933
21484.37499999342   -130.413185689822
21490.47851561842   -131.9709178241236
21496.58203124342   -130.7558823688269
21502.68554686842   -130.7258673832156
21508.78906249342   -132.2418402691952
21514.89257811841   -130.7805830202944
21520.99609374341   -131.9539030121201
21527.09960936841   -131.5676606119127
21533.20312499341   -131.4143269755068
21539.3066406184   -131.8249991117432
21545.4101562434   -132.5733121356781
21551.5136718684   -131.1164268507518
21557.6171874934   -132.7091016204225
21563.7207031184   -132.1033495314651
21569.8242187434   -132.1701316179279
21575.92773436839   -132.5519273232917
21582.03124999339   -132.8400083749989
21588.13476561839   -132.5040509942185
21594.23828124339   -131.4883684470138
21600.34179686839   -134.2402524338501
21606.44531249338   -131.9417600832746
21612.54882811838   -134.2241020968524
21618.65234374338   -132.1411430756531
21624.75585936838   -133.7567080063457
21630.85937499338   -132.8088452174357
21636.96289061838   -133.9094426787183
21643.06640624337   -133.0265375177453
21649.16992186837   -133.2852703513983
21655.27343749337   -133.813990369878
21661.37695311837   -133.9165137575518
21667.48046874336   -132.9098830790597
21673.58398436836   -135.9701900527065
21679.68749999336   -132.6913198438249
21685.79101561836   -133.7165071332927
21691.89453124336   -134.5993315422888
21697.99804686836   -134.9239736273972
21704.10156249335   -133.4122088871079
21710.20507811835   -134.6717728278474
21716.30859374335   -135.2773562535989
21722.41210936835   -134.0688286765085
21728.51562499335   -134.1902030815416
21734.61914061835   -135.8331738849713
21740.72265624334   -134.3567292578763
21746.82617186834   -135.2042812817119
21752.92968749334   -134.8477849575253
21759.03320311834   -135.3876176683685
21765.13671874334   -135.577724787304
21771.24023436834   -134.7696556422969
21777.34374999333   -135.5173816743765
21783.44726561833   -134.3908893695106
21789.55078124333   -136.9910598820018
21795.65429686833   -135.3671027175587
21801.75781249332   -135.917201634784
21807.86132811832   -135.4187449322344
21813.96484374332   -136.2653524102401
21820.06835936832   -136.2320859210065
21826.17187499332   -136.3709771761507
21832.27539061831   -134.5381895503317
21838.37890624331   -137.7931358479475
21844.48242186831   -136.8001698364627
21850.58593749331   -135.279581333028
21856.68945311831   -137.0130011402453
21862.79296874331   -137.8896650013893
21868.8964843683   -134.5125724819947
21874.9999999933   -138.6007930103374
21881.1035156183   -137.1294248350893
21887.2070312433   -136.5941170170317
21893.3105468683   -136.852472314102
21899.4140624933   -137.0988776767577
21905.51757811829   -137.8279713062505
21911.62109374329   -136.6689355468494
21917.72460936829   -137.2373728441866
21923.82812499329   -137.7862903045558
21929.93164061828   -137.8415092341012
21936.03515624328   -137.7575894678177
21942.13867186828   -137.6546395474281
21948.24218749328   -136.2861746795759
21954.34570311828   -139.6430825242051
21960.44921874328   -137.067880880964
21966.55273436827   -138.3033572806016
21972.65624999327   -138.6427426045307
21978.75976561827   -136.2494234573457
21984.86328124327   -141.84916163849
21990.96679686827   -136.6283240527019
21997.07031249327   -139.1933434570502
22003.17382811826   -137.4219735564947
22009.27734374326   -138.8190745228964
22015.38085936826   -140.2766134992056
22021.48437499326   -138.3079581259724
22027.58789061826   -138.1239644397979
22033.69140624325   -139.5124538125766
22039.79492186825   -138.2468297685759
22045.89843749325   -139.6099629276622
22052.00195311825   -137.8995266707289
22058.10546874324   -140.1995566342171
22064.20898436824   -138.0983916775513
22070.31249999324   -139.8613749509725
22076.41601561824   -138.9491595426877
22082.51953124324   -140.7469150981488
22088.62304686824   -139.5495156688397
22094.72656249323   -139.2381160415119
22100.83007811823   -139.7053491754392
22106.93359374323   -140.2842899116146
22113.03710936823   -139.1666212610353
22119.14062499323   -141.9299996130652
22125.24414061823   -138.5127283920479
22131.34765624322   -140.1327636645843
22137.45117186822   -142.0695278875502
22143.55468749322   -139.0994721038108
22149.65820311822   -140.9714273621234
22155.76171874322   -140.7419208439707
22161.86523436822   -140.2234852781387
22167.96874999321   -140.811332171111
22174.07226561821   -140.6991590461162
22180.17578124321   -141.2883862418383
22186.27929686821   -140.1723623765743
22192.3828124932   -140.6051143879267
22198.4863281182   -142.4769443560741
22204.5898437432   -139.5456865873103
22210.6933593682   -141.712788691029
22216.7968749932   -142.3072152661397
22222.9003906182   -141.0600820729521
22229.00390624319   -140.3340974661307
22235.10742186819   -142.2242301822697
22241.21093749319   -140.7028723354074
22247.31445311819   -142.5238625321734
22253.41796874319   -141.2085251361846
22259.52148436818   -142.444006709045
22265.62499999318   -140.6447931691465
22271.72851561818   -142.9631951926067
22277.83203124318   -142.1615504943937
22283.93554686818   -139.7319349789704
22290.03906249318   -145.0746646722109
22296.14257811817   -140.5723174869302
22302.24609374317   -144.1025941788592
22308.34960936817   -141.7184525433951
22314.45312499317   -140.6991275679114
22320.55664061816   -145.7781873361336
22326.66015624316   -142.8048961760602
22332.76367186816   -141.7006632107613
22338.86718749316   -142.8886689421821
22344.97070311816   -142.7069838451508
22351.07421874316   -144.8351806395688
22357.17773436815   -141.6857848008849
22363.28124999315   -142.2311607617185
22369.38476561815   -145.7809111787326
22375.48828124315   -140.7356572648235
22381.59179686815   -144.1456841317944
22387.69531249315   -143.3951628826708
22393.79882811814   -141.4005510440244
22399.90234374314   -143.4872757201523
22406.00585936814   -144.8073965511799
22412.10937499314   -143.8841963932555
22418.21289061814   -141.7777888950046
22424.31640624314   -147.8913488808807
22430.41992186813   -141.9008075777541
22436.52343749313   -144.0478744681931
22442.62695311813   -143.2829260304308
22448.73046874313   -144.8319898244671
22454.83398436812   -144.1113982351285
22460.93749999312   -142.8559447765006
22467.04101561812   -142.9030949656222
22473.14453124312   -147.3236174520832
22479.24804686812   -140.9496537703582
22485.35156249311   -142.7723973141129
22491.45507811811   -144.0168478500519
22497.55859374311   -142.7131581044705
22503.66210936811   -146.1847340787301
22509.76562499311   -142.8295403843873
22515.86914061811   -146.2935115802536
22521.9726562431   -142.7324814493518
22528.0761718681   -143.4632567273405
22534.1796874931   -144.4258130183768
22540.2832031181   -145.9629093733342
22546.3867187431   -143.5997374409848
22552.4902343681   -145.6147200783025
22558.59374999309   -147.5400828800975
22564.69726561809   -143.1625090788898
22570.80078124309   -145.0247963812567
22576.90429686809   -148.5575805149536
22583.00781249308   -144.3946046338494
22589.11132811808   -144.0282423122663
22595.21484374308   -145.8430789014168
22601.31835936808   -144.2594651068183
22607.42187499308   -147.6210663273164
22613.52539061808   -145.5180414679657
22619.62890624307   -146.3871905695824
22625.73242186807   -143.8335317525569
22631.83593749307   -148.0708697048738
22637.93945311807   -146.7476821639128
22644.04296874307   -146.7050982059881
22650.14648436807   -143.3504997232677
22656.24999999306   -155.9236660318579
22662.35351561806   -141.6261773885504
22668.45703124306   -152.8129006837416
22674.56054686806   -142.7053699624166
22680.66406249306   -152.6946370956532
22686.76757811806   -142.9930389922726
22692.87109374305   -148.9105644952526
22698.97460936805   -144.9917852002363
22705.07812499305   -147.7612046592707
22711.18164061804   -144.0042556655064
22717.28515624304   -152.719365970666
22723.38867186804   -142.5586270613187
22729.49218749304   -151.564562043041
22735.59570311804   -143.2998474829853
22741.69921874304   -148.2497659583197
22747.80273436803   -143.3790240165715
22753.90624999303   -147.9449468631722
22760.00976561803   -148.6003347792438
22766.11328124303   -150.4190284215099
22772.21679686803   -144.1581473909386
22778.32031249303   -150.4593429119837
22784.42382811802   -142.5412584829149
22790.52734374302   -153.9741019557682
22796.63085936802   -147.2197677521061
22802.73437499302   -146.4296460138733
22808.83789061802   -151.3811467257221
22814.94140624302   -146.9754648878164
22821.04492186801   -145.8371840903778
22827.14843749301   -155.0984021195019
22833.25195311801   -143.8721416319773
22839.35546874301   -153.3809227072399
22845.458984368   -145.3834712484054
22851.562499993   -151.3326935423895
22857.666015618   -147.7461900792998
22863.769531243   -148.1226537329017
22869.873046868   -146.2473522373976
22875.976562493   -148.2007277011574
22882.08007811799   -149.2928323850928
22888.18359374299   -146.2336516683418
22894.28710936799   -154.4621645021841
22900.39062499299   -148.0199774861168
22906.49414061799   -147.8243775259018
22912.59765624299   -150.7009574565642
22918.70117186798   -147.723260435909
22924.80468749298   -150.9243981386685
22930.90820311798   -151.2955853121795
22937.01171874298   -145.366105637173
22943.11523436798   -185.4775805319246
22949.21874999297   -144.3427729444035
22955.32226561797   -149.8974785287206
22961.42578124297   -146.4511861913421
22967.52929686797   -153.4285569632169
22973.63281249296   -149.8524951514837
22979.73632811796   -146.2227370257867
22985.83984374296   -148.10302803805
22991.94335936796   -147.0391773178895
22998.04687499296   -151.1708035359167
23004.15039061796   -149.2416817808614
23010.25390624295   -156.4955272304948
23016.35742186795   -145.1953599188759
23022.46093749295   -155.499717128018
23028.56445311795   -147.9481072741061
23034.66796874295   -154.3322106317795
23040.77148436795   -144.3792273847984
23046.87499999294   -148.6044949369938
23052.97851561794   -154.2328780174248
23059.08203124294   -153.8690736664434
23065.18554686794   -147.1299790143387
23071.28906249294   -150.003940326126
23077.39257811794   -146.2804613088686
23083.49609374293   -147.7246054613714
23089.59960936793   -153.6636526193139
23095.70312499293   -140.9580984271176
23101.80664061793   -151.3385631966395
23107.91015624292   -146.2311790109008
23114.01367186792   -147.1225627040895
23120.11718749292   -158.5193426901981
23126.22070311792   -146.4464268620572
23132.32421874292   -150.544285796576
23138.42773436791   -154.4356044108281
23144.53124999291   -150.3515110454113
23150.63476561791   -145.4739405489243
23156.73828124291   -155.3190154495704
23162.84179686791   -144.7667600412705
23168.94531249291   -154.9113397335433
23175.0488281179   -144.8946160781522
23181.1523437429   -153.1328887857853
23187.2558593679   -149.5430175783422
23193.3593749929   -158.1358920520205
23199.4628906179   -153.1055981607675
23205.5664062429   -144.0413959870669
23211.66992186789   -148.5936561597413
23217.77343749289   -149.0952775043408
23223.87695311789   -149.4761961999278
23229.98046874289   -149.9330522106721
23236.08398436788   -150.3066476201249
23242.18749999288   -153.5057362213994
23248.29101561788   -150.489929137289
23254.39453124288   -148.9564858978043
23260.49804686788   -155.5681904478664
23266.60156249288   -151.8113417824272
23272.70507811787   -149.2834544688148
23278.80859374287   -147.1842003655541
23284.91210936787   -157.1655395532137
23291.01562499287   -144.6239026881991
23297.11914061787   -151.3494216120732
23303.22265624287   -147.8458901812533
23309.32617186786   -160.4865952113328
23315.42968749286   -148.2255270754938
23321.53320311786   -161.7449843909032
23327.63671874286   -148.8997954803968
23333.74023436786   -154.6823218989331
23339.84374999286   -152.4414727485423
23345.94726561785   -153.0058995149676
23352.05078124285   -155.4827995930447
23358.15429686785   -150.5100069585338
23364.25781249284   -155.6024274615044
23370.36132811784   -155.5415551498244
23376.46484374284   -146.102367458314
23382.56835936784   -155.5977696132929
23388.67187499284   -148.2887003815091
23394.77539061784   -157.8689959482395
23400.87890624283   -150.2881157772952
23406.98242186783   -149.3910958365662
23413.08593749283   -156.8252648697477
23419.18945311783   -147.0684309173106
23425.29296874283   -153.298719013564
23431.39648436783   -150.9618139969626
23437.49999999282   -156.3001648230683
23443.60351561782   -149.9188032359937
23449.70703124282   -150.2429703022762
23455.81054686782   -148.7600187556394
23461.91406249281   -146.2734078970211
23468.01757811781   -154.6498700769005
23474.12109374281   -148.7335876873447
23480.22460936781   -159.2740472037989
23486.32812499281   -155.7701272972614
23492.43164061781   -152.3406608358869
23498.5351562428   -152.6049213876825
23504.6386718678   -143.7653485617356
23510.7421874928   -157.7988086210643
23516.8457031178   -150.5431392647606
23522.9492187428   -153.2110069224427
23529.0527343678   -152.8852204924151
23535.15624999279   -148.8661117937862
23541.25976561779   -146.408096090452
23547.36328124279   -164.918178755962
23553.46679686779   -153.6631270781441
23559.57031249279   -150.9206526776536
23565.67382811779   -149.1841654758917
23571.77734374278   -157.5934777133427
23577.88085936778   -154.2137798254893
23583.98437499278   -152.9194615198231
23590.08789061777   -153.1639116701305
23596.19140624277   -145.5893416778253
23602.29492186777   -148.1087333036303
23608.39843749277   -152.4423918481364
23614.50195311777   -153.345460831201
23620.60546874277   -149.8099349291776
23626.70898436776   -161.9287579920747
23632.81249999276   -151.9623721080138
23638.91601561776   -157.9434157221219
23645.01953124276   -159.42781787018
23651.12304686776   -147.4687936958748
23657.22656249276   -161.6368769548863
23663.33007811775   -148.7415458310425
23669.43359374275   -159.1444747730873
23675.53710936775   -150.1036786100339
23681.64062499275   -147.5907288034778
23687.74414061775   -147.3647817624088
23693.84765624275   -142.4753035899877
23699.95117186774   -151.9755761328074
23706.05468749274   -151.6555148249826
23712.15820311774   -154.2450094011598
23718.26171874274   -151.6819075974456
23724.36523436773   -157.0692281335949
23730.46874999273   -153.1535604025336
23736.57226561773   -151.525108688655
23742.67578124273   -148.7604343583538
23748.77929686773   -153.2785544316495
23754.88281249273   -156.3919406470016
23760.98632811772   -148.7232269882832
23767.08984374272   -152.62600121158
23773.19335936772   -157.7993750267272
23779.29687499272   -150.7216856842662
23785.40039061772   -147.8470271193226
23791.50390624272   -152.6253947753699
23797.60742186771   -153.4555595841252
23803.71093749271   -159.2598764643079
23809.81445311771   -153.7117970709246
23815.91796874271   -148.3508251837974
23822.02148436771   -154.8410564001637
23828.1249999927   -155.1519730202266
23834.2285156177   -156.2130407499772
23840.3320312427   -151.0600088451023
23846.4355468677   -156.1380456091426
23852.53906249269   -153.4818329416475
23858.64257811769   -161.550129641359
23864.74609374269   -150.2549867972043
23870.84960936769   -151.0956905797719
23876.95312499269   -165.2087549409694
23883.05664061769   -149.4488531599711
23889.16015624268   -168.8292106012147
23895.26367186768   -155.7999943220354
23901.36718749268   -156.058586601204
23907.47070311768   -155.7279971460173
23913.57421874268   -155.9117580414194
23919.67773436768   -150.3247085450563
23925.78124999267   -148.7865947550274
23931.88476561767   -146.1462632854631
23937.98828124267   -148.5943697599093
23944.09179686767   -158.0078790206328
23950.19531249267   -155.6953287439781
23956.29882811767   -155.8403830392611
23962.40234374266   -153.2020029498043
23968.50585936766   -151.9627048799535
23974.60937499266   -155.0812250766371
23980.71289061766   -145.9662550182009
23986.81640624265   -149.1523585558609
23992.91992186765   -148.2023953071069
23999.02343749265   -156.8084610572729
24005.12695311765   -155.202301377571
24011.23046874265   -154.4898778761925
24017.33398436765   -148.6523662474648
24023.43749999264   -148.4171735397749
24029.54101561764   -151.276068792175
24035.64453124264   -158.238852351473
24041.74804686764   -164.8928686214748
24047.85156249264   -159.0466736829569
24053.95507811763   -149.932812916024
24060.05859374263   -157.2695730504349
24066.16210936763   -149.7398434522758
24072.26562499263   -173.4872755669221
24078.36914061763   -148.0192877036923
24084.47265624263   -149.7028680290748
24090.57617186762   -149.8703300623011
24096.67968749262   -163.843932642457
24102.78320311762   -154.0020505154126
24108.88671874262   -152.8856086927431
24114.99023436761   -159.559753600292
24121.09374999261   -150.1949465943668
24127.19726561761   -155.4266575942569
24133.30078124261   -149.9861369121921
24139.40429686761   -163.7021360404023
24145.50781249261   -154.4175751449814
24151.6113281176   -157.7709683542349
24157.7148437426   -153.1333612729583
24163.8183593676   -155.2460215290219
24169.9218749926   -153.8927059324662
24176.0253906176   -154.2893883343374
24182.1289062426   -157.3266711633707
24188.23242186759   -143.9226786251123
24194.33593749259   -148.2213485397475
24200.43945311759   -147.7148017520005
24206.54296874259   -155.8522466516058
24212.64648436759   -157.6248925532973
24218.74999999259   -150.6412543123254
24224.85351561758   -160.4260251050962
24230.95703124258   -156.5747257376717
24237.06054686758   -149.5477286800308
24243.16406249258   -150.0205247879245
24249.26757811757   -156.4370876171862
24255.37109374257   -154.3911165538104
24261.47460936757   -148.3663181502905
24267.57812499257   -158.0177800807707
24273.68164061757   -151.6118095294015
24279.78515624256   -153.1984625349653
24285.88867186756   -156.6905714804813
24291.99218749256   -148.8226970221104
24298.09570311756   -153.6949761214077
24304.19921874256   -152.4631511072427
24310.30273436756   -155.3352342369832
24316.40624999255   -152.0851674153993
24322.50976561755   -156.5791966705682
24328.61328124255   -158.5686548609738
24334.71679686755   -154.5003950543467
24340.82031249255   -155.1334763553115
24346.92382811755   -165.4328516227923
24353.02734374254   -155.6607223721302
24359.13085936754   -151.2570383254124
24365.23437499254   -152.528768749953
24371.33789061754   -165.4465776676779
24377.44140624253   -157.7597813489259
24383.54492186753   -151.7771898603169
24389.64843749253   -159.3348218223349
24395.75195311753   -150.1084556254106
24401.85546874253   -152.1490878375088
24407.95898436753   -151.0360178765807
24414.06249999252   -153.5182349572873
24420.16601561752   -160.3901436934049
24426.26953124252   -167.1190408090098
24432.37304686752   -148.1892363368507
24438.47656249252   -163.9447843617299
24444.58007811752   -159.3490645799669
24450.68359374251   -149.1993261441234
24456.78710936751   -170.4810355526098
24462.89062499251   -157.6399628779357
24468.99414061751   -149.521281706719
24475.09765624251   -158.2912957667964
24481.2011718675   -150.3895303685301
24487.3046874925   -146.371420597901
24493.4082031175   -154.2337725115984
24499.5117187425   -154.8441044131294
24505.61523436749   -149.693508235275
24511.71874999249   -156.2940495047258
24517.82226561749   -153.2945060830668
24523.92578124249   -153.3543335898885
24530.02929686749   -157.9652521499406
24536.13281249249   -158.7573935289347
24542.23632811748   -148.2760724819873
24548.33984374248   -168.6945942895026
24554.44335936748   -152.7661070165313
24560.54687499248   -152.4776750067958
24566.65039061748   -159.1344753997358
24572.75390624248   -149.8546930463466
24578.85742186747   -171.6038665930278
24584.96093749247   -151.4846293686087
24591.06445311747   -166.550403199693
24597.16796874247   -147.2427849591859
24603.27148436747   -147.5099698153163
24609.37499999247   -143.7349417972057
24615.47851561746   -149.8019244917956
24621.58203124246   -148.0513936738529
24627.68554686746   -149.1552036456531
24633.78906249246   -146.0486962080243
24639.89257811745   -156.4439620797459
24645.99609374245   -157.1073570791411
24652.09960936745   -153.7122125184448
24658.20312499245   -177.4025994296824
24664.30664061745   -153.0296207478562
24670.41015624245   -152.2151195794987
24676.51367186744   -154.0792422419239
24682.61718749244   -155.4887324113655
24688.72070311744   -147.3491967303792
24694.82421874244   -154.0951049281531
24700.92773436744   -148.67424576423
24707.03124999243   -158.9667960299792
24713.13476561743   -151.982603052401
24719.23828124243   -151.5202148035062
24725.34179686743   -148.9362369893198
24731.44531249243   -151.1089378851028
24737.54882811743   -146.4897023209985
24743.65234374242   -148.4245699814659
24749.75585936742   -146.078546211675
24755.85937499242   -151.9756630311528
24761.96289061742   -148.3439166405418
24768.06640624241   -160.3025670201345
24774.16992186741   -155.7437432063828
24780.27343749241   -162.282682622426
24786.37695311741   -157.3038710647703
24792.48046874241   -155.2921567517264
24798.58398436741   -152.626358547162
24804.6874999924   -165.7602568477075
24810.7910156174   -157.3929389832365
24816.8945312424   -161.9368400288221
24822.9980468674   -148.9781385669918
24829.1015624924   -154.5698591381418
24835.2050781174   -158.6487456346405
24841.30859374239   -153.1259501554632
24847.41210936739   -153.1991663230686
24853.51562499239   -165.332123968321
24859.61914061739   -158.9882700789337
24865.72265624239   -158.393714316645
24871.82617186739   -148.7980526195097
24877.92968749238   -169.0067607187586
24884.03320311738   -153.8118174248558
24890.13671874238   -158.2128698429685
24896.24023436738   -147.2063801015596
24902.34374999237   -152.2739157629
24908.44726561737   -161.8482125671989
24914.55078124237   -150.7894098423205
24920.65429686737   -155.8304049539433
24926.75781249237   -155.3000081757112
24932.86132811736   -180.7833332545529
24938.96484374236   -151.3016822980069
24945.06835936736   -162.609311303282
24951.17187499236   -150.3643499822884
24957.27539061736   -153.5891978653943
24963.37890624236   -150.222486254688
24969.48242186735   -164.9035743156217
24975.58593749235   -154.9577364787591
24981.68945311735   -153.1632803464038
24987.79296874235   -152.8195965747534
24993.89648436735   -152.8036756226184
24999.99999999235   -149.8131544444457
