0   43.14713696117742
6.103515624998131   39.91630905313849
12.20703124999626   8.732256465468801
18.31054687499439   12.43982605489172
24.41406249999253   16.67575292427469
30.51757812499066   22.63976279258429
36.62109374998879   27.43707360183971
42.72460937498692   37.32996733639685
48.82812499998505   50.0936813920632
54.93164062498318   74.60476635756014
61.03515624998131   78.48894643813622
67.13867187497944   70.0977173509086
73.24218749997758   46.17296077016499
79.3457031249757   26.3346155133913
85.44921874997384   32.0737201119078
91.55273437497196   24.97626294144263
97.6562499999701   31.33060097286327
103.7597656249682   29.89682376435183
109.8632812499664   45.98596799174232
115.9667968749645   62.73370933461156
122.0703124999626   64.53212560215441
128.1738281249607   53.39251804586063
134.2773437499589   32.47499436132466
140.380859374957   35.10506471237437
146.4843749999552   28.89754367050744
152.5878906249533   28.74169019531798
158.6914062499514   31.13822773449669
164.7949218749496   31.82389271552274
170.8984374999477   38.29485753999579
177.0019531249458   47.32235213278435
183.1054687499439   46.75192633318014
189.2089843749421   34.21951242960454
195.3124999999402   32.0635602890268
201.4160156249383   32.5179557921283
207.5195312499364   30.610361215047
213.6230468749346   33.67238363747914
219.7265624999327   36.44463215821497
225.8300781249308   33.12505526336957
231.933593749929   32.58189913112566
238.0371093749271   37.37619486234416
244.1406249999253   37.62410654333549
250.2441406249234   36.6526040838001
256.3476562499215   32.09305425162334
262.4511718749196   32.64028062145582
268.5546874999177   37.51560031029805
274.6582031249159   36.15654145404318
280.7617187499141   33.21923995901579
286.8652343749122   31.87071720388931
292.9687499999103   27.82525380059749
299.0722656249084   38.73520220894657
305.1757812499065   37.06741891848014
311.2792968749047   29.27364786884781
317.3828124999028   23.65665063167693
323.4863281249009   28.28265172160229
329.5898437498991   29.31516369434132
335.6933593748972   36.65589745504501
341.7968749998954   32.03506408078026
347.9003906248935   26.94881496753831
354.0039062498916   27.16341238913614
360.1074218748897   20.351672027667
366.2109374998878   26.46119808667333
372.314453124886   32.66522471981551
378.4179687498842   35.18695608304717
384.5214843748823   36.17318261794117
390.6249999998804   38.72108187603133
396.7285156248785   38.29627808380416
402.8320312498766   36.10817001865069
408.9355468748748   37.86209130468569
415.0390624998729   34.60455935119926
421.142578124871   37.55960629244254
427.2460937498692   20.76916434521418
433.3496093748673   36.65946680136935
439.4531249998655   36.14921086523042
445.5566406248636   40.16098632742845
451.6601562498617   44.24292059381437
457.7636718748598   51.85713645703869
463.8671874998579   60.30622866221005
469.9707031248561   75.44477541828391
476.0742187498543   92.84521223761402
482.1777343748524   94.51303733245489
488.2812499998505   83.25082120919112
494.3847656248486   63.75015498635295
500.4882812498468   53.59864337580566
506.5917968748449   45.57232949386309
512.695312499843   40.39151680573401
518.7988281248412   39.06268033348485
524.9023437498392   33.88959529652422
531.0058593748374   22.52106215312083
537.1093749998355   27.04076028642688
543.2128906248337   30.71231890413266
549.3164062498317   29.75335774745692
555.4199218748299   33.77502924233502
561.5234374998281   31.9984260755875
567.6269531248262   26.58204069212759
573.7304687498244   31.70602479243081
579.8339843748224   35.9648116423652
585.9374999998206   32.97771054134975
592.0410156248187   20.35614076606851
598.1445312498169   27.49745290728237
604.248046874815   29.00573796464662
610.3515624998131   30.25890120536133
616.4550781248113   28.34462384100489
622.5585937498093   24.14774818822781
628.6621093748075   23.24833149485801
634.7656249998056   24.1319135697576
640.8691406248038   30.24139054904927
646.9726562498018   31.55314410492492
653.0761718748   26.41045535689019
659.1796874997982   28.21559415758055
665.2832031247963   27.51539819490811
671.3867187497945   5.538672248204578
677.4902343747925   19.93209968294589
683.5937499997907   24.32893871866887
689.6972656247888   25.93801986157395
695.800781249787   32.48113326225808
701.9042968747851   29.79078639251789
708.0078124997832   25.08521727348669
714.1113281247814   27.34439598164345
720.2148437497794   30.20134280362665
726.3183593747776   25.09831484604934
732.4218749997757   17.52906708839952
738.5253906247739   26.16996502428146
744.6289062497719   28.83439275451112
750.7324218747701   17.70957574795544
756.8359374997683   27.28823994333234
762.9394531247664   22.45030450790022
769.0429687497646   30.73773501856639
775.1464843747626   32.80575913882004
781.2499999997608   27.7117789492349
787.3535156247589   19.13232653601069
793.4570312497571   26.88398274256594
799.5605468747551   32.40258341918774
805.6640624997533   33.02944267166744
811.7675781247515   31.47181887171664
817.8710937497495   27.26436353730322
823.9746093747477   14.41082663822541
830.0781249997458   30.20186943184904
836.181640624744   30.87114230949837
842.285156249742   29.00730484594895
848.3886718747402   31.0463027467236
854.4921874997384   32.55029961699928
860.5957031247365   26.44633755254585
866.6992187497347   19.80089068912768
872.8027343747327   22.05249751022689
878.9062499997309   27.7133424157343
885.009765624729   29.29550362106681
891.1132812497272   18.80138496523536
897.2167968747252   19.90812459548324
903.3203124997234   20.46454159064944
909.4238281247216   23.69779708508314
915.5273437497196   26.29948498271515
921.6308593747178   27.48249307723232
927.7343749997159   27.14586798342801
933.8378906247141   21.41337718229381
939.9414062497121   20.85033140421223
946.0449218747103   26.95318226807874
952.1484374997085   30.20513970218096
958.2519531247066   33.68370556591029
964.3554687497048   31.55887784386449
970.4589843747028   27.3369940675414
976.562499999701   23.51264488595304
982.6660156246991   21.19945567034227
988.7695312496973   28.86687021698798
994.8730468746953   22.4580222936934
1000.976562499694   21.0865381488151
1007.080078124692   23.8948250541382
1013.18359374969   16.28977616480383
1019.287109374688   24.35828229710328
1025.390624999686   25.67500268456471
1031.494140624684   23.77190384705592
1037.597656249682   13.74053645321956
1043.70117187468   15.18270853614766
1049.804687499678   12.66261067025723
1055.908203124677   20.99077641144929
1062.011718749675   23.72265757472147
1068.115234374673   25.73782617048758
1074.218749999671   11.71803521070517
1080.322265624669   21.75060462507582
1086.425781249667   29.8753092780922
1092.529296874666   32.8499791043086
1098.632812499663   28.85694430299152
1104.736328124662   18.62647749062592
1110.83984374966   18.10121918888392
1116.943359374658   21.9059255343168
1123.046874999656   4.807473927277136
1129.150390624654   20.05449947591077
1135.253906249652   21.11311184135003
1141.357421874651   28.53419810083544
1147.460937499649   28.16298603116411
1153.564453124647   20.86574606906023
1159.667968749645   18.10115857131127
1165.771484374643   -7.326064540452615
1171.874999999641   19.75095398865734
1177.978515624639   14.57989755640759
1184.082031249637   25.99258542138303
1190.185546874636   28.5994101086759
1196.289062499634   21.19587114359514
1202.392578124632   16.39172113302291
1208.49609374963   23.31963405327784
1214.599609374628   23.95473724197575
1220.703124999626   10.14445310778119
1226.806640624624   25.63821333521598
1232.910156249623   12.97778126663955
1239.013671874621   16.62295978178194
1245.117187499619   20.12946293753779
1251.220703124617   26.86650411541976
1257.324218749615   25.46483704816002
1263.427734374613   26.54991903298644
1269.531249999611   30.53653430227929
1275.634765624609   30.17038644627947
1281.738281249608   20.44771179916957
1287.841796874606   21.70555754863493
1293.945312499604   24.5008632916597
1300.048828124602   12.65562542086193
1306.1523437496   29.33725009194794
1312.255859374598   30.25725634466123
1318.359374999596   25.73303539131083
1324.462890624594   26.64386398286267
1330.566406249593   21.52604484919987
1336.669921874591   11.86429750869184
1342.773437499589   15.92112877239207
1348.876953124587   5.64426576564001
1354.980468749585   24.42743622714648
1361.083984374583   23.117259272814
1367.187499999581   24.70989993241611
1373.29101562458   26.52123147629698
1379.394531249578   26.40545480568788
1385.498046874576   21.55977485593558
1391.601562499574   13.93498678151055
1397.705078124572   25.96515267612909
1403.80859374957   27.89859050233022
1409.912109374568   26.89239464404086
1416.015624999566   23.01482646381752
1422.119140624565   25.09186120928711
1428.222656249563   25.83865765489531
1434.326171874561   25.54501105869733
1440.429687499559   16.58390123431555
1446.533203124557   17.42386224064822
1452.636718749555   10.94973962332602
1458.740234374553   17.10882426044197
1464.843749999551   23.01409957477428
1470.94726562455   28.06253226301067
1477.050781249548   27.79296934661744
1483.154296874546   26.32213172503845
1489.257812499544   24.65692539286506
1495.361328124542   27.20520595681633
1501.46484374954   27.42226049800181
1507.568359374538   28.82340649685894
1513.671874999537   28.00007171101719
1519.775390624535   18.9933301107903
1525.878906249533   18.79834992171738
1531.982421874531   27.15919560652804
1538.085937499529   27.81645080064295
1544.189453124527   26.03309910570291
1550.292968749525   23.68553020907484
1556.396484374523   18.04683013443679
1562.499999999522   24.67327194977429
1568.60351562452   22.81689144572236
1574.707031249518   28.53261536181619
1580.810546874516   28.35077048836689
1586.914062499514   23.94730045890288
1593.017578124512   15.25122150552131
1599.12109374951   16.08172249193466
1605.224609374508   16.44728090847626
1611.328124999507   25.14285950673633
1617.431640624505   11.15247845802275
1623.535156249503   17.88697667045211
1629.638671874501   11.45340013365975
1635.742187499499   16.28819401012677
1641.845703124497   20.61548942157872
1647.949218749495   22.61231757108481
1654.052734374494   24.90475175161467
1660.156249999492   18.6132072207472
1666.25976562449   18.33492059451649
1672.363281249488   28.31051340033711
1678.466796874486   28.28880994806854
1684.570312499484   24.02201705120891
1690.673828124482   25.00904308260349
1696.77734374948   24.8346444749454
1702.880859374479   26.74622660092448
1708.984374999477   22.62307900425095
1715.087890624475   19.53987528199965
1721.191406249473   23.76825615506426
1727.294921874471   20.48708864628857
1733.398437499469   12.81909449177067
1739.501953124467   3.914734401258837
1745.605468749465   18.65835121568805
1751.708984374464   23.37542934191311
1757.812499999462   23.79646578676819
1763.91601562446   20.04840141701415
1770.019531249458   17.03335741212981
1776.123046874456   22.92896875795514
1782.226562499454   17.6290766980795
1788.330078124452   12.87449879753263
1794.43359374945   19.57642878320722
1800.537109374449   22.40724208029028
1806.640624999447   22.53533411911859
1812.744140624445   22.93106047582021
1818.847656249443   20.67585055075763
1824.951171874441   21.6592308200474
1831.054687499439   24.13394171411707
1837.158203124437   27.14293189721941
1843.261718749436   27.42036947790134
1849.365234374434   20.25056468859252
1855.468749999432   19.5049860879718
1861.57226562443   22.92781267176607
1867.675781249428   23.56445532136822
1873.779296874426   26.33759213573606
1879.882812499424   27.24550733594882
1885.986328124422   15.25732653622035
1892.089843749421   22.0628002004439
1898.193359374419   13.64833157197391
1904.296874999417   20.72077338318728
1910.400390624415   23.21065219712031
1916.503906249413   17.32068450733758
1922.607421874411   22.68518760840023
1928.71093749941   14.42301137899853
1934.814453124407   24.73428255114872
1940.917968749406   27.63171806621763
1947.021484374404   27.40641116171622
1953.124999999402   19.93522768399226
1959.2285156244   19.50724212859009
1965.332031249398   21.98031148875532
1971.435546874396   21.70349305903439
1977.539062499395   25.20088808742075
1983.642578124393   24.80318869313517
1989.746093749391   26.52409944513177
1995.849609374389   24.82335358933925
2001.953124999387   13.60897371408039
2008.056640624385   11.46525036264867
2014.160156249383   21.94095021167132
2020.263671874381   22.7975652927442
2026.367187499379   23.43425539189656
2032.470703124378   24.21242585030314
2038.574218749376   26.25391930551329
2044.677734374374   26.5257474131323
2050.781249999372   4.208587946093002
2056.88476562437   20.55650502568639
2062.988281249368   23.42170995752179
2069.091796874367   23.57396012948693
2075.195312499365   24.85249838965543
2081.298828124363   22.49311938783766
2087.402343749361   11.05287002950497
2093.505859374359   21.98009870516997
2099.609374999357   25.6692394716695
2105.712890624355   20.30140305664075
2111.816406249353   21.00977088020785
2117.919921874352   16.58362750441504
2124.02343749935   17.14313417515832
2130.126953124348   23.15752003943355
2136.230468749346   24.34087451460668
2142.333984374344   23.68693930989165
2148.437499999342   23.85121190405143
2154.54101562434   25.36683562051177
2160.644531249338   19.01721635772068
2166.748046874337   20.4522199818728
2172.851562499335   28.30911700570294
2178.955078124333   26.32404283708671
2185.058593749331   22.74279805893908
2191.162109374329   7.464873791692433
2197.265624999327   15.49873557346745
2203.369140624325   12.5966002444773
2209.472656249323   21.1443621042544
2215.576171874322   22.39817041071385
2221.67968749932   9.586227404662385
2227.783203124318   5.697059104309928
2233.886718749316   19.71017762961851
2239.990234374314   26.19300141976412
2246.093749999312   28.80869932466211
2252.197265624311   26.63245536850093
2258.300781249308   24.28083504576907
2264.404296874307   24.44179384140508
2270.507812499305   26.90636626047118
2276.611328124303   21.59880168395863
2282.714843749301   14.08154058496313
2288.818359374299   15.75009401840761
2294.921874999297   28.24684667747883
2301.025390624296   27.59775682512987
2307.128906249294   26.69190535555446
2313.232421874292   24.38267075272868
2319.33593749929   -1.184245751841881
2325.439453124288   12.51789608249145
2331.542968749286   13.44402614916327
2337.646484374284   22.58356164439281
2343.749999999282   21.42333104404599
2349.853515624281   17.55415195461682
2355.957031249279   21.56427314639601
2362.060546874277   25.42686096245241
2368.164062499275   22.85363028501789
2374.267578124273   20.73737554690696
2380.371093749271   11.20354789007489
2386.474609374269   5.655330361114695
2392.578124999267   10.37531116740748
2398.681640624266   25.53268607062224
2404.785156249264   28.13687781026011
2410.888671874262   23.72691965568816
2416.99218749926   14.84273963000031
2423.095703124258   7.805899171685273
2429.199218749256   19.57765444256408
2435.302734374254   21.4977572401013
2441.406249999252   16.53654184412901
2447.509765624251   19.66329472453225
2453.613281249249   22.61745083643868
2459.716796874247   23.3427229872061
2465.820312499245   18.43688856211851
2471.923828124243   22.85252715916338
2478.027343749241   23.1739339127167
2484.130859374239   16.11125833960422
2490.234374999237   22.78153834698259
2496.337890624236   20.67513212546952
2502.441406249234   18.25827454327639
2508.544921874232   22.02787494970494
2514.64843749923   24.61821915803281
2520.751953124228   22.56945011603506
2526.855468749226   18.56640802527018
2532.958984374224   21.41448743567596
2539.062499999222   20.6340173203572
2545.166015624221   22.23026606841702
2551.269531249219   22.559904709836
2557.373046874217   24.86267956155258
2563.476562499215   24.74050034437521
2569.580078124213   23.77507614390934
2575.683593749211   22.15337034641166
2581.78710937421   21.62114347584927
2587.890624999207   23.07946222328087
2593.994140624206   24.91573062816844
2600.097656249204   22.62741289679817
2606.201171874202   21.82859094670448
2612.3046874992   15.30238429178905
2618.408203124198   13.0450312485036
2624.511718749196   12.96539850614359
2630.615234374195   13.23741888847631
2636.718749999193   24.13901658625903
2642.822265624191   26.49328113764086
2648.925781249189   27.02987540778058
2655.029296874187   25.95809883782042
2661.132812499185   24.30493930604873
2667.236328124183   10.95238832017038
2673.339843749181   19.83719610547484
2679.44335937418   12.82033531739105
2685.546874999178   20.91864169745122
2691.650390624176   24.21995045385188
2697.753906249174   19.65359557621131
2703.857421874172   17.66454553332409
2709.96093749917   22.49264930396246
2716.064453124168   16.79910465710572
2722.167968749166   20.48421738711552
2728.271484374165   15.35181354150931
2734.374999999163   13.74983692334261
2740.478515624161   18.07220616817158
2746.582031249159   22.80421586388256
2752.685546874157   20.41633333614967
2758.789062499155   21.55380520784067
2764.892578124153   12.53904154264184
2770.996093749151   21.7456798651872
2777.09960937415   19.20766679118121
2783.203124999148   23.55968979806732
2789.306640624146   24.18466418725247
2795.410156249144   19.16361800568375
2801.513671874142   12.58402761593706
2807.617187499141   18.83560475995459
2813.720703124138   21.87694858479534
2819.824218749136   25.80548326027472
2825.927734374135   24.35447867129943
2832.031249999133   19.78254654821739
2838.134765624131   13.56006006707081
2844.238281249129   19.09267079322279
2850.341796874127   20.77852983212044
2856.445312499126   12.76240309034617
2862.548828124124   25.41991811015103
2868.652343749121   26.50780164284166
2874.75585937412   20.69391497193144
2880.859374999118   19.65795719795886
2886.962890624116   15.43037024895053
2893.066406249114   21.11885262564943
2899.169921874112   22.16986646157313
2905.273437499111   25.69112695490499
2911.376953124109   23.65130816171391
2917.480468749107   15.24225357455954
2923.583984374105   10.06088650978114
2929.687499999103   15.77044631162396
2935.791015624101   11.93132516056585
2941.894531249099   19.72131290919141
2947.998046874097   14.83016659325877
2954.101562499096   23.88067516499275
2960.205078124094   26.14316603376583
2966.308593749092   21.95017441591745
2972.41210937409   20.3932384832039
2978.515624999088   15.36998873906668
2984.619140624086   22.9434798199881
2990.722656249084   27.07331997914515
2996.826171874082   22.25872005005263
3002.929687499081   15.29274756603896
3009.033203124079   24.92424952217148
3015.136718749077   26.38671470038719
3021.240234374075   23.87118624024618
3027.343749999073   17.33739740580149
3033.447265624071   20.34708183211669
3039.550781249069   16.2792713486792
3045.654296874067   17.46328181502332
3051.757812499065   24.06492698285934
3057.861328124064   22.3723123590674
3063.964843749062   20.30057183370831
3070.06835937406   25.78666542519298
3076.171874999058   23.84755582930062
3082.275390624056   25.50074972280574
3088.378906249054   24.71314054246271
3094.482421874052   20.36099708190235
3100.58593749905   15.6015027597214
3106.689453124049   16.11359743395756
3112.792968749047   17.94735003987494
3118.896484374045   24.55340664211501
3124.999999999043   25.11075300318554
3131.103515624041   21.62670493382508
3137.20703124904   20.45467535409753
3143.310546874037   21.156367465512
3149.414062499035   22.09454600682111
3155.517578124034   23.65342946732718
3161.621093749032   22.05926849970412
3167.72460937403   22.06905420869331
3173.828124999028   20.88984094726477
3179.931640624026   18.35137396534058
3186.035156249025   24.31817741278937
3192.138671874023   21.34207175115674
3198.24218749902   26.89885981716758
3204.345703124019   20.93149837962269
3210.449218749017   16.02706007706389
3216.552734374015   10.86232430543348
3222.656249999013   19.32905708700753
3228.759765624011   14.31459488823206
3234.86328124901   12.3308003266702
3240.966796874008   15.53347812120254
3247.070312499006   14.80781580052544
3253.173828124004   14.09743533322182
3259.277343749002   15.25292944992419
3265.380859374   20.11180485508486
3271.484374998998   20.55856295177998
3277.587890623996   21.97076450940333
3283.691406248995   20.56694462848686
3289.794921873993   19.27837821849603
3295.898437498991   19.68132069464804
3302.001953123989   18.84452331407182
3308.105468748987   20.73791676192165
3314.208984373985   21.51166696023235
3320.312499998983   23.33180742566758
3326.416015623981   22.26519165704124
3332.51953124898   17.73766034654895
3338.623046873978   19.66163735349286
3344.726562498976   23.63271929249755
3350.830078123974   4.100874253186214
3356.933593748972   19.35661938755923
3363.03710937397   23.4016195817572
3369.140624998968   8.920853589645482
3375.244140623966   20.61809813401322
3381.347656248965   25.30450956055725
3387.451171873963   23.06723911759261
3393.554687498961   19.72433762443477
3399.658203123959   18.14101042903745
3405.761718748957   16.87410173741772
3411.865234373955   20.28015063274703
3417.968749998954   21.4582341958163
3424.072265623951   24.78509714999689
3430.17578124895   24.65477863422067
3436.279296873948   22.28120559199915
3442.382812498946   25.12476579685546
3448.486328123944   19.50245376621075
3454.589843748942   12.25434640406461
3460.69335937394   19.92062992140398
3466.796874998939   19.26581948129031
3472.900390623937   12.17387349337842
3479.003906248935   18.08760162681317
3485.107421873933   15.27191322640089
3491.210937498931   22.18403439913752
3497.314453123929   25.76711842719984
3503.417968748927   25.93050308870234
3509.521484373925   26.19952519252621
3515.624999998924   24.84672019031309
3521.728515623922   21.21529077702139
3527.83203124892   24.17576922635595
3533.935546873918   21.44684440759473
3540.039062498916   19.41812876379179
3546.142578123914   22.52376570832862
3552.246093748912   20.19490669873496
3558.34960937391   19.47824228487207
3564.453124998909   14.90190602129268
3570.556640623907   19.39595884622855
3576.660156248905   15.52897001310569
3582.763671873903   20.55366961299252
3588.867187498901   22.44872058296076
3594.970703123899   17.71662754719816
3601.074218748897   22.13868202070515
3607.177734373895   21.59595423743266
3613.281249998894   24.99321917218664
3619.384765623892   28.08237858643633
3625.48828124889   23.12273791938696
3631.591796873888   18.5394112606553
3637.695312498886   22.65677647934254
3643.798828123884   19.69803233274786
3649.902343748882   17.77280853301117
3656.00585937388   17.49625594915656
3662.109374998879   9.891762162786318
3668.212890623877   19.10783006364586
3674.316406248875   19.08693834255287
3680.419921873873   11.58998184359424
3686.523437498871   18.72439888265943
3692.626953123869   23.04033465997964
3698.730468748867   26.12680009503353
3704.833984373865   23.33013413873808
3710.937499998864   14.82787298988245
3717.041015623862   18.09987721704583
3723.14453124886   20.63502588725473
3729.248046873858   23.55071488142669
3735.351562498856   22.82496660617261
3741.455078123854   22.89193430035815
3747.558593748853   22.23611137646085
3753.662109373851   21.10927610379196
3759.765624998849   22.35900116535383
3765.869140623847   23.65657687349375
3771.972656248845   22.15984962929565
3778.076171873843   26.03408966242525
3784.179687498841   24.99562905067471
3790.283203123839   19.53106041988008
3796.386718748838   17.94345641181238
3802.490234373836   22.86034006532076
3808.593749998834   23.71052323011357
3814.697265623832   22.77896756710055
3820.80078124883   19.8416072526773
3826.904296873828   17.2642632717372
3833.007812498826   20.39746995252093
3839.111328123824   23.09268367861372
3845.214843748823   24.46996117179671
3851.318359373821   10.5365553140374
3857.421874998819   22.00144177373447
3863.525390623817   23.92756677723484
3869.628906248815   22.5879445115104
3875.732421873813   24.4540484063279
3881.835937498811   23.39400412547976
3887.939453123809   18.14928507800484
3894.042968748808   17.20945803733883
3900.146484373806   24.01330635148785
3906.249999998804   24.57050860055768
3912.353515623802   20.44013991351509
3918.4570312488   14.52794535936357
3924.560546873798   15.75760182807384
3930.664062498796   9.156737652272414
3936.767578123794   11.44492380811578
3942.871093748793   13.90221084176336
3948.974609373791   22.51487097960699
3955.078124998789   14.80818423981285
3961.181640623787   24.30695796640398
3967.285156248785   25.03208303315855
3973.388671873784   21.18393201186124
3979.492187498781   21.3529941400442
3985.595703123779   23.43239090828504
3991.699218748778   17.43808435706072
3997.802734373776   19.12155403562159
4003.906249998774   7.050445342246435
4010.009765623772   22.78521112954165
4016.11328124877   21.1486331259523
4022.216796873769   21.21899591606826
4028.320312498767   24.39895667267997
4034.423828123764   17.71094966710135
4040.527343748763   19.328130253366
4046.630859373761   19.80157909885928
4052.734374998759   11.67096939097453
4058.837890623757   16.20671024924862
4064.941406248755   22.33911840987891
4071.044921873754   17.17153166115099
4077.148437498752   17.69402052744321
4083.25195312375   13.67454420456298
4089.355468748748   4.942441189125015
4095.458984373746   8.706168797137318
4101.562499998744   19.66444423192067
4107.666015623742   19.84428485795521
4113.76953124874   10.8118767421743
4119.873046873739   2.028264599455779
4125.976562498737   19.44916926111598
4132.080078123735   25.47714858827261
4138.183593748733   26.50775041637926
4144.287109373731   22.41947625836265
4150.390624998729   25.07435961049697
4156.494140623728   24.27538071725308
4162.597656248726   16.09486540867617
4168.701171873724   18.5970040475918
4174.804687498721   13.8119932896161
4180.908203123719   14.14053989582156
4187.011718748718   23.01495696456055
4193.115234373716   23.24960808938093
4199.218749998714   24.43668124724973
4205.322265623712   19.60908013845722
4211.42578124871   23.51746689965115
4217.529296873709   25.52078219919504
4223.632812498707   12.77458272234525
4229.736328123705   24.26952761848533
4235.839843748703   21.93087130448095
4241.943359373701   0.3354948902018461
4248.046874998699   19.25601984284276
4254.150390623698   22.98528907872261
4260.253906248696   22.7644242918632
4266.357421873694   16.79417238403281
4272.460937498692   19.26509865736541
4278.56445312369   23.08498597797445
4284.667968748688   14.58780231647559
4290.771484373686   22.21892583523805
4296.874999998684   20.31107960190688
4302.978515623682   19.10793732643094
4309.08203124868   19.05584714758281
4315.185546873679   9.549925295049578
4321.289062498677   6.154654564497791
4327.392578123675   24.14409438292788
4333.496093748673   23.14507901806309
4339.599609373671   6.354549892945551
4345.703124998669   15.10378025709072
4351.806640623668   20.37333998107383
4357.910156248666   20.59351943820322
4364.013671873664   21.36143804596863
4370.117187498662   18.88581130639132
4376.22070312366   21.88792810223152
4382.324218748658   18.96717513127225
4388.427734373657   13.94746027396956
4394.531249998654   15.52507372726966
4400.634765623652   16.17782437899801
4406.73828124865   18.32969969107911
4412.841796873648   21.60658359342878
4418.945312498647   23.05159533561669
4425.048828123645   19.61064125603333
4431.152343748643   21.22349280298902
4437.255859373641   15.71283591032269
4443.359374998639   20.62466627209656
4449.462890623638   12.96545048978658
4455.566406248636   17.38483460456679
4461.669921873634   18.79635513836431
4467.773437498632   22.56246514068717
4473.87695312363   12.65253252352452
4479.980468748628   13.83951253956546
4486.083984373627   17.3412144153407
4492.187499998625   15.19593868168641
4498.291015623623   11.80733581436798
4504.394531248621   23.16514510671096
4510.498046873618   26.12169266836702
4516.601562498617   22.63006373265405
4522.705078123615   27.23604130965514
4528.808593748613   28.52940234520413
4534.912109373611   28.59131423895622
4541.015624998609   25.87320401895682
4547.119140623608   23.83591899588087
4553.222656248606   26.40797398336883
4559.326171873604   26.0695274871296
4565.429687498602   19.84730893453573
4571.5332031236   16.15961313423842
4577.636718748598   18.03209688116447
4583.740234373597   15.24361915632555
4589.843749998595   20.07471427716892
4595.947265623593   14.35426707262383
4602.050781248591   21.61991389728034
4608.154296873589   15.44995102563469
4614.257812498588   19.67046085678762
4620.361328123585   13.74910556645676
4626.464843748583   21.11547263148272
4632.568359373581   10.51193624270052
4638.671874998579   24.17506477635887
4644.775390623578   25.05187290266253
4650.878906248576   24.62267224828734
4656.982421873574   20.23086373302398
4663.085937498572   18.11975182851626
4669.18945312357   21.92096320887647
4675.292968748568   5.304888431599189
4681.396484373567   19.59544334469662
4687.499999998565   11.25387056572021
4693.603515623563   4.677094976736653
4699.707031248561   14.73873779541415
4705.810546873559   23.62649344189506
4711.914062498558   26.74249647867528
4718.017578123556   21.70127809555386
4724.121093748554   10.16802649041225
4730.224609373551   3.038070928090877
4736.328124998549   20.99959857268871
4742.431640623548   23.89070460132644
4748.535156248546   20.61183503257851
4754.638671873544   19.49689543146624
4760.742187498542   24.07251237368051
4766.84570312354   19.67446090100333
4772.949218748538   18.34133981105336
4779.052734373537   17.93925859299866
4785.156249998535   17.92293138092226
4791.259765623533   13.81051684416969
4797.363281248531   19.07700863566836
4803.466796873529   21.0420321943049
4809.570312498528   25.61649434432965
4815.673828123526   19.85012910624381
4821.777343748524   17.36436506508698
4827.880859373522   17.66937993289089
4833.98437499852   15.55992215092006
4840.087890623518   19.65176123192178
4846.191406248516   18.36829978658732
4852.294921873514   23.8606931308474
4858.398437498512   21.46000766863656
4864.50195312351   23.60827333412923
4870.605468748508   21.6076100012232
4876.708984373507   19.80386564768893
4882.812499998505   20.79086275987643
4888.916015623503   20.30046027475842
4895.019531248501   18.18421367095645
4901.123046873499   15.02047896948685
4907.226562498498   16.09915142677024
4913.330078123496   22.97659980373921
4919.433593748494   25.178709628273
4925.537109373492   22.00483251136202
4931.64062499849   14.60564726403201
4937.744140623488   7.486539674870601
4943.847656248487   21.13771298930306
4949.951171873485   22.33987531115672
4956.054687498482   21.43928355753342
4962.15820312348   17.56406836445431
4968.261718748478   17.4643076521992
4974.365234373477   20.24010068861591
4980.468749998475   15.54638140772117
4986.572265623473   14.51886989173859
4992.675781248471   22.80008861648425
4998.779296873469   25.65011665324434
5004.882812498468   22.82467135940042
5010.986328123466   13.11292214306733
5017.089843748464   16.90108818616971
5023.193359373462   23.3844701616763
5029.29687499846   21.63651085422784
5035.400390623458   16.0145683747865
5041.503906248457   23.17454440383911
5047.607421873455   22.84079516021993
5053.710937498453   22.22874578176259
5059.814453123451   28.06454463409639
5065.917968748448   26.98275921442568
5072.021484373447   18.24581722905333
5078.124999998445   18.68913145594606
5084.228515623443   25.70281005182703
5090.332031248441   23.01329026092756
5096.435546873439   14.41876955876149
5102.539062498437   20.88461831490324
5108.642578123436   18.25027636865061
5114.746093748434   21.70869190446587
5120.849609373432   21.79606494221396
5126.95312499843   6.790431677916975
5133.056640623428   24.65045120810576
5139.160156248427   26.47823025355386
5145.263671873425   20.38710942335666
5151.367187498423   13.72028582552095
5157.470703123421   15.62824935783618
5163.574218748419   22.9389765572983
5169.677734373417   17.85910105978621
5175.781249998415   19.24906272819448
5181.884765623413   18.80231763736628
5187.988281248411   23.10031220203652
5194.091796873409   25.97611210652274
5200.195312498407   26.704036019265
5206.298828123406   21.70754673053012
5212.402343748404   19.45223103502076
5218.505859373402   17.20178879849047
5224.6093749984   21.25283692938552
5230.712890623398   21.58762492398689
5236.816406248397   7.155936478626014
5242.919921873395   14.02736996287702
5249.023437498393   14.94405046210313
5255.126953123391   9.56693875461302
5261.230468748389   10.17333080756557
5267.333984373387   18.44066209513734
5273.437499998386   17.30358511795739
5279.541015623384   20.68687424606549
5285.644531248381   21.00558662864471
5291.748046873379   0.4114461706916872
5297.851562498377   18.82586232726862
5303.955078123376   21.00893375296716
5310.058593748374   16.56308750853571
5316.162109373372   25.17308154962742
5322.26562499837   24.51944321139543
5328.369140623368   20.84351771491926
5334.472656248367   25.59627946104364
5340.576171873365   28.31836055009322
5346.679687498363   26.38312156942744
5352.783203123361   23.14189929544878
5358.886718748359   20.53930200539635
5364.990234373357   19.92556508979697
5371.093749998356   20.03653951122352
5377.197265623354   12.00976166160684
5383.300781248352   19.85058940214394
5389.40429687335   18.190206286625
5395.507812498347   21.25435541204278
5401.611328123346   26.25298985852152
5407.714843748344   27.29495764699175
5413.818359373342   24.00678667825124
5419.92187499834   24.57598578256426
5426.025390623338   27.50023780653536
5432.128906248337   18.87240021216193
5438.232421873335   9.834782946703132
5444.335937498333   18.23016086240811
5450.439453123331   23.86708723173278
5456.542968748329   19.27999736501771
5462.646484373327   8.692488339682603
5468.749999998326   16.34207429274674
5474.853515623324   24.19153556487779
5480.957031248322   23.34628849203865
5487.06054687332   14.13371353980617
5493.164062498318   13.57634163003516
5499.267578123317   21.93737770660819
5505.371093748315   24.33781324248866
5511.474609373312   15.65971408027391
5517.57812499831   13.51638787904072
5523.681640623308   15.39088882931284
5529.785156248307   13.10258305905428
5535.888671873305   22.51069431988137
5541.992187498303   22.82943474336367
5548.095703123301   10.91596765443964
5554.199218748299   22.62968561588357
5560.302734373297   22.45066601995592
5566.406249998296   19.72977019998027
5572.509765623294   17.51126555635833
5578.613281248292   23.31489879397243
5584.71679687329   21.19883581733055
5590.820312498288   18.8380555566061
5596.923828123287   10.7226786753126
5603.027343748285   16.97545528716322
5609.130859373283   16.96709595255144
5615.234374998281   12.99028466842736
5621.337890623278   13.88780834700972
5627.441406248277   22.47190912962114
5633.544921873275   21.02183155204147
5639.648437498273   9.503596938206307
5645.751953123271   22.97417734849259
5651.855468748269   26.6518413160456
5657.958984373267   24.8467701197715
5664.062499998266   25.43071119872656
5670.166015623264   26.10056871881481
5676.269531248262   23.17399411383987
5682.37304687326   18.30136756411813
5688.476562498258   19.72399182824301
5694.580078123256   23.03532501565505
5700.683593748255   21.35053691017232
5706.787109373253   4.205478757727655
5712.890624998251   8.739225423964353
5718.994140623249   25.01501972512921
5725.097656248247   23.60013905820779
5731.201171873245   15.88240891785097
5737.304687498243   19.95162761668668
5743.408203123241   19.81195167150148
5749.511718748239   22.13896036174925
5755.615234373237   20.86720971307132
5761.718749998236   17.21057797226666
5767.822265623234   16.97498086504578
5773.925781248232   8.500235409089058
5780.02929687323   19.10425927071367
5786.132812498228   23.08312364366026
5792.236328123226   22.15097098822604
5798.339843748225   -1.792324200616984
5804.443359373223   18.0005782496996
5810.546874998221   16.62730446837436
5816.650390623219   16.33316273409352
5822.753906248217   18.94110801939444
5828.857421873216   27.60388997801881
5834.960937498214   28.36738350732627
5841.064453123211   24.91923471885097
5847.167968748209   23.11876979733907
5853.271484373207   18.0435662619574
5859.374999998206   17.7276555242818
5865.478515623204   18.15117260493929
5871.582031248202   18.31588421062113
5877.6855468732   22.03874177155624
5883.789062498198   22.31845334282037
5889.892578123196   22.87565506221183
5895.996093748195   24.51723539907401
5902.099609373193   25.20666686494728
5908.203124998191   20.5293966279597
5914.306640623189   17.90300442299213
5920.410156248187   17.66662556789769
5926.513671873186   14.39817458112194
5932.617187498184   21.23379297451267
5938.720703123182   27.28315807259359
5944.82421874818   26.1425479501947
5950.927734373178   17.76259155477142
5957.031249998176   4.405370884854335
5963.134765623174   21.91573065123531
5969.238281248172   27.34536794507583
5975.34179687317   24.37225108707868
5981.445312498168   11.74397746346331
5987.548828123166   22.19960838256841
5993.652343748165   22.87576311860643
5999.755859373163   22.19372521625198
6005.859374998161   23.46092463259602
6011.962890623159   22.58680948105942
6018.066406248157   14.29753618945706
6024.169921873156   22.09984262729182
6030.273437498154   22.61517257146748
6036.376953123152   13.80273128989521
6042.48046874815   19.45915963975003
6048.583984373148   23.96817337498327
6054.687499998146   20.50745470153847
6060.791015623145   15.13674743757449
6066.894531248142   3.77531874513585
6072.99804687314   17.00270852212702
6079.101562498138   18.82894502319945
6085.205078123136   21.77094116618031
6091.308593748135   17.5056719077853
6097.412109373133   20.75965607856973
6103.515624998131   21.54715982448654
6109.619140623129   20.29142913606005
6115.722656248127   21.43431626529719
6121.826171873126   26.29791469872804
6127.929687498124   25.76088385439152
6134.033203123122   16.05729199275827
6140.13671874812   23.5339185259279
6146.240234373118   18.73110667657588
6152.343749998116   14.95201239896462
6158.447265623115   21.63193220938805
6164.550781248113   16.72356862417153
6170.654296873111   21.32951476217102
6176.757812498108   19.47373597531253
6182.861328123106   15.94111946822008
6188.964843748105   16.37536333043452
6195.068359373103   20.01242932708733
6201.171874998101   19.98014627527436
6207.275390623099   21.73737055315726
6213.378906248097   12.80035498100087
6219.482421873096   21.06987775961505
6225.585937498094   19.52930688810886
6231.689453123092   17.45969511928598
6237.79296874809   17.65852365536913
6243.896484373088   2.782303755296446
6249.999999998086   13.45734501457244
6256.103515623085   22.50075770206943
6262.207031248083   23.70257142912175
6268.310546873081   21.10736980364457
6274.414062498079   17.57870592329449
6280.517578123077   13.10983596362145
6286.621093748075   21.38747378718684
6292.724609373073   18.49804675628014
6298.828124998071   18.47532932444657
6304.931640623069   22.89420904155021
6311.035156248067   21.05192988669775
6317.138671873066   23.00428273313882
6323.242187498064   24.03412718352352
6329.345703123062   20.66088196668071
6335.44921874806   19.74786695745686
6341.552734373058   20.28372458973131
6347.656249998056   22.75581459255597
6353.759765623055   17.86416174917161
6359.863281248053   14.13048023329176
6365.966796873051   20.17540502105062
6372.070312498049   17.21066516741622
6378.173828123047   0.9332374623244279
6384.277343748045   9.14134821847882
6390.380859373044   7.984788039436159
6396.484374998041   16.50678153420709
6402.587890623039   15.54784064422721
6408.691406248037   17.90915232248013
6414.794921873035   15.91658685967319
6420.898437498034   22.46270764001481
6427.001953123032   20.34721707042625
6433.10546874803   23.81980004748561
6439.208984373028   23.70754310810238
6445.312499998026   10.31981272085493
6451.416015623025   22.5651898461896
6457.519531248023   22.70372381114495
6463.623046873021   14.17599215021783
6469.726562498019   16.02480351907653
6475.830078123017   20.36409630396204
6481.933593748015   11.02648116648305
6488.037109373014   24.85113323255975
6494.140624998012   25.99738575894401
6500.24414062301   17.21544065707509
6506.347656248008   26.11781951031872
6512.451171873005   26.98240201609802
6518.554687498004   22.75747251341441
6524.658203123002   20.51255416397441
6530.761718748   18.32913498077994
6536.865234372998   22.5020021823842
6542.968749997996   7.490150305900273
6549.072265622995   14.56535437236191
6555.175781247993   17.98742573699237
6561.279296872991   21.65166538218017
6567.382812497989   21.16379292721545
6573.486328122987   15.34902924013942
6579.589843747985   17.62283773216669
6585.693359372984   18.58809228778787
6591.796874997982   22.09179708853062
6597.90039062298   24.16468777853019
6604.003906247978   21.04310072762836
6610.107421872976   9.293226096609144
6616.210937497975   23.02954258371305
6622.314453122972   18.67023469464289
6628.41796874797   19.82053341242924
6634.521484372968   21.59357574575124
6640.624999997966   21.23169053383698
6646.728515622965   15.36124995110813
6652.832031247963   25.87694067358218
6658.935546872961   25.39425213011629
6665.039062497959   23.99275156880316
6671.142578122957   26.8963952960023
6677.246093747955   24.69784190576515
6683.349609372954   13.23004553839423
6689.453124997952   18.43108749247622
6695.55664062295   25.52161030605007
6701.660156247948   21.07266442332489
6707.763671872946   20.66916683815488
6713.867187497945   20.35927171033934
6719.970703122943   9.656088274620835
6726.074218747941   19.43850011472428
6732.177734372938   23.76035673735714
6738.281249997936   18.22273795481332
6744.384765622935   15.34591461955494
6750.488281247933   12.01631903365383
6756.591796872931   22.59376760487826
6762.695312497929   21.72661429031547
6768.798828122927   11.63364837848552
6774.902343747925   5.052902241380272
6781.005859372924   9.868190292425769
6787.109374997922   7.162045269313957
6793.21289062292   19.93350445679528
6799.316406247918   24.12920419010082
6805.419921872916   27.79082597046564
6811.523437497915   28.13197062605033
6817.626953122913   23.78577605998787
6823.730468747911   24.11794216650642
6829.833984372909   23.20863393062612
6835.937499997907   19.99908751698341
6842.041015622905   21.29273952481693
6848.144531247903   22.81723953911036
6854.248046872901   25.87795902029621
6860.351562497899   20.29515863129718
6866.455078122897   20.11236029407944
6872.558593747895   20.05347716165907
6878.662109372894   20.59580984472328
6884.765624997892   15.5343551677659
6890.86914062289   18.00457997656404
6896.972656247888   23.41050407034448
6903.076171872886   21.46197177978094
6909.179687497885   20.54930245277039
6915.283203122883   23.99989336133424
6921.386718747881   14.07888373896786
6927.490234372879   17.59316522654366
6933.593749997877   16.34912844797893
6939.697265622875   22.6249210011167
6945.800781247874   23.41729751977162
6951.904296872872   11.93111384272138
6958.007812497869   20.90156435226829
6964.111328122867   19.46432959962743
6970.214843747865   24.73640545264314
6976.318359372864   23.50180616380227
6982.421874997862   13.06302924821809
6988.52539062286   17.35998026085232
6994.628906247858   18.64889257296624
7000.732421872856   17.13452521411962
7006.835937497855   23.80684568834176
7012.939453122853   13.69492986367912
7019.042968747851   23.02810980931615
7025.146484372849   23.78044525804551
7031.249999997847   23.43845068317664
7037.353515622845   22.23236040024248
7043.457031247844   19.20699333569552
7049.560546872842   18.19246674424818
7055.66406249784   17.98790344007645
7061.767578122838   17.70382282017896
7067.871093747835   17.53609610424274
7073.974609372834   18.87164700671806
7080.078124997832   9.141165803855714
7086.18164062283   12.01526695999805
7092.285156247828   21.80297708584435
7098.388671872826   14.45573512271601
7104.492187497824   20.58987486680834
7110.595703122823   24.30341344087395
7116.699218747821   22.42726755226246
7122.802734372819   16.60217118386916
7128.906249997817   26.31689610567124
7135.009765622815   25.68031891376314
7141.113281247814   21.41609380707223
7147.216796872812   13.5814519591869
7153.32031249781   16.94665574019855
7159.423828122808   25.69641288922405
7165.527343747806   29.36277810492128
7171.630859372804   26.64102354600347
7177.734374997802   18.07529803237266
7183.8378906228   12.67064980941332
7189.941406247798   13.38107137680686
7196.044921872796   19.21708156755927
7202.148437497794   17.77915343006945
7208.251953122793   12.78228183990444
7214.355468747791   21.36112163510349
7220.458984372789   19.50469615566919
7226.562499997787   15.40273712585474
7232.666015622785   11.4719411783223
7238.769531247784   20.06672690918213
7244.873046872782   22.70093843221708
7250.97656249778   23.18656960400243
7257.080078122778   11.61838914423735
7263.183593747776   20.79149840476361
7269.287109372774   16.00105539263976
7275.390624997773   18.73272082988756
7281.494140622771   27.16977636054008
7287.597656247768   24.96260381578045
7293.701171872766   24.3304396999161
7299.804687497764   25.85257794801618
7305.908203122763   23.96860892198552
7312.011718747761   19.80500316284265
7318.115234372759   9.488437993938417
7324.218749997757   23.93633075341868
7330.322265622755   21.2028232336978
7336.425781247754   15.96467355820255
7342.529296872752   18.68349694234471
7348.63281249775   16.67449092193231
7354.736328122748   -5.577560318837214
7360.839843747746   16.88356573713525
7366.943359372744   14.34905407452842
7373.046874997743   20.76564726375458
7379.150390622741   26.18718274448986
7385.253906247739   22.04117574404448
7391.357421872737   18.82289179420217
7397.460937497734   21.72181983648774
7403.564453122733   22.6005933042824
7409.667968747731   21.10598780480007
7415.771484372729   21.131255161498
7421.874999997727   15.94839950924108
7427.978515622725   16.5092944374712
7434.082031247724   22.37514850441661
7440.185546872722   24.93851893881504
7446.28906249772   19.61586238483812
7452.392578122718   22.91491019494032
7458.496093747716   21.25893648722173
7464.599609372714   10.06575271577591
7470.703124997713   16.40258781710051
7476.806640622711   17.61641510085722
7482.910156247709   16.72612712396636
7489.013671872707   20.2073976128816
7495.117187497705   17.90241600727516
7501.220703122704   21.19317201533224
7507.324218747702   26.05418174973195
7513.427734372699   21.24716476832022
7519.531249997697   10.15015192803111
7525.634765622695   17.78177339465314
7531.738281247694   21.84494802553709
7537.841796872692   18.22563468456149
7543.94531249769   22.26526231370548
7550.048828122688   23.27549663754526
7556.152343747686   10.52427466473046
7562.255859372684   21.49636824944313
7568.359374997683   18.34545779347418
7574.462890622681   18.24142660301064
7580.566406247679   19.63013426214166
7586.669921872677   19.56864696369079
7592.773437497675   17.81275678549422
7598.876953122674   17.20940735812057
7604.980468747672   16.80211084692258
7611.08398437267   20.38594677745392
7617.187499997668   23.85013918781051
7623.291015622665   25.42009165409034
7629.394531247664   23.38701846521484
7635.498046872662   17.27264396381706
7641.60156249766   24.47005139069839
7647.705078122658   24.71781565817281
7653.808593747656   10.19823837400858
7659.912109372654   13.47303105104302
7666.015624997653   18.91384345120871
7672.119140622651   18.88532837295372
7678.222656247649   4.981919363412742
7684.326171872647   23.18595145182053
7690.429687497645   26.16067626042278
7696.533203122643   25.66180698816656
7702.636718747642   20.94076645932073
7708.74023437264   17.2328221454964
7714.843749997638   23.27022668033081
7720.947265622636   20.05629569693629
7727.050781247634   21.80343066851935
7733.154296872632   17.85295856876402
7739.25781249763   13.09812774638165
7745.361328122628   15.45091090910888
7751.464843747626   16.09236121987728
7757.568359372624   20.31537760824844
7763.671874997623   19.54824841517893
7769.775390622621   22.40808371113499
7775.878906247619   15.69095553991821
7781.982421872617   7.138884874404875
7788.085937497615   16.15205574354535
7794.189453122613   23.89840126724165
7800.292968747612   14.46514795064934
7806.39648437261   24.43136754840371
7812.499999997608   21.86231621640066
7818.603515622606   18.36561019372272
7824.707031247604   20.3606141794312
7830.810546872603   18.26497181155115
7836.914062497601   21.52186794649689
7843.017578122598   24.47592350334992
7849.121093747596   18.31042125190434
7855.224609372594   6.860144630877858
7861.328124997593   20.58558306088435
7867.431640622591   21.31406566445654
7873.535156247589   21.70306018115403
7879.638671872587   25.79043192009864
7885.742187497585   23.97886157411627
7891.845703122583   24.02838765622469
7897.949218747582   25.3221415236052
7904.05273437258   20.39841603944075
7910.156249997578   13.70208603645567
7916.259765622576   21.25352260865844
7922.363281247574   25.73342989138071
7928.466796872573   28.10987522931694
7934.570312497571   21.42327680020482
7940.673828122569   18.29504566855749
7946.777343747567   15.72218552481183
7952.880859372565   13.53036964840717
7958.984374997563   23.72860921953772
7965.087890622561   18.96136145601798
7971.191406247559   19.47540925801354
7977.294921872557   7.921050194555916
7983.398437497555   25.43691443066333
7989.501953122553   22.65326951045301
7995.605468747552   21.40109021131124
8001.70898437255   23.81967028342775
8007.812499997548   22.71598770401307
8013.916015622546   24.83690493636426
8020.019531247544   12.07091665045466
8026.123046872543   20.9157501911294
8032.226562497541   23.5269130584445
8038.330078122539   21.51759384415792
8044.433593747537   20.92598937838329
8050.537109372535   20.8538204960722
8056.640624997533   19.06099782682335
8062.744140622532   21.7325938926292
8068.847656247529   3.861397962702524
8074.951171872527   17.52052168401135
8081.054687497525   20.94636542608763
8087.158203122523   15.43690932713489
8093.261718747522   23.14818326758635
8099.36523437252   23.89548686196562
8105.468749997518   21.61039026533994
8111.572265622516   19.63377708836463
8117.675781247514   19.01384306978192
8123.779296872513   19.25644420725078
8129.882812497511   19.41220098922151
8135.986328122509   21.35968879296897
8142.089843747507   14.37140204003376
8148.193359372505   23.89723776845947
8154.296874997503   20.79338732238977
8160.400390622502   24.79836381561528
8166.5039062475   23.25846358399683
8172.607421872498   20.09843123604944
8178.710937497495   25.42792786367156
8184.814453122493   18.98200964426094
8190.917968747492   15.29045105017602
8197.02148437249   22.54180992097625
8203.124999997488   24.05062208823434
8209.228515622486   24.35170110017944
8215.332031247484   19.10910940883016
8221.435546872483   18.4636123525255
8227.539062497481   21.71932824430304
8233.642578122479   25.64271421944349
8239.746093747477   27.48673713383826
8245.849609372475   24.38793137106862
8251.953124997473   17.95286345931358
8258.056640622472   5.242843369939339
8264.16015624747   20.58664975769799
8270.263671872468   16.14149445034815
8276.367187497466   21.56003657721249
8282.470703122464   17.39810770225522
8288.574218747463   10.99090229078991
8294.677734372461   15.57350093759804
8300.781249997459   22.05359630047098
8306.884765622457   25.09017280878322
8312.988281247455   26.12482499305741
8319.091796872453   19.45690629089313
8325.195312497452   13.8884874355146
8331.29882812245   20.20956059835285
8337.402343747448   26.17105702688098
8343.505859372444   24.72988269030859
8349.609374997443   13.66938163268612
8355.712890622441   20.76329687492269
8361.816406247439   23.34070784043592
8367.919921872437   22.8092738332558
8374.023437497435   17.07109984162243
8380.126953122433   19.1558893784564
8386.230468747432   25.15987714471392
8392.33398437243   26.195764879625
8398.437499997428   25.84880467387046
8404.541015622426   23.2571303844438
8410.644531247424   21.55344708118355
8416.748046872422   12.19685121442554
8422.851562497421   14.53444337742331
8428.955078122419   7.017780005135362
8435.058593747417   14.29139241228661
8441.162109372415   13.02105498975876
8447.265624997413   20.02900245596676
8453.369140622412   24.99984210745396
8459.47265624741   25.16346524634153
8465.576171872408   20.64570251246749
8471.679687497406   15.25646057928295
8477.783203122404   3.880145481364045
8483.886718747402   22.72241589923405
8489.990234372401   26.12121179924539
8496.093749997399   26.54691005285844
8502.197265622397   27.38777821246762
8508.300781247395   21.38560276658134
8514.404296872393   16.70303220974212
8520.507812497392   19.12336502664379
8526.61132812239   16.27395210978467
8532.714843747388   21.04717892486489
8538.818359372386   23.54327846136191
8544.921874997384   4.993120647762223
8551.025390622382   26.10425528918873
8557.128906247381   25.48988865995781
8563.232421872379   20.68803362572005
8569.335937497375   23.66747141853947
8575.439453122373   19.55816022888971
8581.542968747372   22.69444683782849
8587.64648437237   14.98189122456495
8593.749999997368   22.66798148123026
8599.853515622366   16.47839042947652
8605.957031247364   20.9355882693017
8612.060546872362   21.61787171466651
8618.164062497361   18.05358357785667
8624.267578122359   21.53434542256531
8630.371093747357   22.23934760896452
8636.474609372355   12.37320445230123
8642.578124997353   11.60049930938393
8648.681640622352   15.75605609735675
8654.78515624735   20.61208570529488
8660.888671872348   23.85590556837917
8666.992187497346   26.42212945542119
8673.095703122344   23.31957591755501
8679.199218747342   19.64217062878343
8685.302734372341   27.80337430689764
8691.406249997339   26.41348944753117
8697.509765622337   9.478704300139725
8703.613281247335   22.76181723058045
8709.716796872333   21.01764290647043
8715.820312497332   16.20555311095235
8721.92382812233   13.24769215902155
8728.027343747328   16.63478588714621
8734.130859372326   26.37326661125973
8740.234374997324   24.42990727054404
8746.337890622322   2.559051410581148
8752.441406247321   22.78064782971033
8758.544921872319   25.58701820171341
8764.648437497317   21.3449032721565
8770.751953122315   17.34591121257273
8776.855468747313   19.16264182909261
8782.958984372312   20.72261109949559
8789.062499997308   16.18007068532306
8795.166015622306   10.15433911221136
8801.269531247304   17.93999380275248
8807.373046872302   25.16850047952503
8813.476562497301   24.82182125243249
8819.580078122299   19.61716974846069
8825.683593747297   11.99311357380872
8831.787109372295   8.843455998103751
8837.890624997293   12.65704408494558
8843.994140622292   13.96760759301902
8850.09765624729   11.60550606158458
8856.201171872288   14.81433303689092
8862.304687497286   19.7725529936228
8868.408203122284   9.322326293136616
8874.511718747282   21.97187169878523
8880.615234372281   19.36446218988124
8886.718749997279   17.95286494282431
8892.822265622277   17.01435093928063
8898.925781247275   18.61985630050613
8905.029296872273   24.24258325666539
8911.132812497272   23.69539173291058
8917.23632812227   24.35160206156279
8923.339843747268   19.2769346098645
8929.443359372266   17.28985817506067
8935.546874997264   17.52758955196432
8941.650390622262   18.56712832525166
8947.753906247261   6.19053400256418
8953.857421872259   21.07328342418065
8959.960937497257   22.76195539043855
8966.064453122255   18.28676176042403
8972.167968747253   27.51767041669483
8978.271484372252   22.57105299625617
8984.37499999725   7.26387144754799
8990.478515622248   14.69392178603307
8996.582031247246   12.16427610391808
9002.685546872244   21.05072658771146
9008.789062497242   23.29976984667463
9014.892578122239   26.11684739867363
9020.996093747237   25.17922194850464
9027.099609372235   21.23753474625433
9033.203124997233   22.41395510537159
9039.306640622231   25.19705865230766
9045.41015624723   23.8637568432347
9051.513671872228   24.87176131365148
9057.617187497226   22.08093902883316
9063.720703122224   16.61829497305558
9069.824218747222   24.84526884488594
9075.927734372221   19.98956320996987
9082.031249997219   15.04936626967392
9088.134765622217   9.963848234419171
9094.238281247215   13.91272568627019
9100.341796872213   1.010559083104235
9106.445312497211   21.35095373788038
9112.54882812221   20.76793333489668
9118.652343747208   14.74857698305841
9124.755859372206   20.03026343154129
9130.859374997204   16.73699276468183
9136.962890622202   13.23267768516223
9143.066406247201   15.01001629103226
9149.169921872199   20.99436897701181
9155.273437497197   24.55091236071186
9161.376953122195   24.95568218491676
9167.480468747193   22.25558742331357
9173.583984372191   16.39476672022176
9179.68749999719   10.52357633050457
9185.791015622188   15.57890519072585
9191.894531247186   20.45948260074467
9197.998046872184   13.76536467077687
9204.101562497182   -3.309086016601281
9210.205078122181   16.02683373195278
9216.308593747179   15.67050424363039
9222.412109372177   21.2802146301714
9228.515624997175   23.88703945461035
9234.619140622171   20.02049861150138
9240.72265624717   10.70900419778918
9246.826171872168   4.955386308752833
9252.929687497166   20.34039213334754
9259.033203122164   26.08702893834052
9265.136718747162   21.41330484749921
9271.240234372161   20.26936211296132
9277.343749997159   13.22110872330699
9283.447265622157   22.88273934467853
9289.550781247155   23.67549035234228
9295.654296872153   15.42575202165479
9301.757812497151   22.86210688245337
9307.86132812215   25.33506527092295
9313.964843747148   22.47134568695159
9320.068359372146   22.15796376311385
9326.171874997144   17.97360147617644
9332.275390622142   14.79999023802257
9338.378906247141   21.90667964344183
9344.482421872139   20.06477130241454
9350.585937497137   9.283847947136131
9356.689453122135   18.66488937968673
9362.792968747133   21.90296506708905
9368.896484372131   22.20267768756541
9374.99999999713   7.681532358451751
9381.103515622128   19.94300251932499
9387.207031247126   11.93914155649308
9393.310546872124   20.03338956052185
9399.414062497122   26.48408254589992
9405.517578122121   26.16567453221649
9411.621093747119   22.19234668131504
9417.724609372117   16.61015126761296
9423.828124997115   17.3958859026073
9429.931640622113   17.41474851405751
9436.035156247111   19.60658111184258
9442.13867187211   12.12156943628838
9448.242187497108   18.25689043011262
9454.345703122106   15.90561492161948
9460.449218747102   17.20416483877634
9466.552734372101   20.61773064837342
9472.656249997099   12.65481214058878
9478.759765622097   15.2123673610575
9484.863281247095   20.33254078045427
9490.966796872093   18.58441270048403
9497.070312497091   5.003301050682026
9503.17382812209   21.90602476963491
9509.277343747088   25.07956113327281
9515.380859372086   24.74012284023994
9521.484374997084   16.64692053825491
9527.587890622082   17.03221033862439
9533.691406247081   17.72918639639264
9539.794921872079   23.88993530606692
9545.898437497077   27.36940618346211
9552.001953122075   23.63596433185534
9558.105468747073   11.91450715623139
9564.208984372071   18.22997028152333
9570.31249999707   16.91585916020333
9576.416015622068   19.0226213576645
9582.519531247066   20.7031470954644
9588.623046872064   15.19733826912147
9594.726562497062   23.67499072619927
9600.830078122061   22.04923879884078
9606.933593747059   9.452924382812894
9613.037109372057   18.19963460108283
9619.140624997055   15.98757671014747
9625.244140622053   20.52147794954173
9631.347656247051   23.9747533899472
9637.45117187205   25.81715156565431
9643.554687497048   24.82670482255149
9649.658203122046   19.87646879809081
9655.761718747044   16.780867125187
9661.865234372042   24.56702351886877
9667.968749997041   25.09728395641012
9674.072265622039   14.42311243914035
9680.175781247035   24.84783603877137
9686.279296872033   19.35202437383154
9692.382812497031   20.27800701023921
9698.48632812203   22.46945713661331
9704.589843747028   22.0905332988984
9710.693359372026   21.94607988652195
9716.796874997024   23.82945327546447
9722.900390622022   24.88546272573101
9729.00390624702   25.53763682713644
9735.107421872019   27.70813576407557
9741.210937497017   26.02178480994034
9747.314453122015   20.26996219860738
9753.417968747013   18.74871205537038
9759.521484372011   22.20833597701758
9765.62499999701   23.27706271562645
9771.728515622008   23.90900965642502
9777.832031247006   25.56742655892458
9783.935546872004   25.54291151016906
9790.039062497002   22.20380070062103
9796.142578122   17.34802470805443
9802.246093746999   16.53025862384127
9808.349609371997   19.98217547412165
9814.453124996995   16.27586062706163
9820.556640621993   20.90754532730757
9826.660156246991   23.31376007489122
9832.76367187199   16.73099328915475
9838.867187496988   14.98219936972385
9844.970703121986   21.49045416097574
9851.074218746984   23.66423388895854
9857.177734371982   21.75155847080454
9863.28124999698   21.60755864316399
9869.384765621979   20.05516051048513
9875.488281246977   20.20222109598933
9881.591796871975   24.84638320483662
9887.695312496973   24.28704022868718
9893.798828121971   21.56377311605127
9899.90234374697   20.30626914169584
9906.005859371966   9.182998840756486
9912.109374996964   17.70147800588832
9918.212890621962   10.81325857785763
9924.31640624696   -1.14944939916687
9930.419921871959   19.87339616272361
9936.523437496957   27.65329648212776
9942.626953121955   27.40639310269309
9948.730468746953   27.056154921363
9954.833984371951   26.12151675634739
9960.93749999695   23.88436625239663
9967.041015621948   23.1521493522708
9973.144531246946   19.15650343372434
9979.248046871944   19.47203430032652
9985.351562496942   22.30562951832113
9991.45507812194   22.34547315807966
9997.558593746939   18.82543107601042
10003.66210937194   22.13933223238437
10009.76562499694   17.97608491613165
10015.86914062193   23.83276035480986
10021.97265624693   19.62738687822046
10028.07617187193   7.63686526267747
10034.17968749693   13.48809050072716
10040.28320312193   18.65742943567534
10046.38671874692   18.12592873816174
10052.49023437192   22.77185515358758
10058.59374999692   23.10910771243696
10064.69726562192   18.93064027145278
10070.80078124692   10.16575887967388
10076.90429687191   22.26515907213391
10083.00781249691   22.19207824507734
10089.11132812191   18.45602107552742
10095.21484374691   16.17917172428424
10101.31835937191   16.15817180095249
10107.42187499691   15.47281842182343
10113.5253906219   15.12313013808906
10119.6289062469   16.42734139659115
10125.7324218719   23.71245877705845
10131.8359374969   24.80433052057082
10137.93945312189   12.75357012568628
10144.04296874689   24.46283249779641
10150.14648437189   23.67403556697333
10156.24999999689   9.703545741509329
10162.35351562189   15.05092227821639
10168.45703124689   15.43874023144774
10174.56054687188   23.86175545750211
10180.66406249688   25.48059381763299
10186.76757812188   23.24659399152976
10192.87109374688   24.48747126107204
10198.97460937188   11.44863774023708
10205.07812499687   21.21856066321723
10211.18164062187   24.11246736428671
10217.28515624687   25.62666820111176
10223.38867187187   22.95219446497633
10229.49218749687   21.30718497368711
10235.59570312187   20.24716302802817
10241.69921874686   26.52948654934166
10247.80273437186   27.10301142419907
10253.90624999686   23.52534849637034
10260.00976562186   19.80302655597661
10266.11328124686   15.28725954112478
10272.21679687185   20.69260913746206
10278.32031249685   21.14466608623202
10284.42382812185   22.70066310455001
10290.52734374685   26.82650757964833
10296.63085937185   23.62430990482248
10302.73437499685   12.11933335932312
10308.83789062184   17.86082198995891
10314.94140624684   19.07132646859554
10321.04492187184   16.0810165485215
10327.14843749684   15.29734508606094
10333.25195312184   22.60951377347557
10339.35546874683   18.83479558193797
10345.45898437183   20.28594802210613
10351.56249999683   20.09461306539535
10357.66601562183   15.96821053729042
10363.76953124683   17.94567920378859
10369.87304687182   24.17007546096473
10375.97656249682   25.00166421482501
10382.08007812182   23.31783178056996
10388.18359374682   22.10051993381194
10394.28710937182   22.74459717557068
10400.39062499681   21.00148982622192
10406.49414062181   -0.9541083504370483
10412.59765624681   22.85621440250879
10418.70117187181   22.29580851752558
10424.80468749681   21.68924395223925
10430.90820312181   9.392848832396282
10437.0117187468   22.27328713305928
10443.1152343718   23.71895033230004
10449.2187499968   25.91065107684322
10455.3222656218   19.13588929332601
10461.4257812468   20.17256540838964
10467.52929687179   15.39748150761197
10473.63281249679   23.91267261019484
10479.73632812179   24.96313465455796
10485.83984374679   16.59991989722445
10491.94335937179   16.47431010954305
10498.04687499679   17.67873913532573
10504.15039062178   16.59840035224827
10510.25390624678   17.83772627767755
10516.35742187178   19.60508786102382
10522.46093749678   22.14761891067857
10528.56445312178   19.93819413718879
10534.66796874677   23.94434707839957
10540.77148437177   27.54722808191802
10546.87499999677   25.25996302772665
10552.97851562177   23.41039416881806
10559.08203124677   17.31216630480101
10565.18554687177   23.7547606176197
10571.28906249676   23.16357695169783
10577.39257812176   25.30904638701116
10583.49609374676   23.93463081049477
10589.59960937176   21.96371142134409
10595.70312499675   12.08922185408239
10601.80664062175   7.056635676391101
10607.91015624675   22.2435892285456
10614.01367187175   24.33203010344945
10620.11718749675   21.59805063191202
10626.22070312175   23.27392841860905
10632.32421874674   26.47281961943671
10638.42773437174   23.34719438597674
10644.53124999674   20.38125398375825
10650.63476562174   24.75984257965846
10656.73828124674   19.99900775265065
10662.84179687173   19.32655378122975
10668.94531249673   19.06677650278537
10675.04882812173   19.82077642064172
10681.15234374673   20.31378440690928
10687.25585937173   15.58914671895652
10693.35937499673   11.3431128089949
10699.46289062172   16.5677912045801
10705.56640624672   9.786110117228898
10711.66992187172   15.15242092341745
10717.77343749672   7.728063160919775
10723.87695312172   15.76918704305231
10729.98046874671   23.95883727519699
10736.08398437171   24.76958367414522
10742.18749999671   24.7134260407099
10748.29101562171   23.95444530699679
10754.39453124671   22.70715644297211
10760.49804687171   15.67392865640592
10766.6015624967   16.57833351839067
10772.7050781217   23.37157469734971
10778.8085937467   22.11426170679205
10784.9121093717   20.03957148369427
10791.01562499669   22.78006929445839
10797.11914062169   20.05951220764235
10803.22265624669   13.16763351469289
10809.32617187169   16.92591030274453
10815.42968749669   18.06196390790612
10821.53320312169   18.49062831160882
10827.63671874668   10.08788170118624
10833.74023437168   23.03281877214399
10839.84374999668   23.49910055064156
10845.94726562168   26.63577481545675
10852.05078124668   27.29100004250592
10858.15429687167   23.65344372689353
10864.25781249667   18.28495144769434
10870.36132812167   24.73546329520479
10876.46484374667   24.14104526356331
10882.56835937167   22.88147907933414
10888.67187499667   23.25422697591924
10894.77539062166   13.86389602173177
10900.87890624666   4.49613938969253
10906.98242187166   22.72714753326913
10913.08593749666   25.93128969929413
10919.18945312166   23.72471956375945
10925.29296874665   19.22993289754847
10931.39648437165   15.0434918054504
10937.49999999665   12.86182418737382
10943.60351562165   20.93776066191926
10949.70703124665   14.40928839590276
10955.81054687165   12.33910559316838
10961.91406249664   10.96824685730733
10968.01757812164   16.77977718200707
10974.12109374664   26.36607119424488
10980.22460937164   25.59000007389592
10986.32812499664   20.88140705388408
10992.43164062163   19.65404181204657
10998.53515624663   23.23110391855664
11004.63867187163   19.35698827051725
11010.74218749663   23.99024046424438
11016.84570312163   23.41067372239644
11022.94921874662   10.71420507417783
11029.05273437162   15.73235727728323
11035.15624999662   11.04451489574438
11041.25976562162   16.85363023447543
11047.36328124662   23.88506789567631
11053.46679687161   25.88036361335486
11059.57031249661   9.40119157322394
11065.67382812161   24.79588595181929
11071.77734374661   22.45917356453562
11077.88085937161   19.58834585052978
11083.98437499661   16.11118776966843
11090.0878906216   21.49449122978393
11096.1914062466   24.09648273025761
11102.2949218716   20.04499714818403
11108.3984374966   15.28843774752782
11114.5019531216   21.6380164217709
11120.60546874659   23.63229414084776
11126.70898437159   23.7224053716669
11132.81249999659   24.86052311637441
11138.91601562159   23.29368206229348
11145.01953124659   15.83178003874067
11151.12304687159   17.04743206317855
11157.22656249658   16.04635604796909
11163.33007812158   10.90988422966376
11169.43359374658   19.31138001604991
11175.53710937158   20.1400663468136
11181.64062499658   24.35069694592084
11187.74414062157   19.48279451301098
11193.84765624657   15.95597099619741
11199.95117187157   16.5077115452119
11206.05468749657   20.45472285588795
11212.15820312157   21.2095264137455
11218.26171874657   15.89293529184355
11224.36523437156   1.651214322180095
11230.46874999656   15.30380095959221
11236.57226562156   18.94579630615199
11242.67578124656   21.89629095016896
11248.77929687155   21.59371367976021
11254.88281249655   16.66192261833495
11260.98632812155   16.31744780623939
11267.08984374655   18.00674343514809
11273.19335937155   20.40616666807356
11279.29687499655   23.03255892492558
11285.40039062154   21.06919934206217
11291.50390624654   14.16571600640421
11297.60742187154   13.74422737609449
11303.71093749654   21.09217581157544
11309.81445312154   18.52984187697955
11315.91796874653   20.68585308761291
11322.02148437153   23.80053537784502
11328.12499999653   20.41638208322288
11334.22851562153   17.00117696453762
11340.33203124653   22.65407352985825
11346.43554687153   23.20817860430238
11352.53906249652   21.07415507228653
11358.64257812152   19.55848400263638
11364.74609374652   20.36367084667051
11370.84960937152   20.2946235686749
11376.95312499652   12.57465297673012
11383.05664062151   0.04343677341055532
11389.16015624651   8.028498230036929
11395.26367187151   20.89055430785363
11401.36718749651   25.88416846023453
11407.47070312151   26.07653826967304
11413.57421874651   22.62470367034001
11419.6777343715   20.96720975609892
11425.7812499965   22.70101844487002
11431.8847656215   19.76854958123617
11437.9882812465   23.88615383430567
11444.0917968715   22.48929866137711
11450.19531249649   20.26970765320077
11456.29882812149   20.38246192478593
11462.40234374649   -3.000760968954648
11468.50585937149   17.60370319312612
11474.60937499649   23.24575378382951
11480.71289062148   20.40741760852649
11486.81640624648   22.06741158899882
11492.91992187148   22.32190479959071
11499.02343749648   19.4696934241164
11505.12695312148   22.91529355233054
11511.23046874647   11.00805557881637
11517.33398437147   16.01607458217901
11523.43749999647   10.051581156872
11529.54101562147   13.55554048226787
11535.64453124647   19.95821061061918
11541.74804687147   22.07244082956152
11547.85156249646   4.395125086796872
11553.95507812146   22.41742964445478
11560.05859374646   19.73183792518441
11566.16210937146   17.72487410259996
11572.26562499646   21.15556251582647
11578.36914062145   22.74060953121068
11584.47265624645   12.30841909355664
11590.57617187145   12.91079329501378
11596.67968749645   11.02516195516545
11602.78320312145   20.17505244063226
11608.88671874645   21.74163421014059
11614.99023437144   18.59243615822154
11621.09374999644   0.4402350894702564
11627.19726562144   12.85031262144527
11633.30078124644   12.40693026973817
11639.40429687144   21.83194702839968
11645.50781249643   26.30647774475862
11651.61132812143   27.49756913675323
11657.71484374643   26.9051683483757
11663.81835937143   25.05100019556178
11669.92187499643   24.3252910040189
11676.02539062143   20.50883629738807
11682.12890624642   21.09920912460985
11688.23242187142   24.12115949994381
11694.33593749642   27.1745848778673
11700.43945312142   23.80222119007639
11706.54296874641   23.99252004998991
11712.64648437141   20.92834117062381
11718.74999999641   18.47227340350864
11724.85351562141   19.43565902173119
11730.95703124641   15.6770696195235
11737.06054687141   17.90623528183974
11743.1640624964   22.97962776792671
11749.2675781214   12.98355083735276
11755.3710937464   19.68328857975593
11761.4746093714   2.575165719245132
11767.5781249964   22.09483931830224
11773.68164062139   19.20714025022363
11779.78515624639   19.60893887290159
11785.88867187139   21.54101370020233
11791.99218749639   20.18353234302301
11798.09570312139   18.93612883516975
11804.19921874639   21.28611464119279
11810.30273437138   16.88867882543114
11816.40624999638   15.38212184666697
11822.50976562138   13.02010411703787
11828.61328124638   22.24501913633233
11834.71679687138   22.20007212008305
11840.82031249637   20.84561967287922
11846.92382812137   17.53685503047396
11853.02734374637   19.72491972502611
11859.13085937137   10.70554084905398
11865.23437499637   12.95719385229766
11871.33789062137   22.89168870917673
11877.44140624636   21.31599124767083
11883.54492187136   15.41823234857919
11889.64843749636   18.77344926025601
11895.75195312136   23.84460624941643
11901.85546874636   25.52750542560147
11907.95898437135   27.01192125065567
11914.06249999635   26.76407414390548
11920.16601562135   25.89743119037842
11926.26953124635   19.8305608487083
11932.37304687135   18.86129663221408
11938.47656249634   25.10703061433599
11944.58007812134   27.46109482937094
11950.68359374634   27.81857371256227
11956.78710937134   25.0460581110286
11962.89062499634   22.13879681042716
11968.99414062133   25.54395125983253
11975.09765624633   22.44992805961462
11981.20117187133   11.17265461277335
11987.30468749633   18.21213552290546
11993.40820312133   11.12227333307929
11999.51171874633   19.98439335330229
12005.61523437132   21.35614486554699
12011.71874999632   24.85523897155475
12017.82226562132   22.80320864485557
12023.92578124632   21.92600284566025
12030.02929687132   22.72108575597164
12036.13281249631   22.32722201465771
12042.23632812131   19.34100215750111
12048.33984374631   22.61885372645894
12054.44335937131   24.86249974490164
12060.54687499631   19.33855470913004
12066.65039062131   21.29066604775725
12072.7539062463   19.56686778010287
12078.8574218713   13.39561863754206
12084.9609374963   21.53479718443963
12091.0644531213   24.05611359868985
12097.1679687463   23.36405321686679
12103.27148437129   19.28777707029183
12109.37499999629   12.00137303295529
12115.47851562129   22.07830762024748
12121.58203124629   23.26724749811119
12127.68554687129   19.16885736374895
12133.78906249628   16.74875022855774
12139.89257812128   21.89019129880604
12145.99609374628   22.4877143094943
12152.09960937128   17.55047384181178
12158.20312499628   21.3440696853941
12164.30664062127   11.84798143489188
12170.41015624627   17.52642636808477
12176.51367187127   8.369749960903675
12182.61718749627   -9.943841026152771
12188.72070312127   12.76210749533015
12194.82421874627   20.21068645169994
12200.92773437126   24.09830918163914
12207.03124999626   23.54535896526187
12213.13476562126   24.55631957434865
12219.23828124626   21.96842032202038
12225.34179687126   16.02476073933866
12231.44531249625   21.27170042995428
12237.54882812125   22.94403897018003
12243.65234374625   21.88553634743561
12249.75585937125   20.08570223356174
12255.85937499625   23.49785463641345
12261.96289062125   24.01788338661429
12268.06640624624   13.38744413151952
12274.16992187124   17.14732508518048
12280.27343749624   15.46910497392727
12286.37695312124   19.3925923465766
12292.48046874624   12.46116718429223
12298.58398437123   14.64681291287537
12304.68749999623   21.75567085264368
12310.79101562123   21.15972555000493
12316.89453124623   5.628555025077225
12322.99804687123   16.58898255584944
12329.10156249623   17.38131473275355
12335.20507812122   19.1220026435369
12341.30859374622   17.78232366160117
12347.41210937122   14.55544816559932
12353.51562499622   18.24451636127812
12359.61914062121   8.008983205816417
12365.72265624621   15.05255885620189
12371.82617187121   12.52542043634077
12377.92968749621   9.894587444726103
12384.03320312121   15.61460302060628
12390.13671874621   14.12952616606465
12396.2402343712   9.347769591956661
12402.3437499962   19.44603825414798
12408.4472656212   23.97755668799647
12414.5507812462   21.82802644260323
12420.6542968712   20.65783385477467
12426.75781249619   12.04680026302482
12432.86132812119   22.43002915610882
12438.96484374619   17.1308182356428
12445.06835937119   17.79803797106089
12451.17187499619   19.86894530262096
12457.27539062119   19.80089384300344
12463.37890624618   15.87397549102395
12469.48242187118   15.1384029128913
12475.58593749618   8.503871713018752
12481.68945312118   19.20350644121235
12487.79296874618   23.33046564066627
12493.89648437117   24.54473970682893
12499.99999999617   12.93699952518482
12506.10351562117   13.77188102388792
12512.20703124617   24.8632188782284
12518.31054687117   25.30315207329656
12524.41406249617   20.30139768724134
12530.51757812116   20.89424910536026
12536.62109374616   24.75974001571106
12542.72460937116   26.17647660243701
12548.82812499616   21.68289986497779
12554.93164062116   20.27081863719452
12561.03515624615   15.91485715560076
12567.13867187115   22.728045837121
12573.24218749615   23.65211883649307
12579.34570312115   24.05202354702613
12585.44921874615   20.23822847557705
12591.55273437114   20.03519779215092
12597.65624999614   18.47890281891138
12603.75976562114   21.83152801286147
12609.86328124614   13.50465774074835
12615.96679687114   16.07187597855314
12622.07031249613   20.45505168218259
12628.17382812113   14.33563083990406
12634.27734374613   16.86642953203172
12640.38085937113   23.23639696233137
12646.48437499613   25.22986012623593
12652.58789062113   19.16579713792079
12658.69140624612   16.16178105225074
12664.79492187112   18.41680886322258
12670.89843749612   7.723892866770371
12677.00195312112   19.22294628674337
12683.10546874612   19.71043959648736
12689.20898437111   14.97128256053712
12695.31249999611   17.09303665178859
12701.41601562111   22.55688449158124
12707.51953124611   25.57805016329205
12713.62304687111   24.91818016353003
12719.72656249611   9.441686622007413
12725.8300781211   20.373061854458
12731.9335937461   20.49517548568567
12738.0371093711   21.43794772935774
12744.1406249961   22.00527408876514
12750.2441406211   22.08043629449441
12756.34765624609   2.382573091807917
12762.45117187109   19.245526563562
12768.55468749609   21.78576071322103
12774.65820312109   22.84564927377414
12780.76171874609   18.8299883270834
12786.86523437109   10.95691844877418
12792.96874999608   17.65017383959087
12799.07226562108   15.24692713480901
12805.17578124608   23.09500928790215
12811.27929687108   22.42176807374198
12817.38281249607   18.3870118816923
12823.48632812107   23.94649839923085
12829.58984374607   24.69370791799199
12835.69335937107   22.47252168102898
12841.79687499607   16.39213967248012
12847.90039062107   18.3330224305201
12854.00390624606   19.58670891231132
12860.10742187106   6.646470059439279
12866.21093749606   19.12834770557837
12872.31445312106   25.325475913267
12878.41796874606   18.16135780311825
12884.52148437105   18.85256242858493
12890.62499999605   19.99617786379802
12896.72851562105   18.61122186448151
12902.83203124605   9.974581795653215
12908.93554687105   24.02590473135111
12915.03906249605   23.33269949121756
12921.14257812104   13.19246712949592
12927.24609374604   16.22199728875739
12933.34960937104   20.08753621637354
12939.45312499604   21.0343769353798
12945.55664062104   20.40777861290379
12951.66015624603   17.41603722439256
12957.76367187103   24.36045823716192
12963.86718749603   19.07267158183229
12969.97070312103   25.71781943140007
12976.07421874603   23.04916996241252
12982.17773437103   7.881865610853904
12988.28124999602   23.73807211004234
12994.38476562102   23.78793989716699
13000.48828124602   25.52313915495584
13006.59179687102   24.02355286940979
13012.69531249602   20.11693354050354
13018.79882812101   19.82304250515595
13024.90234374601   15.74097398843775
13031.00585937101   3.34814137037108
13037.10937499601   15.65213397624976
13043.21289062101   23.35326736281722
13049.316406246   26.29131210477112
13055.419921871   26.13291676318661
13061.523437496   25.36843485796264
13067.626953121   24.51606273138131
13073.730468746   11.8479527132005
13079.83398437099   14.74465660921289
13085.93749999599   21.83977259042208
13092.04101562099   25.66938477847429
13098.14453124599   24.00017272274816
13104.24804687099   21.88982407831028
13110.35156249599   19.63212815957688
13116.45507812098   21.06683946698875
13122.55859374598   22.86338288870978
13128.66210937098   11.96966746608336
13134.76562499598   -8.3967410911073
13140.86914062098   16.01434889525687
13146.97265624597   19.07220432928649
13153.07617187097   16.95019058617911
13159.17968749597   21.68422480375526
13165.28320312097   23.52530690254511
13171.38671874597   20.87464543920899
13177.49023437097   3.533501125000092
13183.59374999596   17.64492003566444
13189.69726562096   19.06861856989759
13195.80078124596   23.560223415126
13201.90429687096   23.58687170102572
13208.00781249596   21.59321244230314
13214.11132812095   22.36543247647411
13220.21484374595   25.96660496202187
13226.31835937095   25.02277065893622
13232.42187499595   17.26090794995091
13238.52539062095   15.69667535147414
13244.62890624594   18.14064592431233
13250.73242187094   20.80492048699861
13256.83593749594   21.75352433663301
13262.93945312094   19.40304403424261
13269.04296874594   13.35362791172286
13275.14648437093   13.02976957526476
13281.24999999593   11.47162986110437
13287.35351562093   14.10972062570822
13293.45703124593   3.163326500505509
13299.56054687093   19.68041103568132
13305.66406249593   20.90157109009578
13311.76757812092   19.19781567657053
13317.87109374592   21.39533630864381
13323.97460937092   16.7649103686637
13330.07812499592   22.94677687703643
13336.18164062092   17.20693902057336
13342.28515624591   13.98034357638811
13348.38867187091   14.87904843175462
13354.49218749591   23.42533978870709
13360.59570312091   22.32670131770103
13366.69921874591   17.48793752047433
13372.80273437091   13.77775496232741
13378.9062499959   8.430667795018033
13385.0097656209   -0.8889235676209249
13391.1132812459   14.5810627096797
13397.2167968709   20.88039781239726
13403.3203124959   19.21084123356951
13409.42382812089   13.68841930238718
13415.52734374589   14.90683884139442
13421.63085937089   3.77954901854177
13427.73437499589   21.71162943896224
13433.83789062089   24.55929200571043
13439.94140624589   16.39769534870624
13446.04492187088   17.18050442845514
13452.14843749588   20.88179917636226
13458.25195312088   17.79842289454539
13464.35546874588   4.478147205373092
13470.45898437087   20.98574477500027
13476.56249999587   19.55956995252041
13482.66601562087   9.46802569392139
13488.76953124587   11.6464616115902
13494.87304687087   21.54280410053227
13500.97656249587   18.75782284358678
13507.08007812086   21.34940313695401
13513.18359374586   15.41535881456081
13519.28710937086   22.63731686435155
13525.39062499586   18.58197632457494
13531.49414062086   15.7201498692834
13537.59765624585   18.89762506589339
13543.70117187085   21.22315400693072
13549.80468749585   3.437085676186074
13555.90820312085   23.10576512187011
13562.01171874585   23.8019365154544
13568.11523437085   17.65454265948006
13574.21874999584   18.14010283865122
13580.32226562084   18.27793771555775
13586.42578124584   19.12576101493044
13592.52929687084   18.59838057266347
13598.63281249584   23.42831575467967
13604.73632812083   21.86599573161903
13610.83984374583   21.42265226144055
13616.94335937083   25.0287803195579
13623.04687499583   21.08570942956975
13629.15039062083   8.858967139013027
13635.25390624583   19.27341613527017
13641.35742187082   18.09199767567006
13647.46093749582   17.56166257113673
13653.56445312082   19.63819112833453
13659.66796874582   23.15968365335348
13665.77148437082   16.71462431824233
13671.87499999581   21.78366923386709
13677.97851562081   26.26785039199978
13684.08203124581   21.74225341141341
13690.18554687081   21.25375919730737
13696.28906249581   22.08291799544271
13702.3925781208   19.30650841285363
13708.4960937458   15.47609054671984
13714.5996093708   18.94904690071798
13720.7031249958   21.75042690003411
13726.8066406208   17.19228482392217
13732.91015624579   7.9827768037862
13739.01367187079   18.32500027618292
13745.11718749579   20.70762851957818
13751.22070312079   16.58322655303274
13757.32421874579   19.28629409556516
13763.42773437079   16.83752176314178
13769.53124999578   21.03873731695985
13775.63476562078   21.41898332723324
13781.73828124578   24.27633264373686
13787.84179687078   19.03989673449502
13793.94531249578   21.69859156145651
13800.04882812077   13.0682770879695
13806.15234374577   17.14114615649641
13812.25585937077   17.6573272250789
13818.35937499577   9.127694190732075
13824.46289062077   22.00280327945761
13830.56640624577   21.35559750449362
13836.66992187076   18.45447662264021
13842.77343749576   16.73274216575439
13848.87695312076   17.66458267802562
13854.98046874576   19.26894200777676
13861.08398437076   2.055434872066836
13867.18749999575   15.5279747756276
13873.29101562075   19.58552177153554
13879.39453124575   25.04266650970885
13885.49804687075   12.59618404770687
13891.60156249575   22.13053194724266
13897.70507812075   23.5462409744567
13903.80859374574   19.42612532930764
13909.91210937074   17.51258960270825
13916.01562499574   12.44605043047422
13922.11914062074   22.84903555247191
13928.22265624573   23.89662051304578
13934.32617187073   22.24285543649773
13940.42968749573   20.86425828982833
13946.53320312073   19.79993623333154
13952.63671874573   22.11980891118269
13958.74023437073   23.26797754419637
13964.84374999572   18.85278340090144
13970.94726562072   10.61083341843195
13977.05078124572   17.22167595163122
13983.15429687072   18.03227940169873
13989.25781249572   19.90597291162533
13995.36132812071   23.24046400703395
14001.46484374571   21.44003895059177
14007.56835937071   8.228651431915397
14013.67187499571   23.75768262258401
14019.77539062071   24.71801351083346
14025.87890624571   9.704798988961773
14031.9824218707   12.20507923366263
14038.0859374957   22.05924106584161
14044.1894531207   17.34975721022391
14050.2929687457   15.47380423559244
14056.3964843707   23.85187795450586
14062.49999999569   21.80448717068194
14068.60351562069   17.34366756910508
14074.70703124569   19.07125821165854
14080.81054687069   15.04492351282966
14086.91406249569   12.25891364657579
14093.01757812069   18.49210659280215
14099.12109374568   22.86074931458605
14105.22460937068   21.01399120458657
14111.32812499568   8.940561071402533
14117.43164062068   15.91203898354384
14123.53515624568   16.26866918439949
14129.63867187067   16.4427423598318
14135.74218749567   15.52165038818769
14141.84570312067   17.05206893459493
14147.94921874567   17.77742096227072
14154.05273437067   11.86344915816632
14160.15624999566   19.34747139953242
14166.25976562066   24.0312459840808
14172.36328124566   24.38289556424806
14178.46679687066   24.05799039065894
14184.57031249566   19.96669139745935
14190.67382812065   18.41367743747405
14196.77734374565   21.66268910810953
14202.88085937065   16.10368749346289
14208.98437499565   17.97602688096864
14215.08789062065   15.83519374670949
14221.19140624565   15.20623227951821
14227.29492187064   21.11045490004869
14233.39843749564   18.29646312586092
14239.50195312064   23.58867815810716
14245.60546874564   24.35800374963246
14251.70898437064   20.71649926707286
14257.81249999563   15.48433839493449
14263.91601562063   18.7537684716385
14270.01953124563   20.60506026981031
14276.12304687063   16.80805003689324
14282.22656249563   13.02233188100121
14288.33007812063   14.72308098122469
14294.43359374562   18.75069090559344
14300.53710937062   16.1595818258528
14306.64062499562   24.41859435727254
14312.74414062062   24.4323674348631
14318.84765624562   16.71658846813978
14324.95117187061   15.71116248206032
14331.05468749561   18.67760806021139
14337.15820312061   13.79067561339118
14343.26171874561   19.50349815832869
14349.36523437061   14.76800077918388
14355.4687499956   14.79878144578023
14361.5722656206   16.84433939277254
14367.6757812456   18.8666405502217
14373.7792968706   0.412035296725965
14379.8828124956   21.44397051744211
14385.98632812059   23.29865129290355
14392.08984374559   19.65287110044851
14398.19335937059   11.38607471291356
14404.29687499559   19.11346300502188
14410.40039062059   20.54146125100472
14416.50390624559   16.51020467075054
14422.60742187058   20.53574613765118
14428.71093749558   22.95717783050733
14434.81445312058   21.22655444103152
14440.91796874558   9.999346065676876
14447.02148437058   21.81739999323671
14453.12499999557   23.20500837130398
14459.22851562057   23.20415132035441
14465.33203124557   22.04345258673227
14471.43554687057   22.64609359670176
14477.53906249557   19.8985068744573
14483.64257812057   10.83837965503143
14489.74609374556   16.80044746342812
14495.84960937056   17.9465410758593
14501.95312499556   2.031027088315188
14508.05664062056   15.10120901700719
14514.16015624556   20.785632062109
14520.26367187055   14.76784032039397
14526.36718749555   18.15705809596195
14532.47070312055   14.96976833178063
14538.57421874555   1.902361938528621
14544.67773437055   10.35300660592567
14550.78124999555   4.983271818327294
14556.88476562054   19.95226055992283
14562.98828124554   19.23896987541564
14569.09179687054   16.74924623265416
14575.19531249554   17.70478630241757
14581.29882812053   12.70194545374943
14587.40234374553   15.69019025001953
14593.50585937053   2.125929295817502
14599.60937499553   15.65980506979556
14605.71289062053   14.87639311991497
14611.81640624553   21.70536043978009
14617.91992187052   21.38575365922755
14624.02343749552   5.704369101416972
14630.12695312052   12.69812913522988
14636.23046874552   18.36565598358487
14642.33398437052   7.053481616747109
14648.43749999551   13.7002356117935
14654.54101562051   18.28256298679252
14660.64453124551   19.77908670422295
14666.74804687051   17.46015886400686
14672.85156249551   16.14201077980305
14678.95507812051   21.07819154775677
14685.0585937455   24.9905693910747
14691.1621093705   20.93600175406592
14697.2656249955   13.28255816327502
14703.3691406205   21.9699055471097
14709.4726562455   19.87192746429192
14715.57617187049   19.79019287548525
14721.67968749549   16.89020353180502
14727.78320312049   6.305063363673307
14733.88671874549   12.51135698693128
14739.99023437049   10.94959225684396
14746.09374999549   -0.2407071492294918
14752.19726562048   6.799756563794479
14758.30078124548   15.93201005392435
14764.40429687048   20.16866655078489
14770.50781249548   16.92631244338308
14776.61132812048   14.59650559789659
14782.71484374547   24.67248640528591
14788.81835937047   27.09713630760366
14794.92187499547   23.25590450229769
14801.02539062047   11.69176540121822
14807.12890624547   1.695690273453796
14813.23242187046   12.65690460633137
14819.33593749546   17.34560158198635
14825.43945312046   9.806019714258595
14831.54296874546   17.24145136130597
14837.64648437046   15.26049389786092
14843.74999999545   14.91742044803813
14849.85351562045   22.87136952582472
14855.95703124545   24.21498342081293
14862.06054687045   15.28169434506322
14868.16406249545   12.97864113393743
14874.26757812045   17.59947984958174
14880.37109374544   21.23290749591153
14886.47460937044   22.14737840309893
14892.57812499544   20.83870819455326
14898.68164062044   20.96803806275846
14904.78515624544   17.91908970182864
14910.88867187043   17.74251635312945
14916.99218749543   20.04371122052943
14923.09570312043   12.96107330323003
14929.19921874543   21.96660304731871
14935.30273437043   22.76474715643486
14941.40624999543   22.74136350031246
14947.50976562042   22.02117113758071
14953.61328124542   18.27180192731463
14959.71679687042   19.89046683065938
14965.82031249542   21.65943555517391
14971.92382812042   21.88365010533685
14978.02734374541   21.16282047388768
14984.13085937041   17.29689098700658
14990.23437499541   13.35932153760913
14996.33789062041   9.410981816653536
15002.44140624541   20.89717368935503
15008.54492187041   23.61336413949602
15014.6484374954   11.99741326575858
15020.7519531204   -8.517082470071596
15026.8554687454   7.860000935723507
15032.9589843704   18.06168247699699
15039.06249999539   20.7076931698006
15045.16601562039   22.53197116849529
15051.26953124539   22.14434054038131
15057.37304687039   19.7794060188747
15063.47656249539   21.76361877614521
15069.58007812039   22.56991017554832
15075.68359374538   23.38149583613985
15081.78710937038   21.31877261118945
15087.89062499538   3.987755100555696
15093.99414062038   15.01024902498182
15100.09765624538   16.31007306685061
15106.20117187037   21.65750230175473
15112.30468749537   22.15992013216637
15118.40820312037   13.94890780412123
15124.51171874537   10.40601742842553
15130.61523437037   14.09459493708832
15136.71874999537   16.79069866336899
15142.82226562036   12.88878790838331
15148.92578124536   20.28198210440281
15155.02929687036   16.34740980625296
15161.13281249536   4.520848760385928
15167.23632812036   18.25894555551305
15173.33984374535   23.17444575328848
15179.44335937035   25.34908686820626
15185.54687499535   23.15179929227174
15191.65039062035   23.32292940048614
15197.75390624535   23.95338056283414
15203.85742187035   24.21210461697297
15209.96093749534   19.26522127825459
15216.06445312034   19.58969180387812
15222.16796874534   19.65687152462707
15228.27148437034   15.03490429267568
15234.37499999534   19.88005816753216
15240.47851562033   17.11552212082536
15246.58203124533   19.01155279422968
15252.68554687033   16.77264416085722
15258.78906249533   15.78166783920261
15264.89257812033   18.88958843981367
15270.99609374532   10.88361438162247
15277.09960937032   16.5949522131622
15283.20312499532   23.04353670408696
15289.30664062032   25.43509797376695
15295.41015624532   24.2140575959076
15301.51367187031   2.621405988689127
15307.61718749531   19.0102412336839
15313.72070312031   19.20469900937228
15319.82421874531   20.64327579279453
15325.92773437031   18.52147054601999
15332.03124999531   19.31170628753411
15338.1347656203   10.40608062055931
15344.2382812453   12.56656176419911
15350.3417968703   8.095816251501525
15356.4453124953   4.377289125458545
15362.5488281203   16.684568625862
15368.65234374529   10.2486175900502
15374.75585937029   20.36555914465112
15380.85937499529   24.03498135474314
15386.96289062029   23.392768479976
15393.06640624529   18.91216173044917
15399.16992187029   19.21058825902679
15405.27343749528   8.939048028519935
15411.37695312028   10.7969833617041
15417.48046874528   6.310041244010947
15423.58398437028   14.30447911505091
15429.68749999528   14.80574584790736
15435.79101562027   16.28167564854197
15441.89453124527   16.57164296682624
15447.99804687027   18.06881692542427
15454.10156249527   21.82998309087456
15460.20507812027   14.87941655039799
15466.30859374526   22.64911625094125
15472.41210937026   23.75296825224877
15478.51562499526   13.4603849917819
15484.61914062026   12.89219275128401
15490.72265624526   15.11022980990616
15496.82617187025   14.71967313044439
15502.92968749525   20.19165953003217
15509.03320312025   19.73230235242609
15515.13671874525   17.99733640417438
15521.24023437025   21.47734096038094
15527.34374999525   15.2599237060168
15533.44726562024   9.858145612461421
15539.55078124524   13.05018269775582
15545.65429687024   17.7732198093421
15551.75781249524   18.6542681464569
15557.86132812024   12.68905635571972
15563.96484374523   20.72445659463534
15570.06835937023   20.61838547435535
15576.17187499523   21.52545916562779
15582.27539062023   11.92509234142227
15588.37890624523   14.75058151154128
15594.48242187023   13.29802560732955
15600.58593749522   4.610979974534898
15606.68945312022   15.3281924247807
15612.79296874522   21.95568234910222
15618.89648437022   20.20409824469813
15624.99999999522   14.7427798327928
15631.10351562021   21.27336431227727
15637.20703124521   21.30305274544415
15643.31054687021   18.12703472592479
15649.41406249521   2.849900620407617
15655.51757812021   8.181621414046646
15661.62109374521   16.7376074982686
15667.7246093702   20.35531315930452
15673.8281249952   19.03302682070782
15679.9316406202   18.33610133779673
15686.0351562452   13.04912019780528
15692.13867187019   22.98041625086722
15698.24218749519   25.15096627959983
15704.34570312019   25.63211929217691
15710.44921874519   20.95382114981086
15716.55273437019   20.77052091470893
15722.65624999519   18.08354837332865
15728.75976562018   13.4722437289547
15734.86328124518   17.44114585052845
15740.96679687018   15.52295573187664
15747.07031249518   16.31188248346432
15753.17382812018   19.64149974427968
15759.27734374517   19.62335829241882
15765.38085937017   12.11757401546203
15771.48437499517   15.89076984503007
15777.58789062017   11.07644368409565
15783.69140624517   12.99795909546398
15789.79492187017   9.538065673567273
15795.89843749516   8.385973991322192
15802.00195312016   6.449113185442464
15808.10546874516   2.294385480147783
15814.20898437016   15.52151759459637
15820.31249999516   22.63137765145361
15826.41601562015   21.56780039694769
15832.51953124515   14.02455761901246
15838.62304687015   22.66300144665017
15844.72656249515   22.88589062804409
15850.83007812015   18.90360990344698
15856.93359374515   21.41537359213292
15863.03710937014   20.59041914655789
15869.14062499514   19.99901944002684
15875.24414062014   22.45179710674417
15881.34765624514   22.62514957583771
15887.45117187014   20.42446220557937
15893.55468749513   19.49752572863547
15899.65820312013   19.79655797520104
15905.76171874513   2.384634415171582
15911.86523437013   13.19745580907321
15917.96874999513   17.95720716720162
15924.07226562012   17.87313174588914
15930.17578124512   16.77218613427806
15936.27929687012   14.94743852596214
15942.38281249512   13.85086354591047
15948.48632812012   16.8408454284704
15954.58984374511   17.63486739735666
15960.69335937011   17.78013905839234
15966.79687499511   18.05963724653765
15972.90039062011   21.16052657069723
15979.00390624511   20.71807498335283
15985.10742187011   12.11607926679401
15991.2109374951   12.47183937304785
15997.3144531201   15.38684080203284
16003.4179687451   8.589552718228159
16009.5214843701   4.119383923308109
16015.6249999951   20.54011546688871
16021.72851562009   18.03996662225174
16027.83203124509   14.79453025972931
16033.93554687009   23.75318345775321
16040.03906249509   22.41936873929256
16046.14257812009   14.23280211510928
16052.24609374509   1.967116802298676
16058.34960937008   11.81139624223742
16064.45312499508   17.70336912621929
16070.55664062008   23.49730047738252
16076.66015624508   24.7932640474075
16082.76367187008   24.75370044683905
16088.86718749507   19.64109584287342
16094.97070312007   19.71372097803109
16101.07421874507   14.89349890798922
16107.17773437007   16.2007701921663
16113.28124999507   20.27932033855297
16119.38476562007   17.73047296562558
16125.48828124506   16.5846760542939
16131.59179687006   9.709876469078472
16137.69531249506   18.94917174942569
16143.79882812006   21.27708675969905
16149.90234374505   15.53255948881186
16156.00585937005   21.86415662836549
16162.10937499505   18.3545453330519
16168.21289062005   11.87016129745626
16174.31640624505   20.0837678179297
16180.41992187005   22.40782073006884
16186.52343749504   18.84871140245447
16192.62695312004   4.303137889234198
16198.73046874504   19.39336325227409
16204.83398437004   22.52823492675764
16210.93749999504   19.09227375965706
16217.04101562003   15.72519436787523
16223.14453124503   23.93872330798488
16229.24804687003   25.71213193883491
16235.35156249503   20.73107082464583
16241.45507812003   11.53988007242175
16247.55859374503   17.67815526739083
16253.66210937002   14.74926348601121
16259.76562499502   11.46030670022849
16265.86914062002   -11.90743272964262
16271.97265624502   17.99921005261121
16278.07617187002   13.94812118924838
16284.17968749501   9.858742936764871
16290.28320312001   11.39677055520697
16296.38671874501   12.31533426423682
16302.49023437001   17.52732311232113
16308.59374999501   19.83622026555005
16314.69726562001   0.4391903171630341
16320.800781245   21.14533015675604
16326.90429687   13.18881011734659
16333.007812495   10.76537994200639
16339.11132812   9.689158524278165
16345.214843745   12.45120702163713
16351.31835936999   19.17137862433089
16357.42187499499   23.90469877676234
16363.52539061999   17.83754925601129
16369.62890624499   15.04214630578018
16375.73242186999   1.690704536709128
16381.83593749498   15.31830889792838
16387.93945311998   18.83810015951901
16394.04296874498   1.129804929622839
16400.14648436998   21.08591791822959
16406.24999999498   20.77546838006839
16412.35351561998   -9.773958200818322
16418.45703124497   14.32857465536627
16424.56054686997   15.09774831882308
16430.66406249497   8.890067333429517
16436.76757811997   12.03111720890829
16442.87109374497   19.95073243893962
16448.97460936997   17.46489156726023
16455.07812499496   10.02464115659699
16461.18164061996   13.84372431833127
16467.28515624496   4.73526902245211
16473.38867186995   14.77499819405661
16479.49218749495   18.59336305442379
16485.59570311995   16.35533011785623
16491.69921874495   13.1005818128688
16497.80273436995   19.95537510547524
16503.90624999495   24.15690730210685
16510.00976561994   22.82466305947929
16516.11328124494   19.81385737276287
16522.21679686994   19.60459331946959
16528.32031249494   10.92108273755037
16534.42382811994   17.18564250700188
16540.52734374494   15.69372377524196
16546.63085936993   14.45012213848734
16552.73437499493   11.80057815523626
16558.83789061993   7.057372363745938
16564.94140624493   11.10999293551704
16571.04492186993   12.30128862200563
16577.14843749493   13.80486096665803
16583.25195311992   11.40442054196824
16589.35546874492   4.893250509574926
16595.45898436992   15.9532101652205
16601.56249999492   19.85977396556447
16607.66601561991   20.64426668371475
16613.76953124491   17.80390362448783
16619.87304686991   3.472828058116701
16625.97656249491   4.123297442018149
16632.08007811991   15.02491586266792
16638.18359374491   17.58053701346259
16644.2871093699   21.33033460933262
16650.3906249949   21.40819113307159
16656.4941406199   20.12412560680038
16662.5976562449   20.18273302721909
16668.7011718699   20.96666081860572
16674.8046874949   13.14811430482129
16680.90820311989   22.69011131420789
16687.01171874489   23.24028860109392
16693.11523436989   21.84219671221196
16699.21874999489   20.12493069176214
16705.32226561989   20.98493739017172
16711.42578124488   15.34070148988707
16717.52929686988   0.2375301678051944
16723.63281249488   13.90283604219827
16729.73632811988   18.12458161562844
16735.83984374487   11.67143020920463
16741.94335936987   1.418086361617315
16748.04687499487   18.423875176336
16754.15039061987   23.69488447594188
16760.25390624487   23.91149015729079
16766.35742186987   23.05589798663583
16772.46093749486   21.035155836085
16778.56445311986   23.50100218953711
16784.66796874486   23.78137172165835
16790.77148436986   11.94590791139849
16796.87499999486   20.23303004639799
16802.97851561986   22.93265571370625
16809.08203124485   23.09031538343979
16815.18554686985   18.38312261949172
16821.28906249485   19.20261436678616
16827.39257811985   20.40931072198628
16833.49609374484   15.09176436756037
16839.59960936984   13.65854291804054
16845.70312499484   18.2750634845661
16851.80664061984   15.37908128266774
16857.91015624484   17.20961382285224
16864.01367186984   14.28840295761381
16870.11718749483   19.53213899942187
16876.22070311983   19.92226552573807
16882.32421874483   16.44964240230464
16888.42773436983   11.37909705647068
16894.53124999483   9.001832431991062
16900.63476561983   -1.270545660438197
16906.73828124482   17.75870041380141
16912.84179686982   18.82560432679263
16918.94531249482   21.78214141481858
16925.04882811982   21.12811737271768
16931.15234374482   9.320503726476504
16937.25585936981   15.29751386605064
16943.35937499481   21.50287351409143
16949.46289061981   19.05136786127403
16955.56640624481   19.7417206778505
16961.6699218698   2.116444905747666
16967.7734374948   16.50331289667328
16973.8769531198   17.82087642948481
16979.9804687448   12.95790471183134
16986.0839843698   19.19151722200206
16992.1874999948   20.32834774428906
16998.29101561979   3.527264579184441
17004.39453124479   17.30453626947144
17010.49804686979   17.71407139555328
17016.60156249479   8.034008958994537
17022.70507811979   17.02325029809695
17028.80859374479   18.73553276742311
17034.91210936978   12.41650254368895
17041.01562499478   17.61294532771026
17047.11914061978   21.35409867512206
17053.22265624478   16.97318405859638
17059.32617186978   20.06814980476402
17065.42968749478   10.87515949939179
17071.53320311977   8.656752108540687
17077.63671874477   13.68915437177496
17083.74023436977   20.51835181165279
17089.84374999477   22.11912735757825
17095.94726561976   21.52034496354721
17102.05078124476   21.61885766940705
17108.15429686976   20.39324118499563
17114.25781249476   22.6752373714734
17120.36132811976   18.84043604783999
17126.46484374476   21.58873475005567
17132.56835936975   21.38597248718352
17138.67187499475   21.34221065581091
17144.77539061975   21.57427775756421
17150.87890624475   15.40144915354584
17156.98242186975   19.05236845937515
17163.08593749474   17.51580151681866
17169.18945311974   18.50165236778612
17175.29296874474   18.25792904229639
17181.39648436974   14.05786803718652
17187.49999999474   9.153212778274256
17193.60351561974   7.292027969556375
17199.70703124473   8.83785405233284
17205.81054686973   13.11178784614482
17211.91406249473   18.37830625977087
17218.01757811973   19.75250312284548
17224.12109374472   11.29013612791561
17230.22460936972   16.59915305122847
17236.32812499472   20.60964925075638
17242.43164061972   23.64699604275816
17248.53515624472   24.16945760209762
17254.63867186972   21.17827972972072
17260.74218749471   9.371963843935987
17266.84570311971   9.478274145450854
17272.94921874471   18.7425800951294
17279.05273436971   17.93260924048974
17285.15624999471   15.64989658939983
17291.25976561971   22.03515375379374
17297.3632812447   24.31287056054003
17303.4667968697   23.11277438063248
17309.5703124947   15.09117721065829
17315.6738281197   19.69928527767606
17321.7773437447   18.90839640297597
17327.8808593697   19.17898133523252
17333.98437499469   20.99755506620068
17340.08789061969   16.55967044028873
17346.19140624469   13.05375338034795
17352.29492186969   14.25893306086448
17358.39843749468   18.49700700832426
17364.50195311968   14.32102671843505
17370.60546874468   12.46012448908423
17376.70898436968   13.0291140422345
17382.81249999468   16.3389183579615
17388.91601561967   13.86181512612417
17395.01953124467   16.62362686637243
17401.12304686967   19.9012512964104
17407.22656249467   23.35843128705326
17413.33007811967   19.48537156841756
17419.43359374467   16.73541782405385
17425.53710936966   19.45281872384917
17431.64062499466   23.48182079846265
17437.74414061966   23.96944966167147
17443.84765624466   19.30344463806802
17449.95117186966   6.310138193656146
17456.05468749466   14.99694164681419
17462.15820311965   15.42142340813534
17468.26171874465   11.83384850130758
17474.36523436965   12.53139669483584
17480.46874999465   12.37013231046814
17486.57226561964   7.687408645540257
17492.67578124464   16.2353518510232
17498.77929686964   21.50760270645405
17504.88281249464   10.91405196703464
17510.98632811964   20.62158340213605
17517.08984374464   16.84923408014824
17523.19335936963   13.93528262455858
17529.29687499463   17.33695862633977
17535.40039061963   24.52714661368628
17541.50390624463   22.85333265583404
17547.60742186963   15.19618530528578
17553.71093749463   9.869208177744053
17559.81445311962   13.03804804140794
17565.91796874462   13.36089233911763
17572.02148436962   16.0707461184281
17578.12499999462   21.47910146871583
17584.22851561962   18.52598793670954
17590.33203124461   15.03556132009949
17596.43554686961   15.60659970800373
17602.53906249461   19.49269082126818
17608.64257811961   11.64223840659671
17614.7460937446   16.99472394108379
17620.8496093696   19.49605111688031
17626.9531249946   17.94495500331706
17633.0566406196   17.92934129929987
17639.1601562446   18.97704605196478
17645.2636718696   18.92207043719247
17651.36718749459   18.47099420196498
17657.47070311959   19.45037396782718
17663.57421874459   11.02572888370305
17669.67773436959   12.01069307766014
17675.78124999459   8.649739107232232
17681.88476561959   15.29896486214775
17687.98828124458   17.43881196653686
17694.09179686958   13.76384686389376
17700.19531249458   11.58875080338719
17706.29882811958   21.06271901587176
17712.40234374458   19.57139286851007
17718.50585936958   15.31029680088064
17724.60937499457   16.81567108020147
17730.71289061957   17.21961280425771
17736.81640624457   15.68501611014689
17742.91992186957   21.35730621613275
17749.02343749456   15.87043804063203
17755.12695311956   10.76631772079505
17761.23046874456   3.22114038825257
17767.33398436956   11.14107118018661
17773.43749999456   15.46330169145469
17779.54101561956   19.62175217357314
17785.64453124455   21.49812383212498
17791.74804686955   18.2420380916342
17797.85156249455   17.01574372709223
17803.95507811955   6.367559326238926
17810.05859374455   20.68290057414693
17816.16210936954   13.23511773202121
17822.26562499454   12.09443949230214
17828.36914061954   15.2433887770435
17834.47265624454   20.89202452592532
17840.57617186954   15.26283390440318
17846.67968749454   15.50228714797148
17852.78320311953   15.49620561154064
17858.88671874453   14.9426423762668
17864.99023436953   16.37457211396582
17871.09374999453   17.97788008790915
17877.19726561952   21.62705944214885
17883.30078124452   22.35036635508575
17889.40429686952   16.22171917642653
17895.50781249452   6.570966026697604
17901.61132811952   4.411823963234985
17907.71484374452   13.43055170513808
17913.81835936951   15.2621868753733
17919.92187499451   17.18592656200789
17926.02539061951   19.59954605756038
17932.12890624451   18.48051256280662
17938.23242186951   7.834232503273548
17944.33593749451   16.64457842482885
17950.4394531195   14.27488740588503
17956.5429687445   13.90431290298528
17962.6464843695   16.79982414758583
17968.7499999945   17.75434688237837
17974.8535156195   14.59354237143767
17980.9570312445   14.59215093320595
17987.06054686949   15.54134647774003
17993.16406249449   10.67738514458192
17999.26757811949   -6.028171872892198
18005.37109374449   16.5784591693301
18011.47460936948   24.35807564758892
18017.57812499448   23.81428003205924
18023.68164061948   13.70589267736601
18029.78515624448   16.31872156456631
18035.88867186948   17.49940604486456
18041.99218749447   14.01749050918836
18048.09570311947   19.89870669270681
18054.19921874447   22.09377045718126
18060.30273436947   18.68592670366567
18066.40624999447   7.499569375203631
18072.50976561947   13.15479523638829
18078.61328124446   10.41183694392404
18084.71679686946   15.71417880378722
18090.82031249446   21.96807047146284
18096.92382811946   21.64143549386129
18103.02734374446   17.63236052592637
18109.13085936946   13.19357543700163
18115.23437499445   15.22270107185576
18121.33789061945   18.88188513515857
18127.44140624445   20.88439364390572
18133.54492186945   13.96514993839287
18139.64843749444   12.70568714133057
18145.75195311944   12.42993383767475
18151.85546874444   14.62785090926239
18157.95898436944   19.13836033862293
18164.06249999444   21.5009961866988
18170.16601561944   19.72300572673045
18176.26953124443   13.04681570415343
18182.37304686943   14.67624135688788
18188.47656249443   20.34454515121504
18194.58007811943   18.46209677081968
18200.68359374443   10.19111856379409
18206.78710936943   21.09385515267448
18212.89062499442   20.54393967468311
18218.99414061942   11.75175269526933
18225.09765624442   14.85875409564174
18231.20117186942   20.74716370531218
18237.30468749442   21.55541697030333
18243.40820311941   15.84846646781845
18249.51171874441   2.120237164151008
18255.61523436941   8.674887454235735
18261.71874999441   15.04102149008332
18267.8222656194   19.76323029122956
18273.9257812444   19.91692475426296
18280.0292968694   17.25561111146467
18286.1328124944   15.32106267185146
18292.2363281194   21.58294317928672
18298.3398437444   20.43980482548105
18304.44335936939   15.61158746356843
18310.54687499439   19.64063405814127
18316.65039061939   18.9380769970925
18322.75390624439   10.86267438191939
18328.85742186939   15.84806444081378
18334.96093749439   11.01389258340721
18341.06445311938   -13.86943687463837
18347.16796874438   12.72389194001183
18353.27148436938   9.675233232875101
18359.37499999438   17.49620186871167
18365.47851561938   14.32628901417962
18371.58203124438   18.89659082039761
18377.68554686937   9.504064105471123
18383.78906249437   17.45212796334106
18389.89257811937   21.96958330106256
18395.99609374437   20.20774103396368
18402.09960936936   13.27198849878651
18408.20312499436   22.94845165406322
18414.30664061936   24.52565995640179
18420.41015624436   17.71394619076485
18426.51367186936   17.84473180109281
18432.61718749436   20.60800630592957
18438.72070311935   19.31166785366644
18444.82421874435   12.5246901591889
18450.92773436935   20.50925567695792
18457.03124999435   21.47072052383176
18463.13476561935   21.25631404180343
18469.23828124434   22.93049208839866
18475.34179686934   20.59904812726138
18481.44531249434   22.2838152238414
18487.54882811934   23.24468380278473
18493.65234374434   14.95147673444653
18499.75585936934   10.35698815437727
18505.85937499433   10.1431939916863
18511.96289061933   5.115692431093625
18518.06640624433   5.253836212172894
18524.16992186933   20.00958840133933
18530.27343749432   22.09095981358325
18536.37695311932   15.55961011643473
18542.48046874432   23.04055550012029
18548.58398436932   19.40763283401839
18554.68749999432   17.8609530810568
18560.79101561932   21.9875585489659
18566.89453124431   22.92220554351241
18572.99804686931   17.99715598716405
18579.10156249431   13.8701614981391
18585.20507811931   21.28904375435214
18591.30859374431   18.970814052843
18597.41210936931   17.78978713254362
18603.5156249943   13.41973481146087
18609.6191406193   6.155247629030379
18615.7226562443   16.41651095513222
18621.8261718693   15.15746949345358
18627.9296874943   7.762243706451395
18634.0332031193   17.96899589305879
18640.13671874429   15.87750324224112
18646.24023436929   9.491709137550314
18652.34374999429   19.84295065640143
18658.44726561929   19.43952766276594
18664.55078124428   16.35903428835188
18670.65429686928   18.85769010925025
18676.75781249428   16.56095871849963
18682.86132811928   19.92559234264325
18688.96484374428   23.45313271692081
18695.06835936927   21.48110282843385
18701.17187499427   19.76940387851726
18707.27539061927   22.5840937108882
18713.37890624427   20.63175740181976
18719.48242186927   10.81836600506579
18725.58593749427   11.0428173202638
18731.68945311926   17.46029629805741
18737.79296874426   18.92935458641955
18743.89648436926   12.006051346768
18749.99999999426   1.720522168439274
18756.10351561926   17.32227613732029
18762.20703124426   21.2823130834229
18768.31054686925   22.29000697612899
18774.41406249425   16.91628566745295
18780.51757811925   11.85779000380632
18786.62109374425   15.26321088977564
18792.72460936924   12.61218911122554
18798.82812499424   19.92955597508421
18804.93164061924   21.69409089640407
18811.03515624424   17.95468786895008
18817.13867186924   17.5904928817453
18823.24218749424   16.82125597032646
18829.34570311923   21.01162692258202
18835.44921874423   19.55688775354566
18841.55273436923   20.92372845828095
18847.65624999423   22.14802563776445
18853.75976561923   17.51772567723539
18859.86328124423   15.28315435507983
18865.96679686922   12.36756674840004
18872.07031249422   7.71645403566008
18878.17382811922   13.70142835148203
18884.27734374422   19.12720871335595
18890.38085936922   18.31772572997065
18896.48437499422   -5.066184611803289
18902.58789061921   18.19128673757855
18908.69140624421   17.50652428588442
18914.79492186921   18.6118346714154
18920.8984374942   20.45811858652696
18927.0019531192   14.21976981153281
18933.1054687442   15.97262787946204
18939.2089843692   21.56172367365738
18945.3124999942   18.90609876114147
18951.4160156192   16.10666718948977
18957.51953124419   20.15647967345716
18963.62304686919   6.225513335257471
18969.72656249419   17.79863206216035
18975.83007811919   18.62749434640371
18981.93359374419   15.19990629015594
18988.03710936919   13.24810149323718
18994.14062499418   10.51638244601221
19000.24414061918   14.85552595447717
19006.34765624418   20.63953210180001
19012.45117186918   19.73605542242189
19018.55468749418   14.69178305442425
19024.65820311918   3.407325894972409
19030.76171874417   19.01777132104216
19036.86523436917   18.0889862821511
19042.96874999417   6.851110576833605
19049.07226561917   16.6887847293075
19055.17578124416   16.18102000210968
19061.27929686916   19.90798318171924
19067.38281249416   17.01655109487373
19073.48632811916   14.30183381430802
19079.58984374416   11.46943439761541
19085.69335936916   11.8835759207601
19091.79687499415   17.99274687213862
19097.90039061915   15.21315591268598
19104.00390624415   8.774672162333385
19110.10742186915   14.0259690380883
19116.21093749415   18.70638297696392
19122.31445311915   21.05484352544286
19128.41796874414   17.60978141460344
19134.52148436914   10.71231577618567
19140.62499999414   16.11691904262577
19146.72851561914   20.23513936538507
19152.83203124414   16.85316580267191
19158.93554686913   12.84030105449259
19165.03906249413   8.868747918190664
19171.14257811913   18.23216652016443
19177.24609374413   17.88020981593345
19183.34960936912   19.75024824310782
19189.45312499412   22.17229405393319
19195.55664061912   22.15746707324801
19201.66015624412   16.57908720352952
19207.76367186912   11.87098975970148
19213.86718749412   15.48685841403042
19219.97070311911   11.46830756530333
19226.07421874411   13.25180431373215
19232.17773436911   14.9132639510005
19238.28124999411   15.08874226848183
19244.38476561911   15.98473467133916
19250.48828124411   19.01032132336046
19256.5917968691   21.1260649543778
19262.6953124941   21.60338654582004
19268.7988281191   20.38151391832201
19274.9023437441   17.56363704641552
19281.0058593691   17.26868809040638
19287.1093749941   12.11512235159431
19293.21289061909   9.75158330674509
19299.31640624409   16.84655146344607
19305.41992186909   22.12003447118899
19311.52343749409   21.01644872673261
19317.62695311908   13.27732510178526
19323.73046874408   8.382672912648395
19329.83398436908   15.32997022858321
19335.93749999408   2.073301282418098
19342.04101561908   17.33298322136735
19348.14453124408   13.12734168438191
19354.24804686907   14.46774622765995
19360.35156249407   17.39942073951517
19366.45507811907   20.91184794945942
19372.55859374407   19.6855758062391
19378.66210936907   17.74724300858525
19384.76562499406   16.13878171281995
19390.86914061906   16.52642250046934
19396.97265624406   1.590876924723892
19403.07617186906   16.20120956511935
19409.17968749406   21.07858344204956
19415.28320311906   17.99653786081693
19421.38671874405   14.29169928082203
19427.49023436905   18.21259342274664
19433.59374999405   18.31929617953758
19439.69726561905   16.11285836432963
19445.80078124404   21.43665783166255
19451.90429686904   20.98330988596713
19458.00781249404   15.80385344424674
19464.11132811904   19.32766481994273
19470.21484374404   11.45621718239054
19476.31835936904   9.700045403665106
19482.42187499403   13.72175603738225
19488.52539061903   15.0758621075647
19494.62890624403   16.7901209930865
19500.73242186903   13.27330112744276
19506.83593749403   8.610344158821949
19512.93945311903   15.29490366386325
19519.04296874402   15.20143730711101
19525.14648436902   19.20698226826828
19531.24999999402   10.26499408113154
19537.35351561902   18.91497475528433
19543.45703124402   16.4272018157864
19549.56054686902   13.42086944410121
19555.66406249401   10.217439413025
19561.76757811901   15.63808497772209
19567.87109374401   15.94932499085766
19573.97460936901   21.25471047278274
19580.078124994   19.32029909259195
19586.181640619   14.28239328733983
19592.285156244   18.55041862326248
19598.388671869   10.89609559331647
19604.492187494   7.137218933532513
19610.59570311899   13.99861267720482
19616.69921874399   19.63331121435621
19622.80273436899   17.08089737330008
19628.90624999399   6.176917193744265
19635.00976561899   11.10457460104369
19641.11328124399   14.47137542443952
19647.21679686898   20.56528569817905
19653.32031249398   20.75924253304617
19659.42382811898   22.08781104248262
19665.52734374398   10.70031410202365
19671.63085936898   14.21573383979892
19677.73437499398   20.88899947913244
19683.83789061897   23.78929826508733
19689.94140624397   22.39238852190455
19696.04492186897   19.0758581646259
19702.14843749397   16.91834574305531
19708.25195311896   19.35735272575354
19714.35546874396   18.83324432532895
19720.45898436896   16.58468048806583
19726.56249999396   11.68877934322659
19732.66601561896   10.84790583850605
19738.76953124396   12.87433841635083
19744.87304686895   18.9443843596431
19750.97656249395   14.40116986382997
19757.08007811895   14.53749394584803
19763.18359374395   16.77758756483432
19769.28710936895   14.11663313067909
19775.39062499395   21.97435463002787
19781.49414061894   19.53717961223321
19787.59765624394   16.74235328800709
19793.70117186894   15.27858726704964
19799.80468749394   8.501494415842805
19805.90820311894   11.7690294566904
19812.01171874393   14.47187394590827
19818.11523436893   5.733296401952954
19824.21874999393   8.105089438357588
19830.32226561893   13.52884080816899
19836.42578124392   18.14546277261741
19842.52929686892   17.23085281764924
19848.63281249392   17.96763710895542
19854.73632811892   15.64311794844061
19860.83984374392   13.7579800955853
19866.94335936892   13.58476356930588
19873.04687499391   14.54527940351031
19879.15039061891   17.86098760533298
19885.25390624391   15.89721143563219
19891.35742186891   20.45580622340166
19897.46093749391   21.07409007522467
19903.56445311891   19.12867275125627
19909.6679687439   15.46877011147055
19915.7714843689   10.26898293601267
19921.8749999939   18.36352026890734
19927.9785156189   17.8820462631792
19934.0820312439   21.722073642687
19940.1855468689   18.75794952256772
19946.28906249389   8.427790249979672
19952.39257811889   15.00087793210499
19958.49609374389   22.27068062054539
19964.59960936889   21.60837811998913
19970.70312499388   16.86276833057114
19976.80664061888   16.89275152948187
19982.91015624388   20.60460014552449
19989.01367186888   22.76881735475668
19995.11718749388   20.46552616665279
20001.22070311888   15.74873370120002
20007.32421874387   3.509200328977834
20013.42773436887   -15.62389237436825
20019.53124999387   -24.48800547375103
20025.63476561887   -30.73494625516663
20031.73828124387   -35.62167347668962
20037.84179686886   -39.65217331994999
20043.94531249386   -43.08809112410969
20050.04882811886   -46.08547342417608
20056.15234374386   -48.74541679165698
20062.25585936886   -51.13783182263553
20068.35937499386   -53.31265506878861
20074.46289061885   -55.3076671672833
20080.56640624385   -57.1510034503989
20086.66992186885   -58.86491972835139
20092.77343749385   -60.46780223997626
20098.87695311884   -61.97317911673187
20104.98046874384   -63.39337075555584
20111.08398436884   -64.73822886880401
20117.18749999384   -66.01492361383562
20123.29101561884   -67.2315030137934
20129.39453124384   -68.39404896048039
20135.49804686883   -69.50515617661593
20141.60156249383   -70.5734524040556
20147.70507811883   -71.59848307851685
20153.80859374383   -72.58666197397743
20159.91210936883   -73.53916568922295
20166.01562499383   -74.4603742070383
20172.11914061882   -75.34837881937362
20178.22265624382   -76.21203043174285
20184.32617186882   -77.04933098777597
20190.42968749382   -77.85749946400375
20196.53320311882   -78.64891199930165
20202.63671874382   -79.41429380386376
20208.74023436881   -80.16142989328605
20214.84374999381   -80.88847890108651
20220.94726561881   -81.59787562977172
20227.05078124381   -82.28796097111315
20233.1542968688   -82.96785891061876
20239.2578124938   -83.62540860514559
20245.3613281188   -84.26792545953354
20251.4648437438   -84.90571234674013
20257.5683593688   -85.5160397793484
20263.67187499379   -86.1245998490982
20269.77539061879   -86.71680280427522
20275.87890624379   -87.2957424766487
20281.98242186879   -87.86830534530075
20288.08593749379   -88.42270364183315
20294.18945311879   -88.97561103817885
20300.29296874378   -89.50965931888602
20306.39648436878   -90.03849665134192
20312.49999999378   -90.5589070042474
20318.60351561878   -91.06254897145052
20324.70703124378   -91.57188939889936
20330.81054686878   -92.05144716418769
20336.91406249377   -92.55647280410464
20343.01757811877   -93.01412226608078
20349.12109374377   -93.49369991135345
20355.22460936877   -93.94930090995517
20361.32812499376   -94.39208539091167
20367.43164061876   -94.87355862107262
20373.53515624376   -95.28193768830327
20379.63867186876   -95.71477495456688
20385.74218749376   -96.15633698027763
20391.84570311876   -96.56741968377189
20397.94921874375   -96.98866053264808
20404.05273436875   -97.39359544850748
20410.15624999375   -97.79223804000353
20416.25976561875   -98.19172695794458
20422.36328124375   -98.59177612039454
20428.46679686875   -98.95144536475884
20434.57031249374   -99.36871703241661
20440.67382811874   -99.70560580144814
20446.77734374374   -100.1034535164929
20452.88085936874   -100.4444918566232
20458.98437499374   -100.8338311214568
20465.08789061874   -101.1793453140286
20471.19140624373   -101.4884527546212
20477.29492186873   -101.8935199176657
20483.39843749373   -102.1782775672451
20489.50195311872   -102.5717551000963
20495.60546874372   -102.8683151068302
20501.70898436872   -103.2068181870729
20507.81249999372   -103.5315058947542
20513.91601561872   -103.8361808872531
20520.01953124372   -104.1571207054469
20526.12304686871   -104.4622167669355
20532.22656249371   -104.8143366575065
20538.33007811871   -105.0596074675923
20544.43359374371   -105.3751470736096
20550.53710936871   -105.6897692623291
20556.64062499371   -105.9579226584437
20562.7441406187   -106.2656820072567
20568.8476562437   -106.5137772182815
20574.9511718687   -106.8577488939379
20581.0546874937   -107.0992835003067
20587.1582031187   -107.3347371253217
20593.2617187437   -107.6912006622287
20599.36523436869   -107.8677220648325
20605.46874999369   -108.203595504228
20611.57226561869   -108.4062275201965
20617.67578124369   -108.6974075344201
20623.77929686868   -108.9500001488199
20629.88281249368   -109.2165211795524
20635.98632811868   -109.3971843954872
20642.08984374368   -109.775467748743
20648.19335936868   -109.8872475364754
20654.29687499368   -110.1337690213874
20660.40039061867   -110.4497399480728
20666.50390624367   -110.6128845044918
20672.60742186867   -110.8992157101638
20678.71093749367   -111.1175939699483
20684.81445311867   -111.3177967622019
20690.91796874366   -111.4875140065289
20697.02148436866   -111.7806951216368
20703.12499999366   -112.0324014411921
20709.22851561866   -112.1667127533904
20715.33203124366   -112.453523486849
20721.43554686866   -112.5401837543576
20727.53906249365   -112.8478548703912
20733.64257811865   -113.0795981946799
20739.74609374365   -113.1992363282259
20745.84960936865   -113.4482995424734
20751.95312499364   -113.5603229501453
20758.05664061864   -113.9247404150055
20764.16015624364   -113.9730234741044
20770.26367186864   -114.1436873948671
20776.36718749364   -114.5018005994287
20782.47070311864   -114.5244085483026
20788.57421874363   -114.7203421507453
20794.67773436863   -115.0195279437297
20800.78124999363   -115.1841487287032
20806.88476561863   -115.176988926589
20812.98828124363   -115.5799113224414
20819.09179686863   -115.6853052238049
20825.19531249362   -115.7196464737696
20831.29882811862   -116.0898707344334
20837.40234374362   -116.1094101153374
20843.50585936862   -116.2905520424181
20849.60937499362   -116.6082810601298
20855.71289061862   -116.6187774159864
20861.81640624361   -116.8162643021189
20867.91992186861   -117.0122680398395
20874.02343749361   -117.0699184861363
20880.12695311861   -117.3371598204148
20886.2304687436   -117.468029547599
20892.3339843686   -117.5781883093676
20898.4374999936   -117.7916379185208
20904.5410156186   -117.8073994856174
20910.6445312436   -118.1916139063301
20916.74804686859   -118.1895874064487
20922.85156249359   -118.3007954891715
20928.95507811859   -118.478653833802
20935.05859374359   -118.5410023475721
20941.16210936859   -118.8999763586482
20947.26562499359   -118.9056221923629
20953.36914061858   -118.9704899997515
20959.47265624358   -119.2076345857465
20965.57617186858   -119.325745693993
20971.67968749358   -119.4757839900447
20977.78320311858   -119.6835105716971
20983.88671874358   -119.5613958375731
20989.99023436857   -119.9317133910377
20996.09374999357   -119.8308347405395
21002.19726561857   -120.3603767657348
21008.30078124357   -120.0733112301571
21014.40429686856   -120.4337481974402
21020.50781249356   -120.3410091470489
21026.61132811856   -120.9267638141046
21032.71484374356   -120.3861693700443
21038.81835936856   -121.052195842481
21044.92187499356   -120.7483777773679
21051.02539061855   -121.3978277364506
21057.12890624355   -121.0319589351342
21063.23242186855   -121.4423540531347
21069.33593749355   -121.3128067675865
21075.43945311855   -121.6592350348895
21081.54296874355   -121.4216133288573
21087.64648436854   -122.0671260211637
21093.74999999354   -121.9245608033202
21099.85351561854   -121.8965693818868
21105.95703124354   -122.073224289299
21112.06054686854   -122.232705823215
21118.16406249354   -122.3902210056757
21124.26757811853   -122.5291257124483
21130.37109374353   -122.3826414287957
21136.47460936853   -122.5385014557006
21142.57812499352   -123.1961356195257
21148.68164061852   -122.5629060363289
21154.78515624352   -123.0683686448753
21160.88867186852   -123.0037878542814
21166.99218749352   -123.1253332448954
21173.09570311852   -123.5546749881009
21179.19921874351   -122.9378036676216
21185.30273436851   -123.8890635419586
21191.40624999351   -123.4462631724148
21197.50976561851   -123.5764257884541
21203.61328124351   -123.8628657180892
21209.71679686851   -123.8548767833265
21215.8203124935   -123.9916302732684
21221.9238281185   -124.0376106114197
21228.0273437435   -124.1278106589671
21234.1308593685   -124.2888778036227
21240.2343749935   -124.416309087123
21246.3378906185   -124.2584597994021
21252.44140624349   -124.892447922671
21258.54492186849   -124.3156174988886
21264.64843749349   -124.605271929503
21270.75195311849   -125.056023441291
21276.85546874348   -124.723475041754
21282.95898436848   -124.9360581332744
21289.06249999348   -125.2216017540441
21295.16601561848   -125.0809963091096
21301.26953124348   -125.4665944493266
21307.37304686848   -124.9375772475191
21313.47656249347   -125.4612421104761
21319.58007811847   -125.5234055491745
21325.68359374347   -125.9561144248028
21331.78710936847   -125.5520431165863
21337.89062499347   -125.5095783670211
21343.99414061847   -125.775577715423
21350.09765624346   -126.6520761595291
21356.20117186846   -125.012516364293
21362.30468749346   -127.3587791700867
21368.40820311846   -125.5524876929038
21374.51171874346   -126.0083707109036
21380.61523436845   -126.8320115853694
21386.71874999345   -126.1542562780753
21392.82226561845   -126.5689900019147
21398.92578124345   -126.7337948532565
21405.02929686844   -126.4489155628581
21411.13281249344   -126.8754488305421
21417.23632811844   -126.5520260234006
21423.33984374344   -127.4289824249381
21429.44335936844   -126.523862723857
21435.54687499344   -127.4445183869664
21441.65039061843   -126.8945389826422
21447.75390624343   -127.1078469579352
21453.85742186843   -127.0943079760676
21459.96093749343   -127.9980565671461
21466.06445311843   -127.2111683242477
21472.16796874343   -127.2321278390697
21478.27148436842   -127.7652708193704
21484.37499999342   -127.8087303153358
21490.47851561842   -127.4606457226659
21496.58203124342   -128.0745792742163
21502.68554686842   -127.5560687304548
21508.78906249342   -128.2117844827457
21514.89257811841   -128.1643064966119
21520.99609374341   -127.7395746744966
21527.09960936841   -128.171974200511
21533.20312499341   -128.383776010722
21539.3066406184   -128.2694633172975
21545.4101562434   -128.1251142525771
21551.5136718684   -128.7194539603853
21557.6171874934   -128.7205061996834
21563.7207031184   -128.3161126003803
21569.8242187434   -128.8311907230486
21575.92773436839   -128.4689368835141
21582.03124999339   -128.665502081831
21588.13476561839   -128.9704598371393
21594.23828124339   -129.6181007676228
21600.34179686839   -128.1353663257796
21606.44531249338   -129.588215276205
21612.54882811838   -128.887528624208
21618.65234374338   -128.9498185654021
21624.75585936838   -129.7131228232012
21630.85937499338   -129.1495184583915
21636.96289061838   -129.5034073724258
21643.06640624337   -129.5457764753867
21649.16992186837   -129.3527144192557
21655.27343749337   -129.253818796635
21661.37695311837   -130.5298819158612
21667.48046874336   -129.3618892716117
21673.58398436836   -129.4553106243378
21679.68749999336   -130.1604859629203
21685.79101561836   -129.7245357328374
21691.89453124336   -130.4432529596624
21697.99804686836   -129.6640842678915
21704.10156249335   -130.1749744004442
21710.20507811835   -130.3055427953184
21716.30859374335   -129.7283656531976
21722.41210936835   -130.8199520813592
21728.51562499335   -130.7313330508052
21734.61914061835   -129.362781949629
21740.72265624334   -131.3404105673227
21746.82617186834   -130.4953766784891
21752.92968749334   -130.4247867381772
21759.03320311834   -130.5229179965675
21765.13671874334   -130.7983303219678
21771.24023436834   -130.8834655832051
21777.34374999333   -130.7997563392188
21783.44726561833   -130.4675747966172
21789.55078124333   -131.5907909272465
21795.65429686833   -130.8023580374629
21801.75781249332   -130.6203697392064
21807.86132811832   -132.1074926876501
21813.96484374332   -130.597240580596
21820.06835936832   -131.4074962381434
21826.17187499332   -131.0081362994994
21832.27539061831   -132.0740515922785
21838.37890624331   -130.3734334317686
21844.48242186831   -132.4715268648685
21850.58593749331   -131.4188007943209
21856.68945311831   -131.4310235462572
21862.79296874331   -131.4967541063689
21868.8964843683   -132.633310034246
21874.9999999933   -130.2158969960279
21881.1035156183   -133.3528454883765
21887.2070312433   -131.4858800314327
21893.3105468683   -131.7445407336258
21899.4140624933   -132.2762377112969
21905.51757811829   -131.5748525920516
21911.62109374329   -133.076916689883
21917.72460936829   -131.5692100968976
21923.82812499329   -131.667065650235
21929.93164061828   -133.4735416884648
21936.03515624328   -131.4079791889096
21942.13867186828   -132.847012330503
21948.24218749328   -132.2081834253677
21954.34570311828   -132.5313704313376
21960.44921874328   -132.1488036178131
21966.55273436827   -133.6295737926476
21972.65624999327   -131.7449615406059
21978.75976561827   -133.1124697614413
21984.86328124327   -132.000438453181
21990.96679686827   -133.44414819921
21997.07031249327   -133.3004190650251
22003.17382811826   -132.7527836348973
22009.27734374326   -132.8137055980194
22015.38085936826   -132.6449572047463
22021.48437499326   -133.0567134555099
22027.58789061826   -133.5677236734155
22033.69140624325   -133.0139305276235
22039.79492186825   -132.7353289984718
22045.89843749325   -133.8725440356648
22052.00195311825   -132.9179542155512
22058.10546874324   -132.7999872109889
22064.20898436824   -134.1942116012577
22070.31249999324   -132.3809001344737
22076.41601561824   -134.7162733009791
22082.51953124324   -132.7192080482411
22088.62304686824   -134.0277811216742
22094.72656249323   -133.3991936407933
22100.83007811823   -134.3870066022688
22106.93359374323   -133.2737297823347
22113.03710936823   -133.4977885793147
22119.14062499323   -134.8039733174249
22125.24414061823   -133.2030592101834
22131.34765624322   -134.170212435556
22137.45117186822   -134.8376194306373
22143.55468749322   -132.1440688351449
22149.65820311822   -136.1232067312139
22155.76171874322   -134.6104676449318
22161.86523436822   -133.3471818072736
22167.96874999321   -134.1367911445033
22174.07226561821   -134.6124606427369
22180.17578124321   -134.1616731614985
22186.27929686821   -134.0754972352327
22192.3828124932   -134.87962317583
22198.4863281182   -135.1891557625804
22204.5898437432   -133.1020080465725
22210.6933593682   -135.6344513099066
22216.7968749932   -134.8466559396606
22222.9003906182   -134.1017038480889
22229.00390624319   -134.9920606962351
22235.10742186819   -135.0943648854404
22241.21093749319   -134.2799868650977
22247.31445311819   -135.4139976199235
22253.41796874319   -134.657187456458
22259.52148436818   -134.4934821646425
22265.62499999318   -135.4702897551104
22271.72851561818   -135.0459121697361
22277.83203124318   -134.8636280143663
22283.93554686818   -135.7590931624346
22290.03906249318   -134.6705393755764
22296.14257811817   -134.863261109533
22302.24609374317   -135.8226984600552
22308.34960936817   -134.741035124467
22314.45312499317   -135.985417662378
22320.55664061816   -135.1449605609141
22326.66015624316   -134.6750039469749
22332.76367186816   -136.3901047665723
22338.86718749316   -135.9611706616869
22344.97070311816   -134.5481641619381
22351.07421874316   -137.2375459912229
22357.17773436815   -134.3725342253282
22363.28124999315   -136.5398173889156
22369.38476561815   -135.6351953273549
22375.48828124315   -135.7796476981777
22381.59179686815   -135.7102130414426
22387.69531249315   -136.0110483576103
22393.79882811814   -135.4452374736755
22399.90234374314   -137.2748582642249
22406.00585936814   -135.5628684968242
22412.10937499314   -136.2394337362012
22418.21289061814   -135.0170310819996
22424.31640624314   -138.0937680659585
22430.41992186813   -134.8274009683466
22436.52343749313   -137.288540674443
22442.62695311813   -135.5975402205067
22448.73046874313   -137.204702105145
22454.83398436812   -135.8814048423526
22460.93749999312   -136.2545661702397
22467.04101561812   -136.9397009352983
22473.14453124312   -135.4100043504574
22479.24804686812   -138.5528405128392
22485.35156249311   -135.9727789652486
22491.45507811811   -137.1022964059449
22497.55859374311   -135.8977517767901
22503.66210936811   -136.1961419278057
22509.76562499311   -138.026313755027
22515.86914061811   -136.5778415238478
22521.9726562431   -135.4509864246075
22528.0761718681   -138.3162442302524
22534.1796874931   -136.6012438636493
22540.2832031181   -137.6810431985461
22546.3867187431   -136.1800042990957
22552.4902343681   -136.5826554610734
22558.59374999309   -138.3683235849017
22564.69726561809   -137.1308321109851
22570.80078124309   -135.8974498819396
22576.90429686809   -139.2431912664353
22583.00781249308   -135.2170593632079
22589.11132811808   -140.5077372702746
22595.21484374308   -135.4736861815573
22601.31835936808   -136.3421505325968
22607.42187499308   -139.0688520572326
22613.52539061808   -137.9617539648023
22619.62890624307   -135.4856223124428
22625.73242186807   -138.5707187318079
22631.83593749307   -137.5129272051392
22637.93945311807   -137.9085656980873
22644.04296874307   -136.2526006424058
22650.14648436807   -138.4449187546863
22656.24999999306   -138.3533676997146
22662.35351561806   -137.0867975349831
22668.45703124306   -137.9772824952036
22674.56054686806   -138.7804182665509
22680.66406249306   -136.5418319797041
22686.76757811806   -138.5373094017887
22692.87109374305   -137.4571868851604
22698.97460936805   -138.5241980586677
22705.07812499305   -138.1281930926883
22711.18164061804   -137.5429510142775
22717.28515624304   -139.400735988494
22723.38867186804   -136.1367593424305
22729.49218749304   -139.8819674779248
22735.59570311804   -139.148660690406
22741.69921874304   -136.3244433416109
22747.80273436803   -139.3103251578383
22753.90624999303   -139.2767608483689
22760.00976561803   -136.8838364316479
22766.11328124303   -138.7739453709008
22772.21679686803   -139.4549066533082
22778.32031249303   -138.1765947677535
22784.42382811802   -137.7004296823703
22790.52734374302   -139.4524886419284
22796.63085936802   -138.0596529856604
22802.73437499302   -138.4122335864726
22808.83789061802   -139.1056053841198
22814.94140624302   -139.3907728462177
22821.04492186801   -137.4786722607499
22827.14843749301   -140.8671982651841
22833.25195311801   -136.9881571479611
22839.35546874301   -139.0129531639352
22845.458984368   -140.2130174197075
22851.562499993   -139.7401452516583
22857.666015618   -137.603970504577
22863.769531243   -138.9130303753228
22869.873046868   -139.6919912927407
22875.976562493   -138.0630291399396
22882.08007811799   -140.5554105418842
22888.18359374299   -138.9418176322977
22894.28710936799   -138.441997466429
22900.39062499299   -139.2173463735551
22906.49414061799   -139.1419685231187
22912.59765624299   -138.549170810792
22918.70117186798   -139.5867342140576
22924.80468749298   -139.2460211686347
22930.90820311798   -139.6555663872084
22937.01171874298   -138.2156623234457
22943.11523436798   -139.7177968613585
22949.21874999297   -139.5640614083626
22955.32226561797   -139.8720182859956
22961.42578124297   -139.4424726504779
22967.52929686797   -140.0274173627064
22973.63281249296   -139.1346735504239
22979.73632811796   -139.6103400250139
22985.83984374296   -140.3432582356823
22991.94335936796   -140.2431963687688
22998.04687499296   -139.3807105190942
23004.15039061796   -138.8489027554153
23010.25390624295   -139.7146076467526
23016.35742186795   -142.0333744402751
23022.46093749295   -138.5296171049595
23028.56445311795   -138.0422764178307
23034.66796874295   -142.9087754871587
23040.77148436795   -140.6877101330211
23046.87499999294   -137.3878458231977
23052.97851561794   -140.0072278587611
23059.08203124294   -143.1538410089852
23065.18554686794   -137.1986477192112
23071.28906249294   -144.3796829700773
23077.39257811794   -136.9179767410897
23083.49609374293   -142.107266049392
23089.59960936793   -141.2999920240477
23095.70312499293   -139.4491843604315
23101.80664061793   -139.2135107058925
23107.91015624292   -139.3474988429161
23114.01367186792   -143.8836063630766
23120.11718749292   -139.4876809692367
23126.22070311792   -140.3997777180006
23132.32421874292   -139.0626769106406
23138.42773436791   -141.4111558707213
23144.53124999291   -139.0862147594453
23150.63476561791   -144.5878935538031
23156.73828124291   -138.3419634754291
23162.84179686791   -141.9676904012103
23168.94531249291   -138.3946038905372
23175.0488281179   -145.1922567563744
23181.1523437429   -137.4712976865899
23187.2558593679   -142.3007587150549
23193.3593749929   -140.5054482177298
23199.4628906179   -141.5141595159271
23205.5664062429   -142.6211317360439
23211.66992186789   -139.0906699069709
23217.77343749289   -142.7818957876626
23223.87695311789   -138.4022459569505
23229.98046874289   -144.8559439869508
23236.08398436788   -139.3818657544676
23242.18749999288   -142.3578106723719
23248.29101561788   -140.3276674226048
23254.39453124288   -141.6423764758686
23260.49804686788   -139.8587018506492
23266.60156249288   -141.4524706433166
23272.70507811787   -140.6457940183257
23278.80859374287   -140.588363010522
23284.91210936787   -141.5700749801491
23291.01562499287   -144.5872636355962
23297.11914061787   -139.7274378361653
23303.22265624287   -140.1659735570751
23309.32617186786   -143.3603312400356
23315.42968749286   -141.7845600404704
23321.53320311786   -140.4928173352523
23327.63671874286   -142.3018253747858
23333.74023436786   -140.6508173572486
23339.84374999286   -143.0884811418104
23345.94726561785   -138.8332062269685
23352.05078124285   -146.9794875533018
23358.15429686785   -139.2475335636739
23364.25781249284   -141.5064989051281
23370.36132811784   -141.1923947528686
23376.46484374284   -143.7751324047856
23382.56835936784   -139.6206735420777
23388.67187499284   -144.9252398308356
23394.77539061784   -141.4871489537582
23400.87890624283   -140.6766349550115
23406.98242186783   -143.3652442626872
23413.08593749283   -141.4567141154485
23419.18945311783   -140.9223250774138
23425.29296874283   -142.4235467531279
23431.39648436783   -141.8253737303401
23437.49999999282   -143.1232019012236
23443.60351561782   -140.722210328518
23449.70703124282   -142.1030755025574
23455.81054686782   -143.9593844688925
23461.91406249281   -140.5109195018549
23468.01757811781   -142.8766027235395
23474.12109374281   -141.2045293869553
23480.22460936781   -144.9863075919056
23486.32812499281   -141.3919677811785
23492.43164061781   -142.7823497834041
23498.5351562428   -143.7316422659847
23504.6386718678   -140.2549894239521
23510.7421874928   -143.0869916558683
23516.8457031178   -142.4828909694526
23522.9492187428   -144.4571128760301
23529.0527343678   -140.9610544236494
23535.15624999279   -143.5390990991327
23541.25976561779   -142.4112585551007
23547.36328124279   -141.0622825167532
23553.46679686779   -144.2500625713621
23559.57031249279   -141.9814841145581
23565.67382811779   -141.8118323840636
23571.77734374278   -146.6896001544588
23577.88085936778   -140.474206244742
23583.98437499278   -144.4999203710441
23590.08789061777   -143.3132043214134
23596.19140624277   -143.2617521392089
23602.29492186777   -140.3032803358996
23608.39843749277   -148.7097966762268
23614.50195311777   -142.8931650547957
23620.60546874277   -139.6337787301765
23626.70898436776   -147.9251095222693
23632.81249999276   -140.8177911136457
23638.91601561776   -146.7333247890352
23645.01953124276   -140.7198937973423
23651.12304686776   -145.093345795658
23657.22656249276   -144.1106481106763
23663.33007811775   -141.5985962127916
23669.43359374275   -144.0853625516452
23675.53710936775   -144.5151321399188
23681.64062499275   -141.311594288299
23687.74414061775   -146.1902348070533
23693.84765624275   -140.5181032359167
23699.95117186774   -150.8557179068443
23706.05468749274   -140.6159496540135
23712.15820311774   -143.7770714694212
23718.26171874274   -144.7212329812279
23724.36523436773   -141.9742501573475
23730.46874999273   -143.5523194041155
23736.57226561773   -144.372261034645
23742.67578124273   -142.1995979312522
23748.77929686773   -145.7549183698735
23754.88281249273   -141.5222964207806
23760.98632811772   -145.6603992054256
23767.08984374272   -143.9992053829596
23773.19335936772   -144.0893093023131
23779.29687499272   -143.6913475757746
23785.40039061772   -142.4709138599829
23791.50390624272   -144.2384748739743
23797.60742186771   -143.7579290719094
23803.71093749271   -148.9135433720832
23809.81445311771   -140.6936350103913
23815.91796874271   -145.5938384169736
23822.02148436771   -142.2117101852444
23828.1249999927   -146.9496445440604
23834.2285156177   -141.0831300111036
23840.3320312427   -150.3581196940593
23846.4355468677   -141.3778418162851
23852.53906249269   -146.5597576417046
23858.64257811769   -144.0245657383832
23864.74609374269   -142.9791667926889
23870.84960936769   -144.8177320273291
23876.95312499269   -141.9039010582045
23883.05664061769   -148.0866168361419
23889.16015624268   -146.0295435064455
23895.26367186768   -141.4490469549966
23901.36718749268   -143.6314520256018
23907.47070311768   -146.4737848286516
23913.57421874268   -145.7056569932101
23919.67773436768   -141.7313275264093
23925.78124999267   -143.905384347822
23931.88476561767   -142.4467150016714
23937.98828124267   -146.379240811627
23944.09179686767   -142.5195378275396
23950.19531249267   -143.8782798609176
23956.29882811767   -145.9597443572657
23962.40234374266   -144.9004553270215
23968.50585936766   -146.0980181771061
23974.60937499266   -142.5124166181988
23980.71289061766   -145.1017579140671
23986.81640624265   -143.6899637440096
23992.91992186765   -144.7437857878618
23999.02343749265   -145.5365730631658
24005.12695311765   -142.6029773277285
24011.23046874265   -148.7952044343418
24017.33398436765   -142.9111921798272
24023.43749999264   -144.5663603394961
24029.54101561764   -144.8593663264951
24035.64453124264   -141.9805963249641
24041.74804686764   -146.8204831213191
24047.85156249264   -142.9515712454371
24053.95507811763   -145.3569988087355
24060.05859374263   -145.2985632565677
24066.16210936763   -145.3958119663827
24072.26562499263   -143.6025375720033
24078.36914061763   -146.0446914844133
24084.47265624263   -145.9603149723129
24090.57617186762   -143.4902406502516
24096.67968749262   -144.3113356605733
24102.78320311762   -146.9646449675363
24108.88671874262   -145.040252001446
24114.99023436761   -144.1582613217716
24121.09374999261   -142.8716264337349
24127.19726561761   -146.7113020462222
24133.30078124261   -145.2759036468025
24139.40429686761   -143.8523581078832
24145.50781249261   -143.7733433177654
24151.6113281176   -150.7201847769036
24157.7148437426   -143.070263752375
24163.8183593676   -147.1434480514292
24169.9218749926   -144.0206297988834
24176.0253906176   -147.1152728365961
24182.1289062426   -141.7989508584134
24188.23242186759   -152.6469128711171
24194.33593749259   -144.153452922348
24200.43945311759   -144.9989661517872
24206.54296874259   -145.2842949087048
24212.64648436759   -145.7316063320019
24218.74999999259   -143.1057167212303
24224.85351561758   -144.4942989509029
24230.95703124258   -150.1825732092755
24237.06054686758   -141.2538680350314
24243.16406249258   -148.2230804675222
24249.26757811757   -142.0780776666105
24255.37109374257   -146.0569257808797
24261.47460936757   -142.816040193459
24267.57812499257   -147.9546459787527
24273.68164061757   -144.0817660957453
24279.78515624256   -144.4860512194116
24285.88867186756   -148.0968538418814
24291.99218749256   -145.7395925624654
24298.09570311756   -144.2170644950196
24304.19921874256   -145.6209607781662
24310.30273436756   -147.9048273502317
24316.40624999255   -141.6555891035133
24322.50976561755   -153.2240113004019
24328.61328124255   -141.7702576153723
24334.71679686755   -163.7944290909276
24340.82031249255   -141.1384772640739
24346.92382811755   -147.9644244117769
24353.02734374254   -146.8228789146561
24359.13085936754   -145.8846414910197
24365.23437499254   -145.7386576636756
24371.33789061754   -147.7337460565792
24377.44140624253   -143.8969330387868
24383.54492186753   -145.7943737572747
24389.64843749253   -146.0379092716648
24395.75195311753   -145.8144449016727
24401.85546874253   -146.7729351505128
24407.95898436753   -147.3428479116013
24414.06249999252   -142.3653154238826
24420.16601561752   -152.4513888099454
24426.26953124252   -143.8453802775549
24432.37304686752   -152.5906997068185
24438.47656249252   -141.6499532129457
24444.58007811752   -150.1341154712807
24450.68359374251   -146.7093768129595
24456.78710936751   -146.5195296313802
24462.89062499251   -146.4677380831354
24468.99414061751   -146.3407709324221
24475.09765624251   -146.4685481108638
24481.2011718675   -146.2109176912419
24487.3046874925   -146.3768625736163
24493.4082031175   -147.2175095092946
24499.5117187425   -144.7375768408226
24505.61523436749   -148.024976060655
24511.71874999249   -146.5961126608521
24517.82226561749   -144.089282358792
24523.92578124249   -145.9547352509572
24530.02929686749   -151.7923704224504
24536.13281249249   -145.0450456387686
24542.23632811748   -144.4436822360625
24548.33984374248   -149.0885923859643
24554.44335936748   -145.8626341761512
24560.54687499248   -146.3474833645221
24566.65039061748   -142.4571238530175
24572.75390624248   -150.9862499544423
24578.85742186747   -146.153290897162
24584.96093749247   -143.7351556300614
24591.06445311747   -149.8367846892299
24597.16796874247   -148.6109044466323
24603.27148436747   -142.5615690946055
24609.37499999247   -146.3036438297258
24615.47851561746   -148.4108684297916
24621.58203124246   -144.7091183495865
24627.68554686746   -149.4495021833949
24633.78906249246   -145.0233177705793
24639.89257811745   -147.017847929698
24645.99609374245   -144.3702468464989
24652.09960936745   -145.3291098167044
24658.20312499245   -149.2245852727376
24664.30664061745   -146.5554689987256
24670.41015624245   -145.6984172782685
24676.51367186744   -145.5284049715115
24682.61718749244   -145.4411721896261
24688.72070311744   -151.5874627123111
24694.82421874244   -145.4520835222912
24700.92773436744   -145.8673395736654
24707.03124999243   -148.2899484280041
24713.13476561743   -146.7246563754819
24719.23828124243   -147.3072422402723
24725.34179686743   -143.0679906097752
24731.44531249243   -146.6720338139714
24737.54882811743   -147.3715848010462
24743.65234374242   -144.7631344306169
24749.75585936742   -148.614582767205
24755.85937499242   -147.6491470275485
24761.96289061742   -145.3645351079474
24768.06640624241   -147.8167571067086
24774.16992186741   -145.2744067219341
24780.27343749241   -149.5837701608689
24786.37695311741   -143.0680705097638
24792.48046874241   -151.0410213492556
24798.58398436741   -150.0576958487609
24804.6874999924   -142.5200463928701
24810.7910156174   -154.901885373747
24816.8945312424   -144.4292034971349
24822.9980468674   -143.9011808260439
24829.1015624924   -147.6430497447018
24835.2050781174   -146.080742893711
24841.30859374239   -143.4958042225184
24847.41210936739   -150.8025910552381
24853.51562499239   -147.1089752749082
24859.61914061739   -145.0267220414858
24865.72265624239   -149.0015951562114
24871.82617186739   -149.5758570915778
24877.92968749238   -143.52054758828
24884.03320311738   -154.732132895124
24890.13671874238   -143.4713655693225
24896.24023436738   -148.1788623807813
24902.34374999237   -148.6222562377945
24908.44726561737   -147.8571805698013
24914.55078124237   -144.9608637756638
24920.65429686737   -145.4054452336248
24926.75781249237   -149.8409955964686
24932.86132811736   -144.4490102122741
24938.96484374236   -144.2648705240307
24945.06835936736   -153.2847129711591
24951.17187499236   -145.1075956809279
24957.27539061736   -145.8513303389299
24963.37890624236   -147.5924976343229
24969.48242186735   -149.408678205924
24975.58593749235   -145.731915145214
24981.68945311735   -148.7259673574394
24987.79296874235   -144.8098981159377
24993.89648436735   -147.7754926805095
24999.99999999235   -150.1117825660394
